# x_m,y_m,V_volts,Ex_V_per_m,Ey_V_per_m
-2.00000000e-01,-2.00000000e-01,-7.87781169e+03,nan,nan
-1.96000000e-01,-2.00000000e-01,-7.94755302e+03,nan,nan
-1.92000000e-01,-2.00000000e-01,-8.01406162e+03,nan,nan
-1.88000000e-01,-2.00000000e-01,-8.07698534e+03,nan,nan
-1.84000000e-01,-2.00000000e-01,-8.13595335e+03,nan,nan
-1.80000000e-01,-2.00000000e-01,-8.19057620e+03,nan,nan
-1.76000000e-01,-2.00000000e-01,-8.24044604e+03,nan,nan
-1.72000000e-01,-2.00000000e-01,-8.28513700e+03,nan,nan
-1.68000000e-01,-2.00000000e-01,-8.32420576e+03,nan,nan
-1.64000000e-01,-2.00000000e-01,-8.35719240e+03,nan,nan
-1.60000000e-01,-2.00000000e-01,-8.38362139e+03,nan,nan
-1.56000000e-01,-2.00000000e-01,-8.40300298e+03,nan,nan
-1.52000000e-01,-2.00000000e-01,-8.41483474e+03,nan,nan
-1.48000000e-01,-2.00000000e-01,-8.41860347e+03,nan,nan
-1.44000000e-01,-2.00000000e-01,-8.41378746e+03,nan,nan
-1.40000000e-01,-2.00000000e-01,-8.39985899e+03,nan,nan
-1.36000000e-01,-2.00000000e-01,-8.37628724e+03,nan,nan
-1.32000000e-01,-2.00000000e-01,-8.34254155e+03,nan,nan
-1.28000000e-01,-2.00000000e-01,-8.29809496e+03,nan,nan
-1.24000000e-01,-2.00000000e-01,-8.24242820e+03,nan,nan
-1.20000000e-01,-2.00000000e-01,-8.17503390e+03,nan,nan
-1.16000000e-01,-2.00000000e-01,-8.09542116e+03,nan,nan
-1.12000000e-01,-2.00000000e-01,-8.00312042e+03,nan,nan
-1.08000000e-01,-2.00000000e-01,-7.89768852e+03,nan,nan
-1.04000000e-01,-2.00000000e-01,-7.77871404e+03,nan,nan
-1.00000000e-01,-2.00000000e-01,-7.64582266e+03,nan,nan
-9.60000000e-02,-2.00000000e-01,-7.49868276e+03,nan,nan
-9.20000000e-02,-2.00000000e-01,-7.33701091e+03,nan,nan
-8.80000000e-02,-2.00000000e-01,-7.16057736e+03,nan,nan
-8.40000000e-02,-2.00000000e-01,-6.96921138e+03,nan,nan
-8.00000000e-02,-2.00000000e-01,-6.76280632e+03,nan,nan
-7.60000000e-02,-2.00000000e-01,-6.54132440e+03,nan,nan
-7.20000000e-02,-2.00000000e-01,-6.30480110e+03,nan,nan
-6.80000000e-02,-2.00000000e-01,-6.05334896e+03,nan,nan
-6.40000000e-02,-2.00000000e-01,-5.78716085e+03,nan,nan
-6.00000000e-02,-2.00000000e-01,-5.50651256e+03,nan,nan
-5.60000000e-02,-2.00000000e-01,-5.21176460e+03,nan,nan
-5.20000000e-02,-2.00000000e-01,-4.90336322e+03,nan,nan
-4.80000000e-02,-2.00000000e-01,-4.58184052e+03,nan,nan
-4.40000000e-02,-2.00000000e-01,-4.24781364e+03,nan,nan
-4.00000000e-02,-2.00000000e-01,-3.90198307e+03,nan,nan
-3.60000000e-02,-2.00000000e-01,-3.54512990e+03,nan,nan
-3.20000000e-02,-2.00000000e-01,-3.17811217e+03,nan,nan
-2.80000000e-02,-2.00000000e-01,-2.80186032e+03,nan,nan
-2.40000000e-02,-2.00000000e-01,-2.41737168e+03,nan,nan
-2.00000000e-02,-2.00000000e-01,-2.02570414e+03,nan,nan
-1.60000000e-02,-2.00000000e-01,-1.62796907e+03,nan,nan
-1.20000000e-02,-2.00000000e-01,-1.22532351e+03,nan,nan
-8.00000000e-03,-2.00000000e-01,-8.18961799e+02,nan,nan
-4.00000000e-03,-2.00000000e-01,-4.10106664e+02,nan,nan
0.00000000e+00,-2.00000000e-01,0.00000000e+00,nan,nan
4.00000000e-03,-2.00000000e-01,4.10106664e+02,nan,nan
8.00000000e-03,-2.00000000e-01,8.18961799e+02,nan,nan
1.20000000e-02,-2.00000000e-01,1.22532351e+03,nan,nan
1.60000000e-02,-2.00000000e-01,1.62796907e+03,nan,nan
2.00000000e-02,-2.00000000e-01,2.02570414e+03,nan,nan
2.40000000e-02,-2.00000000e-01,2.41737168e+03,nan,nan
2.80000000e-02,-2.00000000e-01,2.80186032e+03,nan,nan
3.20000000e-02,-2.00000000e-01,3.17811217e+03,nan,nan
3.60000000e-02,-2.00000000e-01,3.54512990e+03,nan,nan
4.00000000e-02,-2.00000000e-01,3.90198307e+03,nan,nan
4.40000000e-02,-2.00000000e-01,4.24781364e+03,nan,nan
4.80000000e-02,-2.00000000e-01,4.58184052e+03,nan,nan
5.20000000e-02,-2.00000000e-01,4.90336322e+03,nan,nan
5.60000000e-02,-2.00000000e-01,5.21176460e+03,nan,nan
6.00000000e-02,-2.00000000e-01,5.50651256e+03,nan,nan
6.40000000e-02,-2.00000000e-01,5.78716085e+03,nan,nan
6.80000000e-02,-2.00000000e-01,6.05334896e+03,nan,nan
7.20000000e-02,-2.00000000e-01,6.30480110e+03,nan,nan
7.60000000e-02,-2.00000000e-01,6.54132440e+03,nan,nan
8.00000000e-02,-2.00000000e-01,6.76280632e+03,nan,nan
8.40000000e-02,-2.00000000e-01,6.96921138e+03,nan,nan
8.80000000e-02,-2.00000000e-01,7.16057736e+03,nan,nan
9.20000000e-02,-2.00000000e-01,7.33701091e+03,nan,nan
9.60000000e-02,-2.00000000e-01,7.49868276e+03,nan,nan
1.00000000e-01,-2.00000000e-01,7.64582266e+03,nan,nan
1.04000000e-01,-2.00000000e-01,7.77871404e+03,nan,nan
1.08000000e-01,-2.00000000e-01,7.89768852e+03,nan,nan
1.12000000e-01,-2.00000000e-01,8.00312042e+03,nan,nan
1.16000000e-01,-2.00000000e-01,8.09542116e+03,nan,nan
1.20000000e-01,-2.00000000e-01,8.17503390e+03,nan,nan
1.24000000e-01,-2.00000000e-01,8.24242820e+03,nan,nan
1.28000000e-01,-2.00000000e-01,8.29809496e+03,nan,nan
1.32000000e-01,-2.00000000e-01,8.34254155e+03,nan,nan
1.36000000e-01,-2.00000000e-01,8.37628724e+03,nan,nan
1.40000000e-01,-2.00000000e-01,8.39985899e+03,nan,nan
1.44000000e-01,-2.00000000e-01,8.41378746e+03,nan,nan
1.48000000e-01,-2.00000000e-01,8.41860347e+03,nan,nan
1.52000000e-01,-2.00000000e-01,8.41483474e+03,nan,nan
1.56000000e-01,-2.00000000e-01,8.40300298e+03,nan,nan
1.60000000e-01,-2.00000000e-01,8.38362139e+03,nan,nan
1.64000000e-01,-2.00000000e-01,8.35719240e+03,nan,nan
1.68000000e-01,-2.00000000e-01,8.32420576e+03,nan,nan
1.72000000e-01,-2.00000000e-01,8.28513700e+03,nan,nan
1.76000000e-01,-2.00000000e-01,8.24044604e+03,nan,nan
1.80000000e-01,-2.00000000e-01,8.19057620e+03,nan,nan
1.84000000e-01,-2.00000000e-01,8.13595335e+03,nan,nan
1.88000000e-01,-2.00000000e-01,8.07698534e+03,nan,nan
1.92000000e-01,-2.00000000e-01,8.01406162e+03,nan,nan
1.96000000e-01,-2.00000000e-01,7.94755302e+03,nan,nan
2.00000000e-01,-2.00000000e-01,7.87781169e+03,nan,nan
-2.00000000e-01,-1.96000000e-01,-8.12276158e+03,nan,nan
-1.96000000e-01,-1.96000000e-01,-8.19961679e+03,1.88181090e+04,6.40649887e+04
-1.92000000e-01,-1.96000000e-01,-8.27330645e+03,1.79805116e+04,6.59254484e+04
-1.88000000e-01,-1.96000000e-01,-8.34346088e+03,1.70478848e+04,6.78010850e+04
-1.84000000e-01,-1.96000000e-01,-8.40968953e+03,1.60150058e+04,6.96869276e+04
-1.80000000e-01,-1.96000000e-01,-8.47158093e+03,1.48766545e+04,7.15774015e+04
-1.76000000e-01,-1.96000000e-01,-8.52870277e+03,1.36276576e+04,7.34662956e+04
-1.72000000e-01,-1.96000000e-01,-8.58060219e+03,1.22629390e+04,7.53467327e+04
-1.68000000e-01,-1.96000000e-01,-8.62680628e+03,1.07775762e+04,7.72111429e+04
-1.64000000e-01,-1.96000000e-01,-8.66682280e+03,9.16686329e+03,7.90512417e+04
-1.60000000e-01,-1.96000000e-01,-8.70014119e+03,7.42637993e+03,8.08580130e+04
-1.56000000e-01,-1.96000000e-01,-8.72623384e+03,5.55206675e+03,8.26216994e+04
-1.52000000e-01,-1.96000000e-01,-8.74455772e+03,3.54030664e+03,8.43317993e+04
-1.48000000e-01,-1.96000000e-01,-8.75455629e+03,1.38801153e+03,8.59770736e+04
-1.44000000e-01,-1.96000000e-01,-8.75566181e+03,-9.07285966e+02,8.75455631e+04
-1.40000000e-01,-1.96000000e-01,-8.74729801e+03,-3.34733693e+03,8.90246161e+04
-1.36000000e-01,-1.96000000e-01,-8.72888312e+03,-5.93307752e+03,9.04009302e+04
-1.32000000e-01,-1.96000000e-01,-8.69983339e+03,-8.66452880e+03,9.16606069e+04
-1.28000000e-01,-1.96000000e-01,-8.65956689e+03,-1.15406965e+04,9.27892218e+04
-1.24000000e-01,-1.96000000e-01,-8.60750781e+03,-1.45594723e+04,9.37719097e+04
-1.20000000e-01,-1.96000000e-01,-8.54309111e+03,-1.77175395e+04,9.45934669e+04
-1.16000000e-01,-1.96000000e-01,-8.46576750e+03,-2.10102835e+04,9.52384689e+04
-1.12000000e-01,-1.96000000e-01,-8.37500884e+03,-2.44317121e+04,9.56914053e+04
-1.08000000e-01,-1.96000000e-01,-8.27031380e+03,-2.79743851e+04,9.59368306e+04
-1.04000000e-01,-1.96000000e-01,-8.15121376e+03,-3.16293589e+04,9.59595297e+04
-1.00000000e-01,-1.96000000e-01,-8.01727893e+03,-3.53861455e+04,9.57446973e+04
-9.60000000e-02,-1.96000000e-01,-7.86812460e+03,-3.92326913e+04,9.52781292e+04
-9.20000000e-02,-1.96000000e-01,-7.70341740e+03,-4.31553755e+04,9.45464229e+04
-8.80000000e-02,-1.96000000e-01,-7.52288159e+03,-4.71390328e+04,9.35371854e+04
-8.40000000e-02,-1.96000000e-01,-7.32630514e+03,-5.11669987e+04,9.22392435e+04
-8.00000000e-02,-1.96000000e-01,-7.11354560e+03,-5.52211825e+04,9.06428548e+04
-7.60000000e-02,-1.96000000e-01,-6.88453568e+03,-5.92821656e+04,8.87399137e+04
-7.20000000e-02,-1.96000000e-01,-6.63928828e+03,-6.33293275e+04,8.65241500e+04
-6.80000000e-02,-1.96000000e-01,-6.37790106e+03,-6.73409974e+04,8.39913135e+04
-6.40000000e-02,-1.96000000e-01,-6.10056030e+03,-7.12946319e+04,8.11393425e+04
-6.00000000e-02,-1.96000000e-01,-5.80754400e+03,-7.51670156e+04,7.79685106e+04
-5.60000000e-02,-1.96000000e-01,-5.49922417e+03,-7.89344840e+04,7.44815485e+04
-5.20000000e-02,-1.96000000e-01,-5.17606813e+03,-8.25731631e+04,7.06837367e+04
-4.80000000e-02,-1.96000000e-01,-4.83863887e+03,-8.60592254e+04,6.65829663e+04
-4.40000000e-02,-1.96000000e-01,-4.48759433e+03,-8.93691554e+04,6.21897655e+04
-4.00000000e-02,-1.96000000e-01,-4.12368562e+03,-9.24800217e+04,5.75172895e+04
-3.60000000e-02,-1.96000000e-01,-3.74775415e+03,-9.53697514e+04,5.25812734e+04
-3.20000000e-02,-1.96000000e-01,-3.36072761e+03,-9.80174002e+04,4.73999462e+04
-2.80000000e-02,-1.96000000e-01,-2.96361495e+03,-1.00403416e+05,4.19939089e+04
-2.40000000e-02,-1.96000000e-01,-2.55750029e+03,-1.02509887e+05,3.63859750e+04
-2.00000000e-02,-1.96000000e-01,-2.14353585e+03,-1.04320778e+05,3.06009776e+04
-1.60000000e-02,-1.96000000e-01,-1.72293407e+03,-1.05822136e+05,2.46655446e+04
-1.20000000e-02,-1.96000000e-01,-1.29695877e+03,-1.07002282e+05,1.86078453e+04
-8.00000000e-03,-1.96000000e-01,-8.66915810e+02,-1.07851962e+05,1.24573130e+04
-4.00000000e-03,-1.96000000e-01,-4.34143069e+02,-1.08364476e+05,6.24434715e+03
0.00000000e+00,-1.96000000e-01,0.00000000e+00,-1.08535767e+05,-0.00000000e+00
4.00000000e-03,-1.96000000e-01,4.34143069e+02,-1.08364476e+05,-6.24434715e+03
8.00000000e-03,-1.96000000e-01,8.66915810e+02,-1.07851962e+05,-1.24573130e+04
1.20000000e-02,-1.96000000e-01,1.29695877e+03,-1.07002282e+05,-1.86078453e+04
1.60000000e-02,-1.96000000e-01,1.72293407e+03,-1.05822136e+05,-2.46655446e+04
2.00000000e-02,-1.96000000e-01,2.14353585e+03,-1.04320778e+05,-3.06009776e+04
2.40000000e-02,-1.96000000e-01,2.55750029e+03,-1.02509887e+05,-3.63859750e+04
2.80000000e-02,-1.96000000e-01,2.96361495e+03,-1.00403416e+05,-4.19939089e+04
3.20000000e-02,-1.96000000e-01,3.36072761e+03,-9.80174002e+04,-4.73999462e+04
3.60000000e-02,-1.96000000e-01,3.74775415e+03,-9.53697514e+04,-5.25812734e+04
4.00000000e-02,-1.96000000e-01,4.12368562e+03,-9.24800217e+04,-5.75172895e+04
4.40000000e-02,-1.96000000e-01,4.48759433e+03,-8.93691554e+04,-6.21897655e+04
4.80000000e-02,-1.96000000e-01,4.83863887e+03,-8.60592254e+04,-6.65829663e+04
5.20000000e-02,-1.96000000e-01,5.17606813e+03,-8.25731631e+04,-7.06837367e+04
5.60000000e-02,-1.96000000e-01,5.49922417e+03,-7.89344840e+04,-7.44815485e+04
6.00000000e-02,-1.96000000e-01,5.80754400e+03,-7.51670156e+04,-7.79685106e+04
6.40000000e-02,-1.96000000e-01,6.10056030e+03,-7.12946319e+04,-8.11393425e+04
6.80000000e-02,-1.96000000e-01,6.37790106e+03,-6.73409974e+04,-8.39913135e+04
7.20000000e-02,-1.96000000e-01,6.63928828e+03,-6.33293275e+04,-8.65241500e+04
7.60000000e-02,-1.96000000e-01,6.88453568e+03,-5.92821656e+04,-8.87399137e+04
8.00000000e-02,-1.96000000e-01,7.11354560e+03,-5.52211825e+04,-9.06428548e+04
8.40000000e-02,-1.96000000e-01,7.32630514e+03,-5.11669987e+04,-9.22392435e+04
8.80000000e-02,-1.96000000e-01,7.52288159e+03,-4.71390328e+04,-9.35371854e+04
9.20000000e-02,-1.96000000e-01,7.70341740e+03,-4.31553755e+04,-9.45464229e+04
9.60000000e-02,-1.96000000e-01,7.86812460e+03,-3.92326913e+04,-9.52781292e+04
1.00000000e-01,-1.96000000e-01,8.01727893e+03,-3.53861455e+04,-9.57446973e+04
1.04000000e-01,-1.96000000e-01,8.15121376e+03,-3.16293589e+04,-9.59595297e+04
1.08000000e-01,-1.96000000e-01,8.27031380e+03,-2.79743851e+04,-9.59368306e+04
1.12000000e-01,-1.96000000e-01,8.37500884e+03,-2.44317121e+04,-9.56914053e+04
1.16000000e-01,-1.96000000e-01,8.46576750e+03,-2.10102835e+04,-9.52384689e+04
1.20000000e-01,-1.96000000e-01,8.54309111e+03,-1.77175395e+04,-9.45934669e+04
1.24000000e-01,-1.96000000e-01,8.60750781e+03,-1.45594723e+04,-9.37719097e+04
1.28000000e-01,-1.96000000e-01,8.65956689e+03,-1.15406965e+04,-9.27892218e+04
1.32000000e-01,-1.96000000e-01,8.69983339e+03,-8.66452880e+03,-9.16606069e+04
1.36000000e-01,-1.96000000e-01,8.72888312e+03,-5.93307752e+03,-9.04009302e+04
1.40000000e-01,-1.96000000e-01,8.74729801e+03,-3.34733693e+03,-8.90246161e+04
1.44000000e-01,-1.96000000e-01,8.75566181e+03,-9.07285966e+02,-8.75455631e+04
1.48000000e-01,-1.96000000e-01,8.75455629e+03,1.38801153e+03,-8.59770736e+04
1.52000000e-01,-1.96000000e-01,8.74455772e+03,3.54030664e+03,-8.43317993e+04
1.56000000e-01,-1.96000000e-01,8.72623384e+03,5.55206675e+03,-8.26216994e+04
1.60000000e-01,-1.96000000e-01,8.70014119e+03,7.42637993e+03,-8.08580130e+04
1.64000000e-01,-1.96000000e-01,8.66682280e+03,9.16686329e+03,-7.90512417e+04
1.68000000e-01,-1.96000000e-01,8.62680628e+03,1.07775762e+04,-7.72111429e+04
1.72000000e-01,-1.96000000e-01,8.58060219e+03,1.22629390e+04,-7.53467327e+04
1.76000000e-01,-1.96000000e-01,8.52870277e+03,1.36276576e+04,-7.34662956e+04
1.80000000e-01,-1.96000000e-01,8.47158093e+03,1.48766545e+04,-7.15774015e+04
1.84000000e-01,-1.96000000e-01,8.40968953e+03,1.60150058e+04,-6.96869276e+04
1.88000000e-01,-1.96000000e-01,8.34346088e+03,1.70478848e+04,-6.78010850e+04
1.92000000e-01,-1.96000000e-01,8.27330645e+03,1.79805116e+04,-6.59254484e+04
1.96000000e-01,-1.96000000e-01,8.19961679e+03,1.88181090e+04,-6.40649887e+04
2.00000000e-01,-1.96000000e-01,8.12276158e+03,nan,nan
-2.00000000e-01,-1.92000000e-01,-8.37560455e+03,nan,nan
-1.96000000e-01,-1.92000000e-01,-8.46007293e+03,2.07325826e+04,6.61875889e+04
-1.92000000e-01,-1.92000000e-01,-8.54146521e+03,1.99151361e+04,6.81824383e+04
-1.88000000e-01,-1.92000000e-01,-8.61939402e+03,1.89979449e+04,7.01983556e+04
-1.84000000e-01,-1.92000000e-01,-8.69344877e+03,1.79751741e+04,7.22303045e+04
-1.80000000e-01,-1.92000000e-01,-8.76319541e+03,1.68409550e+04,7.42725895e+04
-1.76000000e-01,-1.92000000e-01,-8.82817641e+03,1.55894314e+04,7.63188169e+04
-1.72000000e-01,-1.92000000e-01,-8.88791086e+03,1.42148124e+04,7.83618572e+04
-1.68000000e-01,-1.92000000e-01,-8.94189491e+03,1.27114335e+04,8.03938114e+04
-1.64000000e-01,-1.92000000e-01,-8.98960233e+03,1.10738236e+04,8.24059816e+04
-1.60000000e-01,-1.92000000e-01,-9.03048550e+03,9.29678071e+03,8.43888465e+04
-1.56000000e-01,-1.92000000e-01,-9.06397658e+03,7.37545436e+03,8.63320447e+04
-1.52000000e-01,-1.92000000e-01,-9.08948913e+03,5.30543579e+03,8.82243651e+04
-1.48000000e-01,-1.92000000e-01,-9.10642006e+03,3.08285466e+03,9.00537484e+04
-1.44000000e-01,-1.92000000e-01,-9.11415197e+03,7.04482157e+02,9.18072982e+04
-1.40000000e-01,-1.92000000e-01,-9.11205592e+03,-1.83216057e+03,9.34713064e+04
-1.36000000e-01,-1.92000000e-01,-9.09949468e+03,-4.52868972e+03,9.50312918e+04
-1.32000000e-01,-1.92000000e-01,-9.07582640e+03,-7.38574339e+03,9.64720549e+04
-1.28000000e-01,-1.92000000e-01,-9.04040874e+03,-1.04028650e+04,9.77777491e+04
-1.24000000e-01,-1.92000000e-01,-8.99260348e+03,-1.35783875e+04,9.89319711e+04
-1.20000000e-01,-1.92000000e-01,-8.93178164e+03,-1.69093212e+04,9.99178687e+04
-1.16000000e-01,-1.92000000e-01,-8.85732891e+03,-2.03912469e+04,1.00718269e+05
-1.12000000e-01,-1.92000000e-01,-8.76865166e+03,-2.40182180e+04,1.01315825e+05
-1.08000000e-01,-1.92000000e-01,-8.66518317e+03,-2.77826736e+04,1.01693184e+05
-1.04000000e-01,-1.92000000e-01,-8.54639027e+03,-3.16753670e+04,1.01833170e+05
-1.00000000e-01,-1.92000000e-01,-8.41178023e+03,-3.56853106e+04,1.01718988e+05
-9.60000000e-02,-1.92000000e-01,-8.26090779e+03,-3.97997428e+04,1.01334435e+05
-9.20000000e-02,-1.92000000e-01,-8.09338229e+03,-4.40041176e+04,1.00664137e+05
-8.80000000e-02,-1.92000000e-01,-7.90887485e+03,-4.82821203e+04,9.96937787e+04
-8.40000000e-02,-1.92000000e-01,-7.70712533e+03,-5.26157116e+04,9.84103502e+04
-8.00000000e-02,-1.92000000e-01,-7.48794915e+03,-5.69852020e+04,9.68023908e+04
-7.60000000e-02,-1.92000000e-01,-7.25124371e+03,-6.13693563e+04,9.48602282e+04
-7.20000000e-02,-1.92000000e-01,-6.99699430e+03,-6.57455304e+04,9.25762110e+04
-6.80000000e-02,-1.92000000e-01,-6.72527947e+03,-7.00898391e+04,8.99449258e+04
-6.40000000e-02,-1.92000000e-01,-6.43627559e+03,-7.43773531e+04,8.69633970e+04
-6.00000000e-02,-1.92000000e-01,-6.13026065e+03,-7.85823252e+04,8.36312616e+04
-5.60000000e-02,-1.92000000e-01,-5.80761699e+03,-8.26784413e+04,7.99509153e+04
-5.20000000e-02,-1.92000000e-01,-5.46883312e+03,-8.66390929e+04,7.59276266e+04
-4.80000000e-02,-1.92000000e-01,-5.11450425e+03,-9.04376686e+04,7.15696125e+04
-4.40000000e-02,-1.92000000e-01,-4.74533177e+03,-9.40478573e+04,6.68880758e+04
-4.00000000e-02,-1.92000000e-01,-4.36212139e+03,-9.74439605e+04,6.18971994e+04
-3.60000000e-02,-1.92000000e-01,-3.96578008e+03,-1.00601206e+05,5.66140975e+04
-3.20000000e-02,-1.92000000e-01,-3.55731174e+03,-1.03496062e+05,5.10587227e+04
-2.80000000e-02,-1.92000000e-01,-3.13781159e+03,-1.06106532e+05,4.52537291e+04
-2.40000000e-02,-1.92000000e-01,-2.70845948e+03,-1.08412454e+05,3.92242945e+04
-2.00000000e-02,-1.92000000e-01,-2.27051196e+03,-1.10395756e+05,3.29979009e+04
-1.60000000e-02,-1.92000000e-01,-1.82529343e+03,-1.12040711e+05,2.66040803e+04
-1.20000000e-02,-1.92000000e-01,-1.37418628e+03,-1.13334141e+05,2.00741257e+04
-8.00000000e-03,-1.92000000e-01,-9.18620302e+02,-1.14265604e+05,1.34407748e+04
-4.00000000e-03,-1.92000000e-01,-4.60061441e+02,-1.14827538e+05,6.73786998e+03
0.00000000e+00,-1.92000000e-01,0.00000000e+00,-1.15015360e+05,-0.00000000e+00
4.00000000e-03,-1.92000000e-01,4.60061441e+02,-1.14827538e+05,-6.73786998e+03
8.00000000e-03,-1.92000000e-01,9.18620302e+02,-1.14265604e+05,-1.34407748e+04
1.20000000e-02,-1.92000000e-01,1.37418628e+03,-1.13334141e+05,-2.00741257e+04
1.60000000e-02,-1.92000000e-01,1.82529343e+03,-1.12040711e+05,-2.66040803e+04
2.00000000e-02,-1.92000000e-01,2.27051196e+03,-1.10395756e+05,-3.29979009e+04
2.40000000e-02,-1.92000000e-01,2.70845948e+03,-1.08412454e+05,-3.92242945e+04
2.80000000e-02,-1.92000000e-01,3.13781159e+03,-1.06106532e+05,-4.52537291e+04
3.20000000e-02,-1.92000000e-01,3.55731174e+03,-1.03496062e+05,-5.10587227e+04
3.60000000e-02,-1.92000000e-01,3.96578008e+03,-1.00601206e+05,-5.66140975e+04
4.00000000e-02,-1.92000000e-01,4.36212139e+03,-9.74439605e+04,-6.18971994e+04
4.40000000e-02,-1.92000000e-01,4.74533177e+03,-9.40478573e+04,-6.68880758e+04
4.80000000e-02,-1.92000000e-01,5.11450425e+03,-9.04376686e+04,-7.15696125e+04
5.20000000e-02,-1.92000000e-01,5.46883312e+03,-8.66390929e+04,-7.59276266e+04
5.60000000e-02,-1.92000000e-01,5.80761699e+03,-8.26784413e+04,-7.99509153e+04
6.00000000e-02,-1.92000000e-01,6.13026065e+03,-7.85823252e+04,-8.36312616e+04
6.40000000e-02,-1.92000000e-01,6.43627559e+03,-7.43773531e+04,-8.69633970e+04
6.80000000e-02,-1.92000000e-01,6.72527947e+03,-7.00898391e+04,-8.99449258e+04
7.20000000e-02,-1.92000000e-01,6.99699430e+03,-6.57455304e+04,-9.25762110e+04
7.60000000e-02,-1.92000000e-01,7.25124371e+03,-6.13693563e+04,-9.48602282e+04
8.00000000e-02,-1.92000000e-01,7.48794915e+03,-5.69852020e+04,-9.68023908e+04
8.40000000e-02,-1.92000000e-01,7.70712533e+03,-5.26157116e+04,-9.84103502e+04
8.80000000e-02,-1.92000000e-01,7.90887485e+03,-4.82821203e+04,-9.96937787e+04
9.20000000e-02,-1.92000000e-01,8.09338229e+03,-4.40041176e+04,-1.00664137e+05
9.60000000e-02,-1.92000000e-01,8.26090779e+03,-3.97997428e+04,-1.01334435e+05
1.00000000e-01,-1.92000000e-01,8.41178023e+03,-3.56853106e+04,-1.01718988e+05
1.04000000e-01,-1.92000000e-01,8.54639027e+03,-3.16753670e+04,-1.01833170e+05
1.08000000e-01,-1.92000000e-01,8.66518317e+03,-2.77826736e+04,-1.01693184e+05
1.12000000e-01,-1.92000000e-01,8.76865166e+03,-2.40182180e+04,-1.01315825e+05
1.16000000e-01,-1.92000000e-01,8.85732891e+03,-2.03912469e+04,-1.00718269e+05
1.20000000e-01,-1.92000000e-01,8.93178164e+03,-1.69093212e+04,-9.99178687e+04
1.24000000e-01,-1.92000000e-01,8.99260348e+03,-1.35783875e+04,-9.89319711e+04
1.28000000e-01,-1.92000000e-01,9.04040874e+03,-1.04028650e+04,-9.77777491e+04
1.32000000e-01,-1.92000000e-01,9.07582640e+03,-7.38574339e+03,-9.64720549e+04
1.36000000e-01,-1.92000000e-01,9.09949468e+03,-4.52868972e+03,-9.50312918e+04
1.40000000e-01,-1.92000000e-01,9.11205592e+03,-1.83216057e+03,-9.34713064e+04
1.44000000e-01,-1.92000000e-01,9.11415197e+03,7.04482157e+02,-9.18072982e+04
1.48000000e-01,-1.92000000e-01,9.10642006e+03,3.08285466e+03,-9.00537484e+04
1.52000000e-01,-1.92000000e-01,9.08948913e+03,5.30543579e+03,-8.82243651e+04
1.56000000e-01,-1.92000000e-01,9.06397658e+03,7.37545436e+03,-8.63320447e+04
1.60000000e-01,-1.92000000e-01,9.03048550e+03,9.29678071e+03,-8.43888465e+04
1.64000000e-01,-1.92000000e-01,8.98960233e+03,1.10738236e+04,-8.24059816e+04
1.68000000e-01,-1.92000000e-01,8.94189491e+03,1.27114335e+04,-8.03938114e+04
1.72000000e-01,-1.92000000e-01,8.88791086e+03,1.42148124e+04,-7.83618572e+04
1.76000000e-01,-1.92000000e-01,8.82817641e+03,1.55894314e+04,-7.63188169e+04
1.80000000e-01,-1.92000000e-01,8.76319541e+03,1.68409550e+04,-7.42725895e+04
1.84000000e-01,-1.92000000e-01,8.69344877e+03,1.79751741e+04,-7.22303045e+04
1.88000000e-01,-1.92000000e-01,8.61939402e+03,1.89979449e+04,-7.01983556e+04
1.92000000e-01,-1.92000000e-01,8.54146521e+03,1.99151361e+04,-6.81824383e+04
1.96000000e-01,-1.92000000e-01,8.46007293e+03,2.07325826e+04,-6.61875889e+04
2.00000000e-01,-1.92000000e-01,8.37560455e+03,nan,nan
-2.00000000e-01,-1.88000000e-01,-8.63650738e+03,nan,nan
-1.96000000e-01,-1.88000000e-01,-8.72911750e+03,2.27823221e+04,6.83581063e+04
-1.92000000e-01,-1.88000000e-01,-8.81876596e+03,2.19912784e+04,7.04955114e+04
-1.88000000e-01,-1.88000000e-01,-8.90504773e+03,2.10957509e+04,7.26606336e+04
-1.84000000e-01,-1.88000000e-01,-8.98753197e+03,2.00892397e+04,7.48484091e+04
-1.80000000e-01,-1.88000000e-01,-9.06576165e+03,1.89651669e+04,7.70530569e+04
-1.76000000e-01,-1.88000000e-01,-9.13925330e+03,1.77169253e+04,7.92680314e+04
-1.72000000e-01,-1.88000000e-01,-9.20749705e+03,1.63379335e+04,8.14859768e+04
-1.68000000e-01,-1.88000000e-01,-9.26995677e+03,1.48217006e+04,8.36986850e+04
-1.64000000e-01,-1.88000000e-01,-9.32607065e+03,1.31618984e+04,8.58970562e+04
-1.60000000e-01,-1.88000000e-01,-9.37525196e+03,1.13524430e+04,8.80710671e+04
-1.56000000e-01,-1.88000000e-01,-9.41689020e+03,9.38758535e+03,9.02097442e+04
-1.52000000e-01,-1.88000000e-01,-9.45035264e+03,7.26201033e+03,9.23011468e+04
-1.48000000e-01,-1.88000000e-01,-9.47498628e+03,4.97094459e+03,9.43323605e+04
-1.44000000e-01,-1.88000000e-01,-9.49012020e+03,2.51027207e+03,9.62895022e+04
-1.40000000e-01,-1.88000000e-01,-9.49506846e+03,-1.23343297e+02,9.81577396e+04
-1.36000000e-01,-1.88000000e-01,-9.48913345e+03,-2.93232907e+03,9.99213266e+04
-1.32000000e-01,-1.88000000e-01,-9.47160982e+03,-5.91807148e+03,1.01563656e+05
-1.28000000e-01,-1.88000000e-01,-9.44178888e+03,-9.08078018e+03,1.03067333e+05
-1.24000000e-01,-1.88000000e-01,-9.39896358e+03,-1.24193528e+04,1.04414265e+05
-1.20000000e-01,-1.88000000e-01,-9.34243406e+03,-1.59312418e+04,1.05585782e+05
-1.16000000e-01,-1.88000000e-01,-9.27151365e+03,-1.96123271e+04,1.06562767e+05
-1.12000000e-01,-1.88000000e-01,-9.18553544e+03,-2.34567967e+04,1.07325824e+05
-1.08000000e-01,-1.88000000e-01,-9.08385927e+03,-2.74570397e+04,1.07855458e+05
-1.04000000e-01,-1.88000000e-01,-8.96587912e+03,-3.16035553e+04,1.08132278e+05
-1.00000000e-01,-1.88000000e-01,-8.83103083e+03,-3.58848806e+04,1.08137229e+05
-9.60000000e-02,-1.88000000e-01,-8.67880008e+03,-4.02875418e+04,1.07851834e+05
-9.20000000e-02,-1.88000000e-01,-8.50873050e+03,-4.47960323e+04,1.07258454e+05
-8.80000000e-02,-1.88000000e-01,-8.32043182e+03,-4.93928198e+04,1.06340559e+05
-8.40000000e-02,-1.88000000e-01,-8.11358794e+03,-5.40583866e+04,1.05083011e+05
-8.00000000e-02,-1.88000000e-01,-7.88796473e+03,-5.87713045e+04,1.03472347e+05
-7.60000000e-02,-1.88000000e-01,-7.64341750e+03,-6.35083455e+04,1.01497055e+05
-7.20000000e-02,-1.88000000e-01,-7.37989796e+03,-6.82446300e+04,9.91478491e+04
-6.80000000e-02,-1.88000000e-01,-7.09746046e+03,-7.29538114e+04,9.64179234e+04
-6.40000000e-02,-1.88000000e-01,-6.79626747e+03,-7.76082961e+04,9.33031902e+04
-6.00000000e-02,-1.88000000e-01,-6.47659409e+03,-8.21794973e+04,8.98024874e+04
-5.60000000e-02,-1.88000000e-01,-6.13883149e+03,-8.66381189e+04,8.59177549e+04
-5.20000000e-02,-1.88000000e-01,-5.78348914e+03,-9.09544660e+04,8.16541730e+04
-4.80000000e-02,-1.88000000e-01,-5.41119577e+03,-9.50987763e+04,7.70202577e+04
-4.40000000e-02,-1.88000000e-01,-5.02269893e+03,-9.90415685e+04,7.20279107e+04
-4.00000000e-02,-1.88000000e-01,-4.61886322e+03,-1.02754000e+05,6.66924200e+04
-3.60000000e-02,-1.88000000e-01,-4.20066693e+03,-1.06208228e+05,6.10324097e+04
-3.20000000e-02,-1.88000000e-01,-3.76919739e+03,-1.09377769e+05,5.50697387e+04
-2.80000000e-02,-1.88000000e-01,-3.32564478e+03,-1.12237844e+05,4.88293489e+04
-2.40000000e-02,-1.88000000e-01,-2.87129464e+03,-1.14765715e+05,4.23390640e+04
-2.00000000e-02,-1.88000000e-01,-2.40751906e+03,-1.16940992e+05,3.56293420e+04
-1.60000000e-02,-1.88000000e-01,-1.93576671e+03,-1.18745911e+05,2.87329850e+04
-1.20000000e-02,-1.88000000e-01,-1.45755177e+03,-1.20165587e+05,2.16848101e+04
-8.00000000e-03,-1.88000000e-01,-9.74442009e+02,-1.21188218e+05,1.45212882e+04
-4.00000000e-03,-1.88000000e-01,-4.88046028e+02,-1.21805251e+05,7.28015475e+03
0.00000000e+00,-1.88000000e-01,0.00000000e+00,-1.22011507e+05,-0.00000000e+00
4.00000000e-03,-1.88000000e-01,4.88046028e+02,-1.21805251e+05,-7.28015475e+03
8.00000000e-03,-1.88000000e-01,9.74442009e+02,-1.21188218e+05,-1.45212882e+04
1.20000000e-02,-1.88000000e-01,1.45755177e+03,-1.20165587e+05,-2.16848101e+04
1.60000000e-02,-1.88000000e-01,1.93576671e+03,-1.18745911e+05,-2.87329850e+04
2.00000000e-02,-1.88000000e-01,2.40751906e+03,-1.16940992e+05,-3.56293420e+04
2.40000000e-02,-1.88000000e-01,2.87129464e+03,-1.14765715e+05,-4.23390640e+04
2.80000000e-02,-1.88000000e-01,3.32564478e+03,-1.12237844e+05,-4.88293489e+04
3.20000000e-02,-1.88000000e-01,3.76919739e+03,-1.09377769e+05,-5.50697387e+04
3.60000000e-02,-1.88000000e-01,4.20066693e+03,-1.06208228e+05,-6.10324097e+04
4.00000000e-02,-1.88000000e-01,4.61886322e+03,-1.02754000e+05,-6.66924200e+04
4.40000000e-02,-1.88000000e-01,5.02269893e+03,-9.90415685e+04,-7.20279107e+04
4.80000000e-02,-1.88000000e-01,5.41119577e+03,-9.50987763e+04,-7.70202577e+04
5.20000000e-02,-1.88000000e-01,5.78348914e+03,-9.09544660e+04,-8.16541730e+04
5.60000000e-02,-1.88000000e-01,6.13883149e+03,-8.66381189e+04,-8.59177549e+04
6.00000000e-02,-1.88000000e-01,6.47659409e+03,-8.21794973e+04,-8.98024874e+04
6.40000000e-02,-1.88000000e-01,6.79626747e+03,-7.76082961e+04,-9.33031902e+04
6.80000000e-02,-1.88000000e-01,7.09746046e+03,-7.29538114e+04,-9.64179234e+04
7.20000000e-02,-1.88000000e-01,7.37989796e+03,-6.82446300e+04,-9.91478491e+04
7.60000000e-02,-1.88000000e-01,7.64341750e+03,-6.35083455e+04,-1.01497055e+05
8.00000000e-02,-1.88000000e-01,7.88796473e+03,-5.87713045e+04,-1.03472347e+05
8.40000000e-02,-1.88000000e-01,8.11358794e+03,-5.40583866e+04,-1.05083011e+05
8.80000000e-02,-1.88000000e-01,8.32043182e+03,-4.93928198e+04,-1.06340559e+05
9.20000000e-02,-1.88000000e-01,8.50873050e+03,-4.47960323e+04,-1.07258454e+05
9.60000000e-02,-1.88000000e-01,8.67880008e+03,-4.02875418e+04,-1.07851834e+05
1.00000000e-01,-1.88000000e-01,8.83103083e+03,-3.58848806e+04,-1.08137229e+05
1.04000000e-01,-1.88000000e-01,8.96587912e+03,-3.16035553e+04,-1.08132278e+05
1.08000000e-01,-1.88000000e-01,9.08385927e+03,-2.74570397e+04,-1.07855458e+05
1.12000000e-01,-1.88000000e-01,9.18553544e+03,-2.34567967e+04,-1.07325824e+05
1.16000000e-01,-1.88000000e-01,9.27151365e+03,-1.96123271e+04,-1.06562767e+05
1.20000000e-01,-1.88000000e-01,9.34243406e+03,-1.59312418e+04,-1.05585782e+05
1.24000000e-01,-1.88000000e-01,9.39896358e+03,-1.24193528e+04,-1.04414265e+05
1.28000000e-01,-1.88000000e-01,9.44178888e+03,-9.08078018e+03,-1.03067333e+05
1.32000000e-01,-1.88000000e-01,9.47160982e+03,-5.91807148e+03,-1.01563656e+05
1.36000000e-01,-1.88000000e-01,9.48913345e+03,-2.93232907e+03,-9.99213266e+04
1.40000000e-01,-1.88000000e-01,9.49506846e+03,-1.23343297e+02,-9.81577396e+04
1.44000000e-01,-1.88000000e-01,9.49012020e+03,2.51027207e+03,-9.62895022e+04
1.48000000e-01,-1.88000000e-01,9.47498628e+03,4.97094459e+03,-9.43323605e+04
1.52000000e-01,-1.88000000e-01,9.45035264e+03,7.26201033e+03,-9.23011468e+04
1.56000000e-01,-1.88000000e-01,9.41689020e+03,9.38758535e+03,-9.02097442e+04
1.60000000e-01,-1.88000000e-01,9.37525196e+03,1.13524430e+04,-8.80710671e+04
1.64000000e-01,-1.88000000e-01,9.32607065e+03,1.31618984e+04,-8.58970562e+04
1.68000000e-01,-1.88000000e-01,9.26995677e+03,1.48217006e+04,-8.36986850e+04
1.72000000e-01,-1.88000000e-01,9.20749705e+03,1.63379335e+04,-8.14859768e+04
1.76000000e-01,-1.88000000e-01,9.13925330e+03,1.77169253e+04,-7.92680314e+04
1.80000000e-01,-1.88000000e-01,9.06576165e+03,1.89651669e+04,-7.70530569e+04
1.84000000e-01,-1.88000000e-01,8.98753197e+03,2.00892397e+04,-7.48484091e+04
1.88000000e-01,-1.88000000e-01,8.90504773e+03,2.10957509e+04,-7.26606336e+04
1.92000000e-01,-1.88000000e-01,8.81876596e+03,2.19912784e+04,-7.04955114e+04
1.96000000e-01,-1.88000000e-01,8.72911750e+03,2.27823221e+04,-6.83581063e+04
2.00000000e-01,-1.88000000e-01,8.63650738e+03,nan,nan
-2.00000000e-01,-1.84000000e-01,-8.90562706e+03,nan,nan
-1.96000000e-01,-1.84000000e-01,-9.00693778e+03,2.49752801e+04,7.05740739e+04
-1.92000000e-01,-1.84000000e-01,-9.10542930e+03,2.42176634e+04,7.28625171e+04
-1.88000000e-01,-1.84000000e-01,-9.20067909e+03,2.33508427e+04,7.51861589e+04
-1.84000000e-01,-1.84000000e-01,-9.29223604e+03,2.23675975e+04,7.75399537e+04
-1.80000000e-01,-1.84000000e-01,-9.37961987e+03,2.12605773e+04,7.99180785e+04
-1.76000000e-01,-1.84000000e-01,-9.46232066e+03,2.00223513e+04,8.23138760e+04
-1.72000000e-01,-1.84000000e-01,-9.53979868e+03,1.86454660e+04,8.47197992e+04
-1.68000000e-01,-1.84000000e-01,-9.61148439e+03,1.71225129e+04,8.71273592e+04
-1.64000000e-01,-1.84000000e-01,-9.67677878e+03,1.54462058e+04,8.95270757e+04
-1.60000000e-01,-1.84000000e-01,-9.73505403e+03,1.36094686e+04,9.19084337e+04
-1.56000000e-01,-1.84000000e-01,-9.78565453e+03,1.16055341e+04,9.42598475e+04
-1.52000000e-01,-1.84000000e-01,-9.82789831e+03,9.42805215e+03,9.65686329e+04
-1.48000000e-01,-1.84000000e-01,-9.86107895e+03,7.07121006e+03,9.88209908e+04
-1.44000000e-01,-1.84000000e-01,-9.88446799e+03,4.52986124e+03,1.01002004e+05
-1.40000000e-01,-1.84000000e-01,-9.89731784e+03,1.79966383e+03,1.03095651e+05
-1.36000000e-01,-1.84000000e-01,-9.89886530e+03,-1.12277311e+03,1.05084832e+05
-1.32000000e-01,-1.84000000e-01,-9.88833565e+03,-4.23973717e+03,1.06951421e+05
-1.28000000e-01,-1.84000000e-01,-9.86494740e+03,-7.55225594e+03,1.08676340e+05
-1.24000000e-01,-1.84000000e-01,-9.82791760e+03,-1.10599387e+04,1.10239649e+05
-1.20000000e-01,-1.84000000e-01,-9.77646789e+03,-1.47608194e+04,1.11620668e+05
-1.16000000e-01,-1.84000000e-01,-9.70983105e+03,-1.86512042e+04,1.12798129e+05
-1.12000000e-01,-1.84000000e-01,-9.62725826e+03,-2.27255274e+04,1.13750345e+05
-1.08000000e-01,-1.84000000e-01,-9.52802683e+03,-2.69762202e+04,1.14455413e+05
-1.04000000e-01,-1.84000000e-01,-9.41144850e+03,-3.13935952e+04,1.14891446e+05
-1.00000000e-01,-1.84000000e-01,-9.27687807e+03,-3.59657540e+04,1.15036824e+05
-9.60000000e-02,-1.84000000e-01,-9.12372246e+03,-4.06785184e+04,1.14870470e+05
-9.20000000e-02,-1.84000000e-01,-8.95144992e+03,-4.55153933e+04,1.14372149e+05
-8.80000000e-02,-1.84000000e-01,-8.75959932e+03,-5.04575626e+04,1.13522778e+05
-8.40000000e-02,-1.84000000e-01,-8.54778942e+03,-5.54839229e+04,1.12304754e+05
-8.00000000e-02,-1.84000000e-01,-8.31572793e+03,-6.05711579e+04,1.10702273e+05
-7.60000000e-02,-1.84000000e-01,-8.06322016e+03,-6.56938545e+04,1.08701667e+05
-7.20000000e-02,-1.84000000e-01,-7.79017710e+03,-7.08246624e+04,1.06291713e+05
-6.80000000e-02,-1.84000000e-01,-7.49662286e+03,-7.59344980e+04,1.03463942e+05
-6.40000000e-02,-1.84000000e-01,-7.18270111e+03,-8.09927890e+04,1.00212915e+05
-6.00000000e-02,-1.84000000e-01,-6.84868054e+03,-8.59677604e+04,9.65364762e+04
-5.60000000e-02,-1.84000000e-01,-6.49495903e+03,-9.08267557e+04,9.24359583e+04
-5.20000000e-02,-1.84000000e-01,-6.12206650e+03,-9.55365902e+04,8.79163570e+04
-4.80000000e-02,-1.84000000e-01,-5.73066631e+03,-1.00063931e+05,8.29864473e+04
-4.40000000e-02,-1.84000000e-01,-5.32155505e+03,-1.04375695e+05,7.76588493e+04
-4.00000000e-02,-1.84000000e-01,-4.89566075e+03,-1.08439461e+05,7.19500371e+04
-3.60000000e-02,-1.84000000e-01,-4.45403936e+03,-1.12223888e+05,6.58802882e+04
-3.20000000e-02,-1.84000000e-01,-3.99786965e+03,-1.15699122e+05,5.94735731e+04
-2.80000000e-02,-1.84000000e-01,-3.52844638e+03,-1.18837207e+05,5.27573857e+04
-2.40000000e-02,-1.84000000e-01,-3.04717199e+03,-1.21612460e+05,4.57625163e+04
-2.00000000e-02,-1.84000000e-01,-2.55554670e+03,-1.24001835e+05,3.85227711e+04
-1.60000000e-02,-1.84000000e-01,-2.05515731e+03,-1.25985243e+05,3.10746408e+04
-1.20000000e-02,-1.84000000e-01,-1.54766476e+03,-1.27545837e+05,2.34569253e+04
-8.00000000e-03,-1.84000000e-01,-1.03479061e+03,-1.28670260e+05,1.57103199e+04
-4.00000000e-03,-1.84000000e-01,-5.18302679e+02,-1.29348826e+05,7.87696972e+03
0.00000000e+00,-1.84000000e-01,0.00000000e+00,-1.29575670e+05,-0.00000000e+00
4.00000000e-03,-1.84000000e-01,5.18302679e+02,-1.29348826e+05,-7.87696972e+03
8.00000000e-03,-1.84000000e-01,1.03479061e+03,-1.28670260e+05,-1.57103199e+04
1.20000000e-02,-1.84000000e-01,1.54766476e+03,-1.27545837e+05,-2.34569253e+04
1.60000000e-02,-1.84000000e-01,2.05515731e+03,-1.25985243e+05,-3.10746408e+04
2.00000000e-02,-1.84000000e-01,2.55554670e+03,-1.24001835e+05,-3.85227711e+04
2.40000000e-02,-1.84000000e-01,3.04717199e+03,-1.21612460e+05,-4.57625163e+04
2.80000000e-02,-1.84000000e-01,3.52844638e+03,-1.18837207e+05,-5.27573857e+04
3.20000000e-02,-1.84000000e-01,3.99786965e+03,-1.15699122e+05,-5.94735731e+04
3.60000000e-02,-1.84000000e-01,4.45403936e+03,-1.12223888e+05,-6.58802882e+04
4.00000000e-02,-1.84000000e-01,4.89566075e+03,-1.08439461e+05,-7.19500371e+04
4.40000000e-02,-1.84000000e-01,5.32155505e+03,-1.04375695e+05,-7.76588493e+04
4.80000000e-02,-1.84000000e-01,5.73066631e+03,-1.00063931e+05,-8.29864473e+04
5.20000000e-02,-1.84000000e-01,6.12206650e+03,-9.55365902e+04,-8.79163570e+04
5.60000000e-02,-1.84000000e-01,6.49495903e+03,-9.08267557e+04,-9.24359583e+04
6.00000000e-02,-1.84000000e-01,6.84868054e+03,-8.59677604e+04,-9.65364762e+04
6.40000000e-02,-1.84000000e-01,7.18270111e+03,-8.09927890e+04,-1.00212915e+05
6.80000000e-02,-1.84000000e-01,7.49662286e+03,-7.59344980e+04,-1.03463942e+05
7.20000000e-02,-1.84000000e-01,7.79017710e+03,-7.08246624e+04,-1.06291713e+05
7.60000000e-02,-1.84000000e-01,8.06322016e+03,-6.56938545e+04,-1.08701667e+05
8.00000000e-02,-1.84000000e-01,8.31572793e+03,-6.05711579e+04,-1.10702273e+05
8.40000000e-02,-1.84000000e-01,8.54778942e+03,-5.54839229e+04,-1.12304754e+05
8.80000000e-02,-1.84000000e-01,8.75959932e+03,-5.04575626e+04,-1.13522778e+05
9.20000000e-02,-1.84000000e-01,8.95144992e+03,-4.55153933e+04,-1.14372149e+05
9.60000000e-02,-1.84000000e-01,9.12372246e+03,-4.06785184e+04,-1.14870470e+05
1.00000000e-01,-1.84000000e-01,9.27687807e+03,-3.59657540e+04,-1.15036824e+05
1.04000000e-01,-1.84000000e-01,9.41144850e+03,-3.13935952e+04,-1.14891446e+05
1.08000000e-01,-1.84000000e-01,9.52802683e+03,-2.69762202e+04,-1.14455413e+05
1.12000000e-01,-1.84000000e-01,9.62725826e+03,-2.27255274e+04,-1.13750345e+05
1.16000000e-01,-1.84000000e-01,9.70983105e+03,-1.86512042e+04,-1.12798129e+05
1.20000000e-01,-1.84000000e-01,9.77646789e+03,-1.47608194e+04,-1.11620668e+05
1.24000000e-01,-1.84000000e-01,9.82791760e+03,-1.10599387e+04,-1.10239649e+05
1.28000000e-01,-1.84000000e-01,9.86494740e+03,-7.55225594e+03,-1.08676340e+05
1.32000000e-01,-1.84000000e-01,9.88833565e+03,-4.23973717e+03,-1.06951421e+05
1.36000000e-01,-1.84000000e-01,9.89886530e+03,-1.12277311e+03,-1.05084832e+05
1.40000000e-01,-1.84000000e-01,9.89731784e+03,1.79966383e+03,-1.03095651e+05
1.44000000e-01,-1.84000000e-01,9.88446799e+03,4.52986124e+03,-1.01002004e+05
1.48000000e-01,-1.84000000e-01,9.86107895e+03,7.07121006e+03,-9.88209908e+04
1.52000000e-01,-1.84000000e-01,9.82789831e+03,9.42805215e+03,-9.65686329e+04
1.56000000e-01,-1.84000000e-01,9.78565453e+03,1.16055341e+04,-9.42598475e+04
1.60000000e-01,-1.84000000e-01,9.73505403e+03,1.36094686e+04,-9.19084337e+04
1.64000000e-01,-1.84000000e-01,9.67677878e+03,1.54462058e+04,-8.95270757e+04
1.68000000e-01,-1.84000000e-01,9.61148439e+03,1.71225129e+04,-8.71273592e+04
1.72000000e-01,-1.84000000e-01,9.53979868e+03,1.86454660e+04,-8.47197992e+04
1.76000000e-01,-1.84000000e-01,9.46232066e+03,2.00223513e+04,-8.23138760e+04
1.80000000e-01,-1.84000000e-01,9.37961987e+03,2.12605773e+04,-7.99180785e+04
1.84000000e-01,-1.84000000e-01,9.29223604e+03,2.23675975e+04,-7.75399537e+04
1.88000000e-01,-1.84000000e-01,9.20067909e+03,2.33508427e+04,-7.51861589e+04
1.92000000e-01,-1.84000000e-01,9.10542930e+03,2.42176634e+04,-7.28625171e+04
1.96000000e-01,-1.84000000e-01,9.00693778e+03,2.49752801e+04,-7.05740739e+04
2.00000000e-01,-1.84000000e-01,8.90562706e+03,nan,nan
-2.00000000e-01,-1.80000000e-01,-9.18310862e+03,nan,nan
-1.96000000e-01,-1.80000000e-01,-9.29371009e+03,2.73196851e+04,7.28324545e+04
-1.92000000e-01,-1.80000000e-01,-9.40166610e+03,2.66033633e+04,7.52807167e+04
-1.88000000e-01,-1.80000000e-01,-9.50653700e+03,2.57731875e+04,7.77725689e+04
-1.84000000e-01,-1.80000000e-01,-9.60785160e+03,2.48211593e+04,8.03030397e+04
-1.80000000e-01,-1.80000000e-01,-9.70510627e+03,2.37390892e+04,8.28663179e+04
-1.76000000e-01,-1.80000000e-01,-9.79776431e+03,2.25186460e+04,8.54556846e+04
-1.72000000e-01,-1.80000000e-01,-9.88525544e+03,2.11514168e+04,8.80634478e+04
-1.68000000e-01,-1.80000000e-01,-9.96697565e+03,1.96289771e+04,9.06808769e+04
-1.64000000e-01,-1.80000000e-01,-1.00422873e+04,1.79429729e+04,9.32981424e+04
-1.60000000e-01,-1.80000000e-01,-1.01105194e+04,1.60852149e+04,9.59042593e+04
-1.56000000e-01,-1.80000000e-01,-1.01709690e+04,1.40477845e+04,9.84870384e+04
-1.52000000e-01,-1.80000000e-01,-1.02229017e+04,1.18231536e+04,1.01033046e+05
-1.48000000e-01,-1.80000000e-01,-1.02655542e+04,9.40431604e+03,1.03527577e+05
-1.44000000e-01,-1.80000000e-01,-1.02981362e+04,6.78493211e+03,1.05954639e+05
-1.40000000e-01,-1.80000000e-01,-1.03198337e+04,3.95948390e+03,1.08296954e+05
-1.36000000e-01,-1.80000000e-01,-1.03298121e+04,9.23441438e+02,1.10535983e+05
-1.32000000e-01,-1.80000000e-01,-1.03272212e+04,-2.32656280e+03,1.12651970e+05
-1.28000000e-01,-1.80000000e-01,-1.03111996e+04,-5.79255289e+03,1.14624008e+05
-1.24000000e-01,-1.80000000e-01,-1.02808808e+04,-9.47502479e+03,1.16430136e+05
-1.20000000e-01,-1.80000000e-01,-1.02353994e+04,-1.33727613e+04,1.18047466e+05
-1.16000000e-01,-1.80000000e-01,-1.01738987e+04,-1.74826507e+04,1.19452341e+05
-1.12000000e-01,-1.80000000e-01,-1.00955382e+04,-2.17995128e+04,1.20620519e+05
-1.08000000e-01,-1.80000000e-01,-9.99950258e+03,-2.63159381e+04,1.21527396e+05
-1.04000000e-01,-1.80000000e-01,-9.88501069e+03,-3.10221444e+04,1.22148264e+05
-1.00000000e-01,-1.80000000e-01,-9.75132542e+03,-3.59058571e+04,1.22458590e+05
-9.60000000e-02,-1.80000000e-01,-9.59776384e+03,-4.09522171e+04,1.22434332e+05
-9.20000000e-02,-1.80000000e-01,-9.42370769e+03,-4.61437235e+04,1.22052275e+05
-8.80000000e-02,-1.80000000e-01,-9.22861405e+03,-5.14602144e+04,1.21290391e+05
-8.40000000e-02,-1.80000000e-01,-9.01202597e+03,-5.68788916e+04,1.20128211e+05
-8.00000000e-02,-1.80000000e-01,-8.77358292e+03,-6.23743915e+04,1.18547206e+05
-7.60000000e-02,-1.80000000e-01,-8.51303084e+03,-6.79189062e+04,1.16531170e+05
-7.20000000e-02,-1.80000000e-01,-8.23023167e+03,-7.34823551e+04,1.14066592e+05
-6.80000000e-02,-1.80000000e-01,-7.92517200e+03,-7.90326087e+04,1.11143013e+05
-6.40000000e-02,-1.80000000e-01,-7.59797080e+03,-8.45357616e+04,1.07753359e+05
-6.00000000e-02,-1.80000000e-01,-7.24888590e+03,-8.99564544e+04,1.03894238e+05
-5.60000000e-02,-1.80000000e-01,-6.87831916e+03,-9.52582380e+04,9.95661959e+04
-5.20000000e-02,-1.80000000e-01,-6.48682000e+03,-1.00403977e+05,9.47739196e+04
-4.80000000e-02,-1.80000000e-01,-6.07508735e+03,-1.05356284e+05,8.95263857e+04
-4.40000000e-02,-1.80000000e-01,-5.64396973e+03,-1.10077979e+05,8.38369459e+04
-4.00000000e-02,-1.80000000e-01,-5.19446352e+03,-1.14532561e+05,7.77233455e+04
-3.60000000e-02,-1.80000000e-01,-4.72770924e+03,-1.18684692e+05,7.12076730e+04
-3.20000000e-02,-1.80000000e-01,-4.24498598e+03,-1.22500671e+05,6.43162401e+04
-2.80000000e-02,-1.80000000e-01,-3.74770387e+03,-1.25948901e+05,5.70793918e+04
-2.40000000e-02,-1.80000000e-01,-3.23739477e+03,-1.29000330e+05,4.95312503e+04
-2.00000000e-02,-1.80000000e-01,-2.71570123e+03,-1.31628867e+05,4.17093950e+04
-1.60000000e-02,-1.80000000e-01,-2.18436383e+03,-1.33811757e+05,3.36544847e+04
-1.20000000e-02,-1.80000000e-01,-1.64520717e+03,-1.35529908e+05,2.54098280e+04
-8.00000000e-03,-1.80000000e-01,-1.10012457e+03,-1.36768173e+05,1.70209086e+04
-4.00000000e-03,-1.80000000e-01,-5.51061786e+02,-1.37515571e+05,8.53487475e+03
0.00000000e+00,-1.80000000e-01,0.00000000e+00,-1.37765447e+05,-0.00000000e+00
4.00000000e-03,-1.80000000e-01,5.51061786e+02,-1.37515571e+05,-8.53487475e+03
8.00000000e-03,-1.80000000e-01,1.10012457e+03,-1.36768173e+05,-1.70209086e+04
1.20000000e-02,-1.80000000e-01,1.64520717e+03,-1.35529908e+05,-2.54098280e+04
1.60000000e-02,-1.80000000e-01,2.18436383e+03,-1.33811757e+05,-3.36544847e+04
2.00000000e-02,-1.80000000e-01,2.71570123e+03,-1.31628867e+05,-4.17093950e+04
2.40000000e-02,-1.80000000e-01,3.23739477e+03,-1.29000330e+05,-4.95312503e+04
2.80000000e-02,-1.80000000e-01,3.74770387e+03,-1.25948901e+05,-5.70793918e+04
3.20000000e-02,-1.80000000e-01,4.24498598e+03,-1.22500671e+05,-6.43162401e+04
3.60000000e-02,-1.80000000e-01,4.72770924e+03,-1.18684692e+05,-7.12076730e+04
4.00000000e-02,-1.80000000e-01,5.19446352e+03,-1.14532561e+05,-7.77233455e+04
4.40000000e-02,-1.80000000e-01,5.64396973e+03,-1.10077979e+05,-8.38369459e+04
4.80000000e-02,-1.80000000e-01,6.07508735e+03,-1.05356284e+05,-8.95263857e+04
5.20000000e-02,-1.80000000e-01,6.48682000e+03,-1.00403977e+05,-9.47739196e+04
5.60000000e-02,-1.80000000e-01,6.87831916e+03,-9.52582380e+04,-9.95661959e+04
6.00000000e-02,-1.80000000e-01,7.24888590e+03,-8.99564544e+04,-1.03894238e+05
6.40000000e-02,-1.80000000e-01,7.59797080e+03,-8.45357616e+04,-1.07753359e+05
6.80000000e-02,-1.80000000e-01,7.92517200e+03,-7.90326087e+04,-1.11143013e+05
7.20000000e-02,-1.80000000e-01,8.23023167e+03,-7.34823551e+04,-1.14066592e+05
7.60000000e-02,-1.80000000e-01,8.51303084e+03,-6.79189062e+04,-1.16531170e+05
8.00000000e-02,-1.80000000e-01,8.77358292e+03,-6.23743915e+04,-1.18547206e+05
8.40000000e-02,-1.80000000e-01,9.01202597e+03,-5.68788916e+04,-1.20128211e+05
8.80000000e-02,-1.80000000e-01,9.22861405e+03,-5.14602144e+04,-1.21290391e+05
9.20000000e-02,-1.80000000e-01,9.42370769e+03,-4.61437235e+04,-1.22052275e+05
9.60000000e-02,-1.80000000e-01,9.59776384e+03,-4.09522171e+04,-1.22434332e+05
1.00000000e-01,-1.80000000e-01,9.75132542e+03,-3.59058571e+04,-1.22458590e+05
1.04000000e-01,-1.80000000e-01,9.88501069e+03,-3.10221444e+04,-1.22148264e+05
1.08000000e-01,-1.80000000e-01,9.99950258e+03,-2.63159381e+04,-1.21527396e+05
1.12000000e-01,-1.80000000e-01,1.00955382e+04,-2.17995128e+04,-1.20620519e+05
1.16000000e-01,-1.80000000e-01,1.01738987e+04,-1.74826507e+04,-1.19452341e+05
1.20000000e-01,-1.80000000e-01,1.02353994e+04,-1.33727613e+04,-1.18047466e+05
1.24000000e-01,-1.80000000e-01,1.02808808e+04,-9.47502479e+03,-1.16430136e+05
1.28000000e-01,-1.80000000e-01,1.03111996e+04,-5.79255289e+03,-1.14624008e+05
1.32000000e-01,-1.80000000e-01,1.03272212e+04,-2.32656280e+03,-1.12651970e+05
1.36000000e-01,-1.80000000e-01,1.03298121e+04,9.23441438e+02,-1.10535983e+05
1.40000000e-01,-1.80000000e-01,1.03198337e+04,3.95948390e+03,-1.08296954e+05
1.44000000e-01,-1.80000000e-01,1.02981362e+04,6.78493211e+03,-1.05954639e+05
1.48000000e-01,-1.80000000e-01,1.02655542e+04,9.40431604e+03,-1.03527577e+05
1.52000000e-01,-1.80000000e-01,1.02229017e+04,1.18231536e+04,-1.01033046e+05
1.56000000e-01,-1.80000000e-01,1.01709690e+04,1.40477845e+04,-9.84870384e+04
1.60000000e-01,-1.80000000e-01,1.01105194e+04,1.60852149e+04,-9.59042593e+04
1.64000000e-01,-1.80000000e-01,1.00422873e+04,1.79429729e+04,-9.32981424e+04
1.68000000e-01,-1.80000000e-01,9.96697565e+03,1.96289771e+04,-9.06808769e+04
1.72000000e-01,-1.80000000e-01,9.88525544e+03,2.11514168e+04,-8.80634478e+04
1.76000000e-01,-1.80000000e-01,9.79776431e+03,2.25186460e+04,-8.54556846e+04
1.80000000e-01,-1.80000000e-01,9.70510627e+03,2.37390892e+04,-8.28663179e+04
1.84000000e-01,-1.80000000e-01,9.60785160e+03,2.48211593e+04,-8.03030397e+04
1.88000000e-01,-1.80000000e-01,9.50653700e+03,2.57731875e+04,-7.77725689e+04
1.92000000e-01,-1.80000000e-01,9.40166610e+03,2.66033633e+04,-7.52807167e+04
1.96000000e-01,-1.80000000e-01,9.29371009e+03,2.73196851e+04,-7.28324545e+04
2.00000000e-01,-1.80000000e-01,9.18310862e+03,nan,nan
-2.00000000e-01,-1.76000000e-01,-9.46908290e+03,nan,nan
-1.96000000e-01,-1.76000000e-01,-9.58959742e+03,2.98240169e+04,7.51295774e+04
-1.92000000e-01,-1.76000000e-01,-9.70767503e+03,2.91577778e+04,7.77467121e+04
-1.88000000e-01,-1.76000000e-01,-9.82285964e+03,2.83731657e+04,8.04168211e+04
-1.84000000e-01,-1.76000000e-01,-9.93466036e+03,2.74613465e+04,8.31350739e+04
-1.80000000e-01,-1.76000000e-01,-1.00425504e+04,2.64132222e+04,8.58957360e+04
-1.76000000e-01,-1.76000000e-01,-1.01459661e+04,2.52194812e+04,8.86920903e+04
-1.72000000e-01,-1.76000000e-01,-1.02443063e+04,2.38706583e+04,9.15163574e+04
-1.68000000e-01,-1.76000000e-01,-1.03369314e+04,2.23572075e+04,9.43596180e+04
-1.64000000e-01,-1.76000000e-01,-1.04231639e+04,2.06695882e+04,9.72117373e+04
-1.60000000e-01,-1.76000000e-01,-1.05022881e+04,1.87983647e+04,1.00061294e+05
-1.56000000e-01,-1.76000000e-01,-1.05735508e+04,1.67343211e+04,1.02895517e+05
-1.52000000e-01,-1.76000000e-01,-1.06361627e+04,1.44685909e+04,1.05700229e+05
-1.48000000e-01,-1.76000000e-01,-1.06892996e+04,1.19928023e+04,1.08459804e+05
-1.44000000e-01,-1.76000000e-01,-1.07321051e+04,9.29923758e+03,1.11157140e+05
-1.40000000e-01,-1.76000000e-01,-1.07636935e+04,6.38100849e+03,1.13773648e+05
-1.36000000e-01,-1.76000000e-01,-1.07831532e+04,3.23224344e+03,1.16289262e+05
-1.32000000e-01,-1.76000000e-01,-1.07895514e+04,-1.51712782e+02,1.18682478e+05
-1.28000000e-01,-1.76000000e-01,-1.07819395e+04,-3.77409043e+03,1.20930412e+05
-1.24000000e-01,-1.76000000e-01,-1.07593587e+04,-7.63647981e+03,1.23008902e+05
-1.20000000e-01,-1.76000000e-01,-1.07208476e+04,-1.17386138e+04,1.24892632e+05
-1.16000000e-01,-1.76000000e-01,-1.06654498e+04,-1.60781521e+04,1.26555296e+05
-1.12000000e-01,-1.76000000e-01,-1.05922224e+04,-2.06504726e+04,1.27969806e+05
-1.08000000e-01,-1.76000000e-01,-1.05002460e+04,-2.54484744e+04,1.29108528e+05
-1.04000000e-01,-1.76000000e-01,-1.03886346e+04,-3.04624009e+04,1.29943567e+05
-1.00000000e-01,-1.76000000e-01,-1.02565468e+04,-3.56796860e+04,1.30447084e+05
-9.60000000e-02,-1.76000000e-01,-1.01031971e+04,-4.10848338e+04,1.30591649e+05
-9.20000000e-02,-1.76000000e-01,-9.92786812e+03,-4.66593347e+04,1.30350625e+05
-8.80000000e-02,-1.76000000e-01,-9.72992244e+03,-5.23816271e+04,1.29698583e+05
-8.40000000e-02,-1.76000000e-01,-9.50881510e+03,-5.82271079e+04,1.28611729e+05
-8.00000000e-02,-1.76000000e-01,-9.26410558e+03,-6.41681986e+04,1.27068350e+05
-7.60000000e-02,-1.76000000e-01,-8.99546952e+03,-7.01744687e+04,1.25049257e+05
-7.20000000e-02,-1.76000000e-01,-8.70270983e+03,-7.62128198e+04,1.22538230e+05
-6.80000000e-02,-1.76000000e-01,-8.38576696e+03,-8.22477311e+04,1.19522432e+05
-6.40000000e-02,-1.76000000e-01,-8.04472798e+03,-8.82415636e+04,1.15992812e+05
-6.00000000e-02,-1.76000000e-01,-7.67983445e+03,-9.41549231e+04,1.11944456e+05
-5.60000000e-02,-1.76000000e-01,-7.29148860e+03,-9.99470740e+04,1.07376892e+05
-5.20000000e-02,-1.76000000e-01,-6.88025786e+03,-1.05576400e+05,1.02294347e+05
-4.80000000e-02,-1.76000000e-01,-6.44687739e+03,-1.11000904e+05,9.67059193e+04
-4.40000000e-02,-1.76000000e-01,-5.99225062e+03,-1.16178735e+05,9.06256968e+04
-4.00000000e-02,-1.76000000e-01,-5.51744751e+03,-1.21068734e+05,8.40727839e+04
-3.60000000e-02,-1.76000000e-01,-5.02370074e+03,-1.25630993e+05,7.70712538e+04
-3.20000000e-02,-1.76000000e-01,-4.51239957e+03,-1.29827404e+05,6.96500174e+04
-2.80000000e-02,-1.76000000e-01,-3.98508152e+03,-1.33622197e+05,6.18426103e+04
-2.40000000e-02,-1.76000000e-01,-3.44342199e+03,-1.36982457e+05,5.36869025e+04
-2.00000000e-02,-1.76000000e-01,-2.88922186e+03,-1.39878601e+05,4.52247338e+04
-1.60000000e-02,-1.76000000e-01,-2.32439319e+03,-1.42284810e+05,3.65014810e+04
-1.20000000e-02,-1.76000000e-01,-1.75094338e+03,-1.44179414e+05,2.75655654e+04
-8.00000000e-03,-1.76000000e-01,-1.17095788e+03,-1.45545213e+05,1.84679084e+04
-4.00000000e-03,-1.76000000e-01,-5.86581677e+02,-1.46369735e+05,9.26134411e+03
0.00000000e+00,-1.76000000e-01,0.00000000e+00,-1.46645419e+05,-0.00000000e+00
4.00000000e-03,-1.76000000e-01,5.86581677e+02,-1.46369735e+05,-9.26134411e+03
8.00000000e-03,-1.76000000e-01,1.17095788e+03,-1.45545213e+05,-1.84679084e+04
1.20000000e-02,-1.76000000e-01,1.75094338e+03,-1.44179414e+05,-2.75655654e+04
1.60000000e-02,-1.76000000e-01,2.32439319e+03,-1.42284810e+05,-3.65014810e+04
2.00000000e-02,-1.76000000e-01,2.88922186e+03,-1.39878601e+05,-4.52247338e+04
2.40000000e-02,-1.76000000e-01,3.44342199e+03,-1.36982457e+05,-5.36869025e+04
2.80000000e-02,-1.76000000e-01,3.98508152e+03,-1.33622197e+05,-6.18426103e+04
3.20000000e-02,-1.76000000e-01,4.51239957e+03,-1.29827404e+05,-6.96500174e+04
3.60000000e-02,-1.76000000e-01,5.02370074e+03,-1.25630993e+05,-7.70712538e+04
4.00000000e-02,-1.76000000e-01,5.51744751e+03,-1.21068734e+05,-8.40727839e+04
4.40000000e-02,-1.76000000e-01,5.99225062e+03,-1.16178735e+05,-9.06256968e+04
4.80000000e-02,-1.76000000e-01,6.44687739e+03,-1.11000904e+05,-9.67059193e+04
5.20000000e-02,-1.76000000e-01,6.88025786e+03,-1.05576400e+05,-1.02294347e+05
5.60000000e-02,-1.76000000e-01,7.29148860e+03,-9.99470740e+04,-1.07376892e+05
6.00000000e-02,-1.76000000e-01,7.67983445e+03,-9.41549231e+04,-1.11944456e+05
6.40000000e-02,-1.76000000e-01,8.04472798e+03,-8.82415636e+04,-1.15992812e+05
6.80000000e-02,-1.76000000e-01,8.38576696e+03,-8.22477311e+04,-1.19522432e+05
7.20000000e-02,-1.76000000e-01,8.70270983e+03,-7.62128198e+04,-1.22538230e+05
7.60000000e-02,-1.76000000e-01,8.99546952e+03,-7.01744687e+04,-1.25049257e+05
8.00000000e-02,-1.76000000e-01,9.26410558e+03,-6.41681986e+04,-1.27068350e+05
8.40000000e-02,-1.76000000e-01,9.50881510e+03,-5.82271079e+04,-1.28611729e+05
8.80000000e-02,-1.76000000e-01,9.72992244e+03,-5.23816271e+04,-1.29698583e+05
9.20000000e-02,-1.76000000e-01,9.92786812e+03,-4.66593347e+04,-1.30350625e+05
9.60000000e-02,-1.76000000e-01,1.01031971e+04,-4.10848338e+04,-1.30591649e+05
1.00000000e-01,-1.76000000e-01,1.02565468e+04,-3.56796860e+04,-1.30447084e+05
1.04000000e-01,-1.76000000e-01,1.03886346e+04,-3.04624009e+04,-1.29943567e+05
1.08000000e-01,-1.76000000e-01,1.05002460e+04,-2.54484744e+04,-1.29108528e+05
1.12000000e-01,-1.76000000e-01,1.05922224e+04,-2.06504726e+04,-1.27969806e+05
1.16000000e-01,-1.76000000e-01,1.06654498e+04,-1.60781521e+04,-1.26555296e+05
1.20000000e-01,-1.76000000e-01,1.07208476e+04,-1.17386138e+04,-1.24892632e+05
1.24000000e-01,-1.76000000e-01,1.07593587e+04,-7.63647981e+03,-1.23008902e+05
1.28000000e-01,-1.76000000e-01,1.07819395e+04,-3.77409043e+03,-1.20930412e+05
1.32000000e-01,-1.76000000e-01,1.07895514e+04,-1.51712782e+02,-1.18682478e+05
1.36000000e-01,-1.76000000e-01,1.07831532e+04,3.23224344e+03,-1.16289262e+05
1.40000000e-01,-1.76000000e-01,1.07636935e+04,6.38100849e+03,-1.13773648e+05
1.44000000e-01,-1.76000000e-01,1.07321051e+04,9.29923758e+03,-1.11157140e+05
1.48000000e-01,-1.76000000e-01,1.06892996e+04,1.19928023e+04,-1.08459804e+05
1.52000000e-01,-1.76000000e-01,1.06361627e+04,1.44685909e+04,-1.05700229e+05
1.56000000e-01,-1.76000000e-01,1.05735508e+04,1.67343211e+04,-1.02895517e+05
1.60000000e-01,-1.76000000e-01,1.05022881e+04,1.87983647e+04,-1.00061294e+05
1.64000000e-01,-1.76000000e-01,1.04231639e+04,2.06695882e+04,-9.72117373e+04
1.68000000e-01,-1.76000000e-01,1.03369314e+04,2.23572075e+04,-9.43596180e+04
1.72000000e-01,-1.76000000e-01,1.02443063e+04,2.38706583e+04,-9.15163574e+04
1.76000000e-01,-1.76000000e-01,1.01459661e+04,2.52194812e+04,-8.86920903e+04
1.80000000e-01,-1.76000000e-01,1.00425504e+04,2.64132222e+04,-8.58957360e+04
1.84000000e-01,-1.76000000e-01,9.93466036e+03,2.74613465e+04,-8.31350739e+04
1.88000000e-01,-1.76000000e-01,9.82285964e+03,2.83731657e+04,-8.04168211e+04
1.92000000e-01,-1.76000000e-01,9.70767503e+03,2.91577778e+04,-7.77467121e+04
1.96000000e-01,-1.76000000e-01,9.58959742e+03,2.98240169e+04,-7.51295774e+04
2.00000000e-01,-1.76000000e-01,9.46908290e+03,nan,nan
-2.00000000e-01,-1.72000000e-01,-9.76366398e+03,nan,nan
-1.96000000e-01,-1.72000000e-01,-9.89474671e+03,3.24969769e+04,7.74610712e+04
-1.92000000e-01,-1.72000000e-01,-1.00236398e+04,3.18906070e+04,8.02563713e+04
-1.88000000e-01,-1.72000000e-01,-1.01498716e+04,3.11615492e+04,8.31151095e+04
-1.84000000e-01,-1.72000000e-01,-1.02729322e+04,3.03000742e+04,8.60326755e+04
-1.80000000e-01,-1.72000000e-01,-1.03922722e+04,2.92961056e+04,8.90034906e+04
-1.76000000e-01,-1.72000000e-01,-1.05073010e+04,2.81392674e+04,9.20209157e+04
-1.72000000e-01,-1.72000000e-01,-1.06173863e+04,2.68189445e+04,9.50771575e+04
-1.68000000e-01,-1.72000000e-01,-1.07218526e+04,2.53243570e+04,9.81631755e+04
-1.64000000e-01,-1.72000000e-01,-1.08199812e+04,2.36446491e+04,1.01268589e+05
-1.60000000e-01,-1.72000000e-01,-1.09110098e+04,2.17689946e+04,1.04381591e+05
-1.56000000e-01,-1.72000000e-01,-1.09941331e+04,1.96867191e+04,1.07488863e+05
-1.52000000e-01,-1.72000000e-01,-1.10685035e+04,1.73874405e+04,1.10575504e+05
-1.48000000e-01,-1.72000000e-01,-1.11332326e+04,1.48612274e+04,1.13624968e+05
-1.44000000e-01,-1.72000000e-01,-1.11873934e+04,1.20987761e+04,1.16619019e+05
-1.40000000e-01,-1.72000000e-01,-1.12300228e+04,9.09160601e+03,1.19537706e+05
-1.36000000e-01,-1.72000000e-01,-1.12601262e+04,5.83227104e+03,1.22359355e+05
-1.32000000e-01,-1.72000000e-01,-1.12766810e+04,2.31458707e+03,1.25060597e+05
-1.28000000e-01,-1.72000000e-01,-1.12786429e+04,-1.46612810e+03,1.27616423e+05
-1.24000000e-01,-1.72000000e-01,-1.12649520e+04,-5.51280506e+03,1.30000273e+05
-1.20000000e-01,-1.72000000e-01,-1.12345405e+04,-9.82636759e+03,1.32184166e+05
-1.16000000e-01,-1.72000000e-01,-1.11863410e+04,-1.44054770e+04,1.34138871e+05
-1.12000000e-01,-1.72000000e-01,-1.11192966e+04,-1.92462813e+04,1.35834127e+05
-1.08000000e-01,-1.72000000e-01,-1.10323708e+04,-2.43421768e+04,1.37238903e+05
-1.04000000e-01,-1.72000000e-01,-1.09245592e+04,-2.96835882e+04,1.38321706e+05
-1.00000000e-01,-1.72000000e-01,-1.07949021e+04,-3.52577756e+04,1.39050942e+05
-9.60000000e-02,-1.72000000e-01,-1.06424970e+04,-4.10486762e+04,1.39395309e+05
-9.20000000e-02,-1.72000000e-01,-1.04665127e+04,-4.70367891e+04,1.39324242e+05
-8.80000000e-02,-1.72000000e-01,-1.02662027e+04,-5.31991102e+04,1.38808378e+05
-8.40000000e-02,-1.72000000e-01,-1.00409198e+04,-5.95091247e+04,1.37820061e+05
-8.00000000e-02,-1.72000000e-01,-9.79012971e+03,-6.59368631e+04,1.36333855e+05
-7.60000000e-02,-1.72000000e-01,-9.51342490e+03,-7.24490262e+04,1.34327065e+05
-7.20000000e-02,-1.72000000e-01,-9.21053750e+03,-7.90091803e+04,1.31780259e+05
-6.80000000e-02,-1.72000000e-01,-8.88135146e+03,-8.55780260e+04,1.28677763e+05
-6.40000000e-02,-1.72000000e-01,-8.52591330e+03,-9.21137381e+04,1.25008136e+05
-6.00000000e-02,-1.72000000e-01,-8.14444155e+03,-9.85723744e+04,1.20764589e+05
-5.60000000e-02,-1.72000000e-01,-7.73733430e+03,-1.04908347e+05,1.15945361e+05
-5.20000000e-02,-1.72000000e-01,-7.30517477e+03,-1.11074950e+05,1.10554019e+05
-4.80000000e-02,-1.72000000e-01,-6.84873470e+03,-1.17024934e+05,1.04599684e+05
-4.40000000e-02,-1.72000000e-01,-6.36897530e+03,-1.22711114e+05,9.80971682e+04
-4.00000000e-02,-1.72000000e-01,-5.86704579e+03,-1.28087004e+05,9.10670272e+04
-3.60000000e-02,-1.72000000e-01,-5.34427927e+03,-1.33107459e+05,8.35355101e+04
-3.20000000e-02,-1.72000000e-01,-4.80218612e+03,-1.37729315e+05,7.55344170e+04
-2.80000000e-02,-1.72000000e-01,-4.24244475e+03,-1.41912016e+05,6.71008602e+04
-2.40000000e-02,-1.72000000e-01,-3.66688999e+03,-1.45618206e+05,5.82769337e+04
-2.00000000e-02,-1.72000000e-01,-3.07749910e+03,-1.48814289e+05,4.91092959e+04
-1.60000000e-02,-1.72000000e-01,-2.47637568e+03,-1.51470926e+05,3.96486743e+04
-1.20000000e-02,-1.72000000e-01,-1.86573170e+03,-1.53563481e+05,2.99492987e+04
-8.00000000e-03,-1.72000000e-01,-1.24786784e+03,-1.55072395e+05,2.00682750e+04
-4.00000000e-03,-1.72000000e-01,-6.25152539e+02,-1.55983479e+05,1.00649104e+04
0.00000000e+00,-1.72000000e-01,0.00000000e+00,-1.56288135e+05,-0.00000000e+00
4.00000000e-03,-1.72000000e-01,6.25152539e+02,-1.55983479e+05,-1.00649104e+04
8.00000000e-03,-1.72000000e-01,1.24786784e+03,-1.55072395e+05,-2.00682750e+04
1.20000000e-02,-1.72000000e-01,1.86573170e+03,-1.53563481e+05,-2.99492987e+04
1.60000000e-02,-1.72000000e-01,2.47637568e+03,-1.51470926e+05,-3.96486743e+04
2.00000000e-02,-1.72000000e-01,3.07749910e+03,-1.48814289e+05,-4.91092959e+04
2.40000000e-02,-1.72000000e-01,3.66688999e+03,-1.45618206e+05,-5.82769337e+04
2.80000000e-02,-1.72000000e-01,4.24244475e+03,-1.41912016e+05,-6.71008602e+04
3.20000000e-02,-1.72000000e-01,4.80218612e+03,-1.37729315e+05,-7.55344170e+04
3.60000000e-02,-1.72000000e-01,5.34427927e+03,-1.33107459e+05,-8.35355101e+04
4.00000000e-02,-1.72000000e-01,5.86704579e+03,-1.28087004e+05,-9.10670272e+04
4.40000000e-02,-1.72000000e-01,6.36897530e+03,-1.22711114e+05,-9.80971682e+04
4.80000000e-02,-1.72000000e-01,6.84873470e+03,-1.17024934e+05,-1.04599684e+05
5.20000000e-02,-1.72000000e-01,7.30517477e+03,-1.11074950e+05,-1.10554019e+05
5.60000000e-02,-1.72000000e-01,7.73733430e+03,-1.04908347e+05,-1.15945361e+05
6.00000000e-02,-1.72000000e-01,8.14444155e+03,-9.85723744e+04,-1.20764589e+05
6.40000000e-02,-1.72000000e-01,8.52591330e+03,-9.21137381e+04,-1.25008136e+05
6.80000000e-02,-1.72000000e-01,8.88135146e+03,-8.55780260e+04,-1.28677763e+05
7.20000000e-02,-1.72000000e-01,9.21053750e+03,-7.90091803e+04,-1.31780259e+05
7.60000000e-02,-1.72000000e-01,9.51342490e+03,-7.24490262e+04,-1.34327065e+05
8.00000000e-02,-1.72000000e-01,9.79012971e+03,-6.59368631e+04,-1.36333855e+05
8.40000000e-02,-1.72000000e-01,1.00409198e+04,-5.95091247e+04,-1.37820061e+05
8.80000000e-02,-1.72000000e-01,1.02662027e+04,-5.31991102e+04,-1.38808378e+05
9.20000000e-02,-1.72000000e-01,1.04665127e+04,-4.70367891e+04,-1.39324242e+05
9.60000000e-02,-1.72000000e-01,1.06424970e+04,-4.10486762e+04,-1.39395309e+05
1.00000000e-01,-1.72000000e-01,1.07949021e+04,-3.52577756e+04,-1.39050942e+05
1.04000000e-01,-1.72000000e-01,1.09245592e+04,-2.96835882e+04,-1.38321706e+05
1.08000000e-01,-1.72000000e-01,1.10323708e+04,-2.43421768e+04,-1.37238903e+05
1.12000000e-01,-1.72000000e-01,1.11192966e+04,-1.92462813e+04,-1.35834127e+05
1.16000000e-01,-1.72000000e-01,1.11863410e+04,-1.44054770e+04,-1.34138871e+05
1.20000000e-01,-1.72000000e-01,1.12345405e+04,-9.82636759e+03,-1.32184166e+05
1.24000000e-01,-1.72000000e-01,1.12649520e+04,-5.51280506e+03,-1.30000273e+05
1.28000000e-01,-1.72000000e-01,1.12786429e+04,-1.46612810e+03,-1.27616423e+05
1.32000000e-01,-1.72000000e-01,1.12766810e+04,2.31458707e+03,-1.25060597e+05
1.36000000e-01,-1.72000000e-01,1.12601262e+04,5.83227104e+03,-1.22359355e+05
1.40000000e-01,-1.72000000e-01,1.12300228e+04,9.09160601e+03,-1.19537706e+05
1.44000000e-01,-1.72000000e-01,1.11873934e+04,1.20987761e+04,-1.16619019e+05
1.48000000e-01,-1.72000000e-01,1.11332326e+04,1.48612274e+04,-1.13624968e+05
1.52000000e-01,-1.72000000e-01,1.10685035e+04,1.73874405e+04,-1.10575504e+05
1.56000000e-01,-1.72000000e-01,1.09941331e+04,1.96867191e+04,-1.07488863e+05
1.60000000e-01,-1.72000000e-01,1.09110098e+04,2.17689946e+04,-1.04381591e+05
1.64000000e-01,-1.72000000e-01,1.08199812e+04,2.36446491e+04,-1.01268589e+05
1.68000000e-01,-1.72000000e-01,1.07218526e+04,2.53243570e+04,-9.81631755e+04
1.72000000e-01,-1.72000000e-01,1.06173863e+04,2.68189445e+04,-9.50771575e+04
1.76000000e-01,-1.72000000e-01,1.05073010e+04,2.81392674e+04,-9.20209157e+04
1.80000000e-01,-1.72000000e-01,1.03922722e+04,2.92961056e+04,-8.90034906e+04
1.84000000e-01,-1.72000000e-01,1.02729322e+04,3.03000742e+04,-8.60326755e+04
1.88000000e-01,-1.72000000e-01,1.01498716e+04,3.11615492e+04,-8.31151095e+04
1.92000000e-01,-1.72000000e-01,1.00236398e+04,3.18906070e+04,-8.02563713e+04
1.96000000e-01,-1.72000000e-01,9.89474671e+03,3.24969769e+04,-7.74610712e+04
2.00000000e-01,-1.72000000e-01,9.76366398e+03,nan,nan
-2.00000000e-01,-1.68000000e-01,-1.00669464e+04,nan,nan
-1.96000000e-01,-1.68000000e-01,-1.02092860e+04,3.53474480e+04,7.98217925e+04
-1.92000000e-01,-1.68000000e-01,-1.03497260e+04,3.48118161e+04,8.28047471e+04
-1.88000000e-01,-1.68000000e-01,-1.04877805e+04,3.41494699e+04,8.58627741e+04
-1.84000000e-01,-1.68000000e-01,-1.06229218e+04,3.33497276e+04,8.89915765e+04
-1.80000000e-01,-1.68000000e-01,-1.07545783e+04,3.24014624e+04,9.21858252e+04
-1.76000000e-01,-1.68000000e-01,-1.08821335e+04,3.12931481e+04,9.54390522e+04
-1.72000000e-01,-1.68000000e-01,-1.10049235e+04,3.00129182e+04,9.87435410e+04
-1.68000000e-01,-1.68000000e-01,-1.11222368e+04,2.85486394e+04,1.02090215e+05
-1.64000000e-01,-1.68000000e-01,-1.12333126e+04,2.68880040e+04,1.05468528e+05
-1.60000000e-01,-1.68000000e-01,-1.13373408e+04,2.50186383e+04,1.08866351e+05
-1.56000000e-01,-1.68000000e-01,-1.14334617e+04,2.29282335e+04,1.12269876e+05
-1.52000000e-01,-1.68000000e-01,-1.15207667e+04,2.06046955e+04,1.15663514e+05
-1.48000000e-01,-1.68000000e-01,-1.15982993e+04,1.80363176e+04,1.19029817e+05
-1.44000000e-01,-1.68000000e-01,-1.16650572e+04,1.52119755e+04,1.22349405e+05
-1.40000000e-01,-1.68000000e-01,-1.17199951e+04,1.21213439e+04,1.25600925e+05
-1.36000000e-01,-1.68000000e-01,-1.17620280e+04,8.75513482e+03,1.28761023e+05
-1.32000000e-01,-1.68000000e-01,-1.17900362e+04,5.10535597e+03,1.31804354e+05
-1.28000000e-01,-1.68000000e-01,-1.18028708e+04,1.16558573e+03,1.34703627e+05
-1.24000000e-01,-1.68000000e-01,-1.17993609e+04,-3.06873736e+03,1.37429683e+05
-1.20000000e-01,-1.68000000e-01,-1.17783209e+04,-7.60001582e+03,1.39951625e+05
-1.16000000e-01,-1.68000000e-01,-1.17385607e+04,-1.24281906e+04,1.42236993e+05
-1.12000000e-01,-1.68000000e-01,-1.16788954e+04,-1.75504411e+04,1.44251996e+05
-1.08000000e-01,-1.68000000e-01,-1.15981572e+04,-2.29608959e+04,1.45961793e+05
-1.04000000e-01,-1.68000000e-01,-1.14952083e+04,-2.86503619e+04,1.47330834e+05
-1.00000000e-01,-1.68000000e-01,-1.13689543e+04,-3.46060827e+04,1.48323257e+05
-9.60000000e-02,-1.68000000e-01,-1.12183596e+04,-4.08115336e+04,1.48903339e+05
-9.20000000e-02,-1.68000000e-01,-1.10424621e+04,-4.72462660e+04,1.49035992e+05
-8.80000000e-02,-1.68000000e-01,-1.08403895e+04,-5.38858077e+04,1.48687310e+05
-8.40000000e-02,-1.68000000e-01,-1.06113756e+04,-6.07016312e+04,1.47825143e+05
-8.00000000e-02,-1.68000000e-01,-1.03547764e+04,-6.76611948e+04,1.46419697e+05
-7.60000000e-02,-1.68000000e-01,-1.00700860e+04,-7.47280646e+04,1.44444154e+05
-7.20000000e-02,-1.68000000e-01,-9.75695190e+03,-8.18621214e+04,1.41875273e+05
-6.80000000e-02,-1.68000000e-01,-9.41518906e+03,-8.90198541e+04,1.38693992e+05
-6.40000000e-02,-1.68000000e-01,-9.04479307e+03,-9.61547382e+04,1.34885981e+05
-6.00000000e-02,-1.68000000e-01,-8.64595116e+03,-1.03217698e+05,1.30442156e+05
-5.60000000e-02,-1.68000000e-01,-8.21905149e+03,-1.10157644e+05,1.25359125e+05
-5.20000000e-02,-1.68000000e-01,-7.76469001e+03,-1.16922078e+05,1.19639554e+05
-4.80000000e-02,-1.68000000e-01,-7.28367486e+03,-1.23457756e+05,1.13292447e+05
-4.40000000e-02,-1.68000000e-01,-6.77702797e+03,-1.29711392e+05,1.06333319e+05
-4.00000000e-02,-1.68000000e-01,-6.24598373e+03,-1.35630392e+05,9.87842677e+04
-3.60000000e-02,-1.68000000e-01,-5.69198483e+03,-1.41163603e+05,9.06739302e+04
-3.20000000e-02,-1.68000000e-01,-5.11667490e+03,-1.46262054e+05,8.20373234e+04
-2.80000000e-02,-1.68000000e-01,-4.52188840e+03,-1.50879680e+05,7.29155761e+04
-2.40000000e-02,-1.68000000e-01,-3.90963746e+03,-1.54974022e+05,6.33555520e+04
-2.00000000e-02,-1.68000000e-01,-3.28209623e+03,-1.58506860e+05,5.34093711e+04
-1.60000000e-02,-1.68000000e-01,-2.64158258e+03,-1.61444807e+05,4.31338397e+04
-1.20000000e-02,-1.68000000e-01,-1.99053777e+03,-1.63759813e+05,3.25897982e+04
-8.00000000e-03,-1.68000000e-01,-1.33150408e+03,-1.65429601e+05,2.18414000e+04
-4.00000000e-03,-1.68000000e-01,-6.67100960e+02,-1.66438010e+05,1.09553332e+04
0.00000000e+00,-1.68000000e-01,0.00000000e+00,-1.66775240e+05,-0.00000000e+00
4.00000000e-03,-1.68000000e-01,6.67100960e+02,-1.66438010e+05,-1.09553332e+04
8.00000000e-03,-1.68000000e-01,1.33150408e+03,-1.65429601e+05,-2.18414000e+04
1.20000000e-02,-1.68000000e-01,1.99053777e+03,-1.63759813e+05,-3.25897982e+04
1.60000000e-02,-1.68000000e-01,2.64158258e+03,-1.61444807e+05,-4.31338397e+04
2.00000000e-02,-1.68000000e-01,3.28209623e+03,-1.58506860e+05,-5.34093711e+04
2.40000000e-02,-1.68000000e-01,3.90963746e+03,-1.54974022e+05,-6.33555520e+04
2.80000000e-02,-1.68000000e-01,4.52188840e+03,-1.50879680e+05,-7.29155761e+04
3.20000000e-02,-1.68000000e-01,5.11667490e+03,-1.46262054e+05,-8.20373234e+04
3.60000000e-02,-1.68000000e-01,5.69198483e+03,-1.41163603e+05,-9.06739302e+04
4.00000000e-02,-1.68000000e-01,6.24598373e+03,-1.35630392e+05,-9.87842677e+04
4.40000000e-02,-1.68000000e-01,6.77702797e+03,-1.29711392e+05,-1.06333319e+05
4.80000000e-02,-1.68000000e-01,7.28367486e+03,-1.23457756e+05,-1.13292447e+05
5.20000000e-02,-1.68000000e-01,7.76469001e+03,-1.16922078e+05,-1.19639554e+05
5.60000000e-02,-1.68000000e-01,8.21905149e+03,-1.10157644e+05,-1.25359125e+05
6.00000000e-02,-1.68000000e-01,8.64595116e+03,-1.03217698e+05,-1.30442156e+05
6.40000000e-02,-1.68000000e-01,9.04479307e+03,-9.61547382e+04,-1.34885981e+05
6.80000000e-02,-1.68000000e-01,9.41518906e+03,-8.90198541e+04,-1.38693992e+05
7.20000000e-02,-1.68000000e-01,9.75695190e+03,-8.18621214e+04,-1.41875273e+05
7.60000000e-02,-1.68000000e-01,1.00700860e+04,-7.47280646e+04,-1.44444154e+05
8.00000000e-02,-1.68000000e-01,1.03547764e+04,-6.76611948e+04,-1.46419697e+05
8.40000000e-02,-1.68000000e-01,1.06113756e+04,-6.07016312e+04,-1.47825143e+05
8.80000000e-02,-1.68000000e-01,1.08403895e+04,-5.38858077e+04,-1.48687310e+05
9.20000000e-02,-1.68000000e-01,1.10424621e+04,-4.72462660e+04,-1.49035992e+05
9.60000000e-02,-1.68000000e-01,1.12183596e+04,-4.08115336e+04,-1.48903339e+05
1.00000000e-01,-1.68000000e-01,1.13689543e+04,-3.46060827e+04,-1.48323257e+05
1.04000000e-01,-1.68000000e-01,1.14952083e+04,-2.86503619e+04,-1.47330834e+05
1.08000000e-01,-1.68000000e-01,1.15981572e+04,-2.29608959e+04,-1.45961793e+05
1.12000000e-01,-1.68000000e-01,1.16788954e+04,-1.75504411e+04,-1.44251996e+05
1.16000000e-01,-1.68000000e-01,1.17385607e+04,-1.24281906e+04,-1.42236993e+05
1.20000000e-01,-1.68000000e-01,1.17783209e+04,-7.60001582e+03,-1.39951625e+05
1.24000000e-01,-1.68000000e-01,1.17993609e+04,-3.06873736e+03,-1.37429683e+05
1.28000000e-01,-1.68000000e-01,1.18028708e+04,1.16558573e+03,-1.34703627e+05
1.32000000e-01,-1.68000000e-01,1.17900362e+04,5.10535597e+03,-1.31804354e+05
1.36000000e-01,-1.68000000e-01,1.17620280e+04,8.75513482e+03,-1.28761023e+05
1.40000000e-01,-1.68000000e-01,1.17199951e+04,1.21213439e+04,-1.25600925e+05
1.44000000e-01,-1.68000000e-01,1.16650572e+04,1.52119755e+04,-1.22349405e+05
1.48000000e-01,-1.68000000e-01,1.15982993e+04,1.80363176e+04,-1.19029817e+05
1.52000000e-01,-1.68000000e-01,1.15207667e+04,2.06046955e+04,-1.15663514e+05
1.56000000e-01,-1.68000000e-01,1.14334617e+04,2.29282335e+04,-1.12269876e+05
1.60000000e-01,-1.68000000e-01,1.13373408e+04,2.50186383e+04,-1.08866351e+05
1.64000000e-01,-1.68000000e-01,1.12333126e+04,2.68880040e+04,-1.05468528e+05
1.68000000e-01,-1.68000000e-01,1.11222368e+04,2.85486394e+04,-1.02090215e+05
1.72000000e-01,-1.68000000e-01,1.10049235e+04,3.00129182e+04,-9.87435410e+04
1.76000000e-01,-1.68000000e-01,1.08821335e+04,3.12931481e+04,-9.54390522e+04
1.80000000e-01,-1.68000000e-01,1.07545783e+04,3.24014624e+04,-9.21858252e+04
1.84000000e-01,-1.68000000e-01,1.06229218e+04,3.33497276e+04,-8.89915765e+04
1.88000000e-01,-1.68000000e-01,1.04877805e+04,3.41494699e+04,-8.58627741e+04
1.92000000e-01,-1.68000000e-01,1.03497260e+04,3.48118161e+04,-8.28047471e+04
1.96000000e-01,-1.68000000e-01,1.02092860e+04,3.53474480e+04,-7.98217925e+04
2.00000000e-01,-1.68000000e-01,1.00669464e+04,nan,nan
-2.00000000e-01,-1.64000000e-01,-1.03790022e+04,nan,nan
-1.96000000e-01,-1.64000000e-01,-1.05333211e+04,3.83844465e+04,8.22057501e+04
-1.92000000e-01,-1.64000000e-01,-1.06860778e+04,3.79315886e+04,8.53859915e+04
-1.88000000e-01,-1.64000000e-01,-1.08367738e+04,3.73483786e+04,8.86542037e+04
-1.84000000e-01,-1.64000000e-01,-1.09848648e+04,3.66231253e+04,9.20065120e+04
-1.80000000e-01,-1.64000000e-01,-1.11297588e+04,3.57435814e+04,9.54379480e+04
-1.76000000e-01,-1.64000000e-01,-1.12708135e+04,3.46969833e+04,9.89423268e+04
-1.72000000e-01,-1.64000000e-01,-1.14073346e+04,3.34701076e+04,1.02512119e+05
-1.68000000e-01,-1.64000000e-01,-1.15385743e+04,3.20493435e+04,1.06138318e+05
-1.64000000e-01,-1.64000000e-01,-1.16637294e+04,3.04207848e+04,1.09810312e+05
-1.60000000e-01,-1.64000000e-01,-1.17819406e+04,2.85703430e+04,1.13515744e+05
-1.56000000e-01,-1.64000000e-01,-1.18922921e+04,2.64838824e+04,1.17240389e+05
-1.52000000e-01,-1.64000000e-01,-1.19938117e+04,2.41473815e+04,1.20968034e+05
-1.48000000e-01,-1.64000000e-01,-1.20854712e+04,2.15471183e+04,1.24680362e+05
-1.44000000e-01,-1.64000000e-01,-1.21661886e+04,1.86698842e+04,1.28356861e+05
-1.40000000e-01,-1.64000000e-01,-1.22348302e+04,1.55032235e+04,1.31974754e+05
-1.36000000e-01,-1.64000000e-01,-1.22902144e+04,1.20357006e+04,1.35508945e+05
-1.32000000e-01,-1.64000000e-01,-1.23311159e+04,8.25719175e+03,1.38932011e+05
-1.28000000e-01,-1.64000000e-01,-1.23562719e+04,4.15920058e+03,1.42214221e+05
-1.24000000e-01,-1.64000000e-01,-1.23643895e+04,-2.64807856e+02,1.45323613e+05
-1.20000000e-01,-1.64000000e-01,-1.23541535e+04,-5.01905787e+03,1.48226106e+05
-1.16000000e-01,-1.64000000e-01,-1.23242370e+04,-1.01051058e+04,1.50885684e+05
-1.12000000e-01,-1.64000000e-01,-1.22733126e+04,-1.55214816e+04,1.53264635e+05
-1.08000000e-01,-1.64000000e-01,-1.22000651e+04,-2.12633391e+04,1.55323849e+05
-1.04000000e-01,-1.64000000e-01,-1.21032059e+04,-2.73221237e+04,1.57023201e+05
-1.00000000e-01,-1.64000000e-01,-1.19814882e+04,-3.36852701e+04,1.58321982e+05
-9.60000000e-02,-1.64000000e-01,-1.18337237e+04,-4.03359407e+04,1.59179411e+05
-9.20000000e-02,-1.64000000e-01,-1.16588006e+04,-4.72528176e+04,1.59555201e+05
-8.80000000e-02,-1.64000000e-01,-1.14557012e+04,-5.44099601e+04,1.59410184e+05
-8.40000000e-02,-1.64000000e-01,-1.12235209e+04,-6.17767379e+04,1.58706978e+05
-8.00000000e-02,-1.64000000e-01,-1.09614873e+04,-6.93178521e+04,1.57410691e+05
-7.60000000e-02,-1.64000000e-01,-1.06689781e+04,-7.69934502e+04,1.55489640e+05
-7.20000000e-02,-1.64000000e-01,-1.03455397e+04,-8.47593419e+04,1.52916073e+05
-6.80000000e-02,-1.64000000e-01,-9.99090339e+03,-9.25673181e+04,1.49666872e+05
-6.40000000e-02,-1.64000000e-01,-9.60500115e+03,-1.00365574e+05,1.45724224e+05
-6.00000000e-02,-1.64000000e-01,-9.18797880e+03,-1.08099230e+05,1.41076235e+05
-5.60000000e-02,-1.64000000e-01,-8.74020730e+03,-1.15710949e+05,1.35717466e+05
-5.20000000e-02,-1.64000000e-01,-8.26229121e+03,-1.23141629e+05,1.29649378e+05
-4.80000000e-02,-1.64000000e-01,-7.75507427e+03,-1.30331170e+05,1.22880682e+05
-4.40000000e-02,-1.64000000e-01,-7.21964185e+03,-1.37219293e+05,1.15427551e+05
-4.00000000e-02,-1.64000000e-01,-6.65731993e+03,-1.43746392e+05,1.07313720e+05
-3.60000000e-02,-1.64000000e-01,-6.06967071e+03,-1.49854403e+05,9.85704455e+04
-3.20000000e-02,-1.64000000e-01,-5.45848471e+03,-1.55487669e+05,8.92363324e+04
-2.80000000e-02,-1.64000000e-01,-4.82576936e+03,-1.60593787e+05,7.93570299e+04
-2.40000000e-02,-1.64000000e-01,-4.17373441e+03,-1.65124411e+05,6.89847990e+04
-2.00000000e-02,-1.64000000e-01,-3.50477407e+03,-1.69036001e+05,5.81779621e+04
-1.60000000e-02,-1.64000000e-01,-2.82144640e+03,-1.72290498e+05,4.70002456e+04
-1.20000000e-02,-1.64000000e-01,-2.12645008e+03,-1.74855921e+05,3.55200275e+04
-8.00000000e-03,-1.64000000e-01,-1.42259904e+03,-1.76706860e+05,2.38095051e+04
-4.00000000e-03,-1.64000000e-01,-7.12795205e+02,-1.77824879e+05,1.19437978e+04
0.00000000e+00,-1.64000000e-01,0.00000000e+00,-1.78198801e+05,-0.00000000e+00
4.00000000e-03,-1.64000000e-01,7.12795205e+02,-1.77824879e+05,-1.19437978e+04
8.00000000e-03,-1.64000000e-01,1.42259904e+03,-1.76706860e+05,-2.38095051e+04
1.20000000e-02,-1.64000000e-01,2.12645008e+03,-1.74855921e+05,-3.55200275e+04
1.60000000e-02,-1.64000000e-01,2.82144640e+03,-1.72290498e+05,-4.70002456e+04
2.00000000e-02,-1.64000000e-01,3.50477407e+03,-1.69036001e+05,-5.81779621e+04
2.40000000e-02,-1.64000000e-01,4.17373441e+03,-1.65124411e+05,-6.89847990e+04
2.80000000e-02,-1.64000000e-01,4.82576936e+03,-1.60593787e+05,-7.93570299e+04
3.20000000e-02,-1.64000000e-01,5.45848471e+03,-1.55487669e+05,-8.92363324e+04
3.60000000e-02,-1.64000000e-01,6.06967071e+03,-1.49854403e+05,-9.85704455e+04
4.00000000e-02,-1.64000000e-01,6.65731993e+03,-1.43746392e+05,-1.07313720e+05
4.40000000e-02,-1.64000000e-01,7.21964185e+03,-1.37219293e+05,-1.15427551e+05
4.80000000e-02,-1.64000000e-01,7.75507427e+03,-1.30331170e+05,-1.22880682e+05
5.20000000e-02,-1.64000000e-01,8.26229121e+03,-1.23141629e+05,-1.29649378e+05
5.60000000e-02,-1.64000000e-01,8.74020730e+03,-1.15710949e+05,-1.35717466e+05
6.00000000e-02,-1.64000000e-01,9.18797880e+03,-1.08099230e+05,-1.41076235e+05
6.40000000e-02,-1.64000000e-01,9.60500115e+03,-1.00365574e+05,-1.45724224e+05
6.80000000e-02,-1.64000000e-01,9.99090339e+03,-9.25673181e+04,-1.49666872e+05
7.20000000e-02,-1.64000000e-01,1.03455397e+04,-8.47593419e+04,-1.52916073e+05
7.60000000e-02,-1.64000000e-01,1.06689781e+04,-7.69934502e+04,-1.55489640e+05
8.00000000e-02,-1.64000000e-01,1.09614873e+04,-6.93178521e+04,-1.57410691e+05
8.40000000e-02,-1.64000000e-01,1.12235209e+04,-6.17767379e+04,-1.58706978e+05
8.80000000e-02,-1.64000000e-01,1.14557012e+04,-5.44099601e+04,-1.59410184e+05
9.20000000e-02,-1.64000000e-01,1.16588006e+04,-4.72528176e+04,-1.59555201e+05
9.60000000e-02,-1.64000000e-01,1.18337237e+04,-4.03359407e+04,-1.59179411e+05
1.00000000e-01,-1.64000000e-01,1.19814882e+04,-3.36852701e+04,-1.58321982e+05
1.04000000e-01,-1.64000000e-01,1.21032059e+04,-2.73221237e+04,-1.57023201e+05
1.08000000e-01,-1.64000000e-01,1.22000651e+04,-2.12633391e+04,-1.55323849e+05
1.12000000e-01,-1.64000000e-01,1.22733126e+04,-1.55214816e+04,-1.53264635e+05
1.16000000e-01,-1.64000000e-01,1.23242370e+04,-1.01051058e+04,-1.50885684e+05
1.20000000e-01,-1.64000000e-01,1.23541535e+04,-5.01905787e+03,-1.48226106e+05
1.24000000e-01,-1.64000000e-01,1.23643895e+04,-2.64807856e+02,-1.45323613e+05
1.28000000e-01,-1.64000000e-01,1.23562719e+04,4.15920058e+03,-1.42214221e+05
1.32000000e-01,-1.64000000e-01,1.23311159e+04,8.25719175e+03,-1.38932011e+05
1.36000000e-01,-1.64000000e-01,1.22902144e+04,1.20357006e+04,-1.35508945e+05
1.40000000e-01,-1.64000000e-01,1.22348302e+04,1.55032235e+04,-1.31974754e+05
1.44000000e-01,-1.64000000e-01,1.21661886e+04,1.86698842e+04,-1.28356861e+05
1.48000000e-01,-1.64000000e-01,1.20854712e+04,2.15471183e+04,-1.24680362e+05
1.52000000e-01,-1.64000000e-01,1.19938117e+04,2.41473815e+04,-1.20968034e+05
1.56000000e-01,-1.64000000e-01,1.18922921e+04,2.64838824e+04,-1.17240389e+05
1.60000000e-01,-1.64000000e-01,1.17819406e+04,2.85703430e+04,-1.13515744e+05
1.64000000e-01,-1.64000000e-01,1.16637294e+04,3.04207848e+04,-1.09810312e+05
1.68000000e-01,-1.64000000e-01,1.15385743e+04,3.20493435e+04,-1.06138318e+05
1.72000000e-01,-1.64000000e-01,1.14073346e+04,3.34701076e+04,-1.02512119e+05
1.76000000e-01,-1.64000000e-01,1.12708135e+04,3.46969833e+04,-9.89423268e+04
1.80000000e-01,-1.64000000e-01,1.11297588e+04,3.57435814e+04,-9.54379480e+04
1.84000000e-01,-1.64000000e-01,1.09848648e+04,3.66231253e+04,-9.20065120e+04
1.88000000e-01,-1.64000000e-01,1.08367738e+04,3.73483786e+04,-8.86542037e+04
1.92000000e-01,-1.64000000e-01,1.06860778e+04,3.79315886e+04,-8.53859915e+04
1.96000000e-01,-1.64000000e-01,1.05333211e+04,3.83844465e+04,-8.22057501e+04
2.00000000e-01,-1.64000000e-01,1.03790022e+04,nan,nan
-2.00000000e-01,-1.60000000e-01,-1.06998774e+04,nan,nan
-1.96000000e-01,-1.60000000e-01,-1.08669320e+04,4.16170623e+04,8.46060277e+04
-1.92000000e-01,-1.60000000e-01,-1.10328139e+04,4.12602696e+04,8.79932659e+04
-1.88000000e-01,-1.60000000e-01,-1.11970141e+04,4.07699904e+04,9.14827333e+04
-1.84000000e-01,-1.60000000e-01,-1.13589739e+04,4.01334719e+04,9.50711041e+04
-1.80000000e-01,-1.60000000e-01,-1.15180819e+04,3.93372772e+04,9.87539012e+04
-1.76000000e-01,-1.60000000e-01,-1.16736721e+04,3.83673188e+04,1.02525356e+05
-1.72000000e-01,-1.60000000e-01,-1.18250205e+04,3.72089098e+04,1.06378258e+05
-1.68000000e-01,-1.60000000e-01,-1.19713434e+04,3.58468325e+04,1.10303806e+05
-1.64000000e-01,-1.60000000e-01,-1.21117951e+04,3.42654290e+04,1.14291444e+05
-1.60000000e-01,-1.60000000e-01,-1.22454668e+04,3.24487159e+04,1.18328706e+05
-1.56000000e-01,-1.60000000e-01,-1.23713849e+04,3.03805239e+04,1.22401059e+05
-1.52000000e-01,-1.60000000e-01,-1.24885110e+04,2.80446678e+04,1.26491746e+05
-1.48000000e-01,-1.60000000e-01,-1.25957422e+04,2.54251451e+04,1.30581649e+05
-1.44000000e-01,-1.60000000e-01,-1.26919121e+04,2.25063680e+04,1.34649160e+05
-1.40000000e-01,-1.60000000e-01,-1.27757931e+04,1.92734276e+04,1.38670074e+05
-1.36000000e-01,-1.60000000e-01,-1.28460996e+04,1.57123913e+04,1.42617513e+05
-1.32000000e-01,-1.60000000e-01,-1.29014923e+04,1.18106320e+04,1.46461880e+05
-1.28000000e-01,-1.60000000e-01,-1.29405846e+04,7.55718784e+03,1.50170864e+05
-1.24000000e-01,-1.60000000e-01,-1.29619498e+04,2.94314721e+03,1.53709484e+05
-1.20000000e-01,-1.60000000e-01,-1.29641298e+04,-2.03794410e+03,1.57040199e+05
-1.16000000e-01,-1.60000000e-01,-1.29456462e+04,-7.38966180e+03,1.60123086e+05
-1.12000000e-01,-1.60000000e-01,-1.29050125e+04,-1.31122761e+04,1.62916081e+05
-1.08000000e-01,-1.60000000e-01,-1.28407480e+04,-1.92023292e+04,1.65375305e+05
-1.04000000e-01,-1.60000000e-01,-1.27513939e+04,-2.56522289e+04,1.67455468e+05
-1.00000000e-01,-1.60000000e-01,-1.26355302e+04,-3.24498727e+04,1.69110359e+05
-9.60000000e-02,-1.60000000e-01,-1.24917949e+04,-3.95783148e+04,1.70293411e+05
-9.20000000e-02,-1.60000000e-01,-1.23189037e+04,-4.70154933e+04,1.70958354e+05
-8.80000000e-02,-1.60000000e-01,-1.21156709e+04,-5.47340310e+04,1.71059923e+05
-8.40000000e-02,-1.60000000e-01,-1.18810314e+04,-6.27011241e+04,1.70554642e+05
-8.00000000e-02,-1.60000000e-01,-1.16140619e+04,-7.08785327e+04,1.69401639e+05
-7.60000000e-02,-1.60000000e-01,-1.13140032e+04,-7.92226831e+04,1.67563494e+05
-7.20000000e-02,-1.60000000e-01,-1.09802805e+04,-8.76848900e+04,1.65007096e+05
-6.80000000e-02,-1.60000000e-01,-1.06125240e+04,-9.62117022e+04,1.61704481e+05
-6.40000000e-02,-1.60000000e-01,-1.02105869e+04,-1.04745374e+05,1.57633630e+05
-6.00000000e-02,-1.60000000e-01,-9.77456104e+03,-1.13224457e+05,1.52779213e+05
-5.60000000e-02,-1.60000000e-01,-9.30479121e+03,-1.21584501e+05,1.47133233e+05
-5.20000000e-02,-1.60000000e-01,-8.80188504e+03,-1.29758861e+05,1.40695575e+05
-4.80000000e-02,-1.60000000e-01,-8.26672032e+03,-1.37679583e+05,1.33474425e+05
-4.40000000e-02,-1.60000000e-01,-7.70044838e+03,-1.45278354e+05,1.25486544e+05
-4.00000000e-02,-1.60000000e-01,-7.10449349e+03,-1.52487498e+05,1.16757397e+05
-3.60000000e-02,-1.60000000e-01,-6.48054839e+03,-1.59240991e+05,1.07321121e+05
-3.20000000e-02,-1.60000000e-01,-5.83056556e+03,-1.65475469e+05,9.72203298e+04
-2.80000000e-02,-1.60000000e-01,-5.15674464e+03,-1.71131214e+05,8.65057719e+04
-2.40000000e-02,-1.60000000e-01,-4.46151585e+03,-1.76153089e+05,7.52358291e+04
-2.00000000e-02,-1.60000000e-01,-3.74751992e+03,-1.80491414e+05,6.34758828e+04
-1.60000000e-02,-1.60000000e-01,-3.01758455e+03,-1.84102742e+05,5.12975531e+04
-1.20000000e-02,-1.60000000e-01,-2.27469799e+03,-1.86950553e+05,3.87778290e+04
-8.00000000e-03,-1.60000000e-01,-1.52198012e+03,-1.89005831e+05,2.59981057e+04
-4.00000000e-03,-1.60000000e-01,-7.62651342e+02,-1.90247515e+05,1.30431483e+04
0.00000000e+00,-1.60000000e-01,0.00000000e+00,-1.90662836e+05,-0.00000000e+00
4.00000000e-03,-1.60000000e-01,7.62651342e+02,-1.90247515e+05,-1.30431483e+04
8.00000000e-03,-1.60000000e-01,1.52198012e+03,-1.89005831e+05,-2.59981057e+04
1.20000000e-02,-1.60000000e-01,2.27469799e+03,-1.86950553e+05,-3.87778290e+04
1.60000000e-02,-1.60000000e-01,3.01758455e+03,-1.84102742e+05,-5.12975531e+04
2.00000000e-02,-1.60000000e-01,3.74751992e+03,-1.80491414e+05,-6.34758828e+04
2.40000000e-02,-1.60000000e-01,4.46151585e+03,-1.76153089e+05,-7.52358291e+04
2.80000000e-02,-1.60000000e-01,5.15674464e+03,-1.71131214e+05,-8.65057719e+04
3.20000000e-02,-1.60000000e-01,5.83056556e+03,-1.65475469e+05,-9.72203298e+04
3.60000000e-02,-1.60000000e-01,6.48054839e+03,-1.59240991e+05,-1.07321121e+05
4.00000000e-02,-1.60000000e-01,7.10449349e+03,-1.52487498e+05,-1.16757397e+05
4.40000000e-02,-1.60000000e-01,7.70044838e+03,-1.45278354e+05,-1.25486544e+05
4.80000000e-02,-1.60000000e-01,8.26672032e+03,-1.37679583e+05,-1.33474425e+05
5.20000000e-02,-1.60000000e-01,8.80188504e+03,-1.29758861e+05,-1.40695575e+05
5.60000000e-02,-1.60000000e-01,9.30479121e+03,-1.21584501e+05,-1.47133233e+05
6.00000000e-02,-1.60000000e-01,9.77456104e+03,-1.13224457e+05,-1.52779213e+05
6.40000000e-02,-1.60000000e-01,1.02105869e+04,-1.04745374e+05,-1.57633630e+05
6.80000000e-02,-1.60000000e-01,1.06125240e+04,-9.62117022e+04,-1.61704481e+05
7.20000000e-02,-1.60000000e-01,1.09802805e+04,-8.76848900e+04,-1.65007096e+05
7.60000000e-02,-1.60000000e-01,1.13140032e+04,-7.92226831e+04,-1.67563494e+05
8.00000000e-02,-1.60000000e-01,1.16140619e+04,-7.08785327e+04,-1.69401639e+05
8.40000000e-02,-1.60000000e-01,1.18810314e+04,-6.27011241e+04,-1.70554642e+05
8.80000000e-02,-1.60000000e-01,1.21156709e+04,-5.47340310e+04,-1.71059923e+05
9.20000000e-02,-1.60000000e-01,1.23189037e+04,-4.70154933e+04,-1.70958354e+05
9.60000000e-02,-1.60000000e-01,1.24917949e+04,-3.95783148e+04,-1.70293411e+05
1.00000000e-01,-1.60000000e-01,1.26355302e+04,-3.24498727e+04,-1.69110359e+05
1.04000000e-01,-1.60000000e-01,1.27513939e+04,-2.56522289e+04,-1.67455468e+05
1.08000000e-01,-1.60000000e-01,1.28407480e+04,-1.92023292e+04,-1.65375305e+05
1.12000000e-01,-1.60000000e-01,1.29050125e+04,-1.31122761e+04,-1.62916081e+05
1.16000000e-01,-1.60000000e-01,1.29456462e+04,-7.38966180e+03,-1.60123086e+05
1.20000000e-01,-1.60000000e-01,1.29641298e+04,-2.03794410e+03,-1.57040199e+05
1.24000000e-01,-1.60000000e-01,1.29619498e+04,2.94314721e+03,-1.53709484e+05
1.28000000e-01,-1.60000000e-01,1.29405846e+04,7.55718784e+03,-1.50170864e+05
1.32000000e-01,-1.60000000e-01,1.29014923e+04,1.18106320e+04,-1.46461880e+05
1.36000000e-01,-1.60000000e-01,1.28460996e+04,1.57123913e+04,-1.42617513e+05
1.40000000e-01,-1.60000000e-01,1.27757931e+04,1.92734276e+04,-1.38670074e+05
1.44000000e-01,-1.60000000e-01,1.26919121e+04,2.25063680e+04,-1.34649160e+05
1.48000000e-01,-1.60000000e-01,1.25957422e+04,2.54251451e+04,-1.30581649e+05
1.52000000e-01,-1.60000000e-01,1.24885110e+04,2.80446678e+04,-1.26491746e+05
1.56000000e-01,-1.60000000e-01,1.23713849e+04,3.03805239e+04,-1.22401059e+05
1.60000000e-01,-1.60000000e-01,1.22454668e+04,3.24487159e+04,-1.18328706e+05
1.64000000e-01,-1.60000000e-01,1.21117951e+04,3.42654290e+04,-1.14291444e+05
1.68000000e-01,-1.60000000e-01,1.19713434e+04,3.58468325e+04,-1.10303806e+05
1.72000000e-01,-1.60000000e-01,1.18250205e+04,3.72089098e+04,-1.06378258e+05
1.76000000e-01,-1.60000000e-01,1.16736721e+04,3.83673188e+04,-1.02525356e+05
1.80000000e-01,-1.60000000e-01,1.15180819e+04,3.93372772e+04,-9.87539012e+04
1.84000000e-01,-1.60000000e-01,1.13589739e+04,4.01334719e+04,-9.50711041e+04
1.88000000e-01,-1.60000000e-01,1.11970141e+04,4.07699904e+04,-9.14827333e+04
1.92000000e-01,-1.60000000e-01,1.10328139e+04,4.12602696e+04,-8.79932659e+04
1.96000000e-01,-1.60000000e-01,1.08669320e+04,4.16170623e+04,-8.46060277e+04
2.00000000e-01,-1.60000000e-01,1.06998774e+04,nan,nan
-2.00000000e-01,-1.56000000e-01,-1.10295888e+04,nan,nan
-1.96000000e-01,-1.56000000e-01,-1.12101693e+04,4.50543868e+04,8.70147023e+04
-1.92000000e-01,-1.56000000e-01,-1.13900239e+04,4.48082942e+04,9.06186462e+04
-1.88000000e-01,-1.56000000e-01,-1.15686356e+04,4.44262167e+04,9.43405346e+04
-1.84000000e-01,-1.56000000e-01,-1.17454336e+04,4.38942933e+04,9.81777365e+04
-1.80000000e-01,-1.56000000e-01,-1.19197900e+04,4.31978329e+04,1.02126419e+05
-1.76000000e-01,-1.56000000e-01,-1.20910163e+04,4.23213403e+04,1.06181385e+05
-1.72000000e-01,-1.56000000e-01,-1.22583607e+04,4.12485578e+04,1.10335906e+05
-1.68000000e-01,-1.56000000e-01,-1.24210048e+04,3.99625291e+04,1.14581542e+05
-1.64000000e-01,-1.56000000e-01,-1.25780609e+04,3.84456852e+04,1.18907953e+05
-1.60000000e-01,-1.56000000e-01,-1.27285702e+04,3.66799578e+04,1.23302713e+05
-1.56000000e-01,-1.56000000e-01,-1.28715006e+04,3.46469218e+04,1.27751116e+05
-1.52000000e-01,-1.56000000e-01,-1.30057456e+04,3.23279717e+04,1.32235985e+05
-1.48000000e-01,-1.56000000e-01,-1.31301244e+04,2.97045324e+04,1.36737497e+05
-1.44000000e-01,-1.56000000e-01,-1.32433819e+04,2.67583091e+04,1.41233014e+05
-1.40000000e-01,-1.56000000e-01,-1.33441908e+04,2.34715763e+04,1.45696934e+05
-1.36000000e-01,-1.56000000e-01,-1.34311545e+04,1.98275071e+04,1.50100577e+05
-1.32000000e-01,-1.56000000e-01,-1.35028109e+04,1.58105435e+04,1.54412104e+05
-1.28000000e-01,-1.56000000e-01,-1.35576388e+04,1.14068040e+04,1.58596483e+05
-1.24000000e-01,-1.56000000e-01,-1.35940653e+04,6.60452732e+03,1.62615510e+05
-1.20000000e-01,-1.56000000e-01,-1.36104751e+04,1.39454484e+03,1.66427900e+05
-1.16000000e-01,-1.56000000e-01,-1.36052217e+04,-4.22922390e+03,1.69989445e+05
-1.12000000e-01,-1.56000000e-01,-1.35766413e+04,-1.02692632e+04,1.73253268e+05
-1.08000000e-01,-1.56000000e-01,-1.35230676e+04,-1.67239525e+04,1.76170159e+05
-1.04000000e-01,-1.56000000e-01,-1.34428496e+04,-2.35870701e+04,1.78689014e+05
-1.00000000e-01,-1.56000000e-01,-1.33343710e+04,-3.08473268e+04,1.80757371e+05
-9.60000000e-02,-1.56000000e-01,-1.31960710e+04,-3.84879455e+04,1.82322048e+05
-9.20000000e-02,-1.56000000e-01,-1.30264675e+04,-4.64863056e+04,1.83329877e+05
-8.80000000e-02,-1.56000000e-01,-1.28241806e+04,-5.48136714e+04,1.83728532e+05
-8.40000000e-02,-1.56000000e-01,-1.25879581e+04,-6.34350222e+04,1.83467421e+05
-8.00000000e-02,-1.56000000e-01,-1.23167004e+04,-7.23090005e+04,1.82498654e+05
-7.60000000e-02,-1.56000000e-01,-1.20094861e+04,-8.13879932e+04,1.80778037e+05
-7.20000000e-02,-1.56000000e-01,-1.16655965e+04,-9.06183553e+04,1.78266090e+05
-6.80000000e-02,-1.56000000e-01,-1.12845392e+04,-9.99407838e+04,1.74929043e+05
-6.40000000e-02,-1.56000000e-01,-1.08660702e+04,-1.09290842e+05,1.70739803e+05
-6.00000000e-02,-1.56000000e-01,-1.04102125e+04,-1.18599628e+05,1.65678842e+05
-5.60000000e-02,-1.56000000e-01,-9.91727316e+03,-1.27794587e+05,1.59734982e+05
-5.20000000e-02,-1.56000000e-01,-9.38785581e+03,-1.36800437e+05,1.52906063e+05
-4.80000000e-02,-1.56000000e-01,-8.82286967e+03,-1.45540201e+05,1.45199456e+05
-4.40000000e-02,-1.56000000e-01,-8.22353420e+03,-1.53936321e+05,1.36632407e+05
-4.00000000e-02,-1.56000000e-01,-7.59137911e+03,-1.61911816e+05,1.27232204e+05
-3.60000000e-02,-1.56000000e-01,-6.92823968e+03,-1.69391470e+05,1.17036152e+05
-3.20000000e-02,-1.56000000e-01,-6.23624734e+03,-1.76303018e+05,1.06091357e+05
-2.80000000e-02,-1.56000000e-01,-5.51781554e+03,-1.82578288e+05,9.44543330e+04
-2.40000000e-02,-1.56000000e-01,-4.77562104e+03,-1.88154300e+05,8.21904208e+04
-2.00000000e-02,-1.56000000e-01,-4.01258113e+03,-1.92974277e+05,6.93730544e+04
-1.60000000e-02,-1.56000000e-01,-3.23182683e+03,-1.96988552e+05,5.60828776e+04
-1.20000000e-02,-1.56000000e-01,-2.43667272e+03,-2.00155368e+05,4.24067347e+04
-8.00000000e-03,-1.56000000e-01,-1.63058388e+03,-2.02441540e+05,2.84365569e+04
-4.00000000e-03,-1.56000000e-01,-8.17140391e+02,-2.03822985e+05,1.42681633e+04
0.00000000e+00,-1.56000000e-01,0.00000000e+00,-2.04285098e+05,-0.00000000e+00
4.00000000e-03,-1.56000000e-01,8.17140391e+02,-2.03822985e+05,-1.42681633e+04
8.00000000e-03,-1.56000000e-01,1.63058388e+03,-2.02441540e+05,-2.84365569e+04
1.20000000e-02,-1.56000000e-01,2.43667272e+03,-2.00155368e+05,-4.24067347e+04
1.60000000e-02,-1.56000000e-01,3.23182683e+03,-1.96988552e+05,-5.60828776e+04
2.00000000e-02,-1.56000000e-01,4.01258113e+03,-1.92974277e+05,-6.93730544e+04
2.40000000e-02,-1.56000000e-01,4.77562104e+03,-1.88154300e+05,-8.21904208e+04
2.80000000e-02,-1.56000000e-01,5.51781554e+03,-1.82578288e+05,-9.44543330e+04
3.20000000e-02,-1.56000000e-01,6.23624734e+03,-1.76303018e+05,-1.06091357e+05
3.60000000e-02,-1.56000000e-01,6.92823968e+03,-1.69391470e+05,-1.17036152e+05
4.00000000e-02,-1.56000000e-01,7.59137911e+03,-1.61911816e+05,-1.27232204e+05
4.40000000e-02,-1.56000000e-01,8.22353420e+03,-1.53936321e+05,-1.36632407e+05
4.80000000e-02,-1.56000000e-01,8.82286967e+03,-1.45540201e+05,-1.45199456e+05
5.20000000e-02,-1.56000000e-01,9.38785581e+03,-1.36800437e+05,-1.52906063e+05
5.60000000e-02,-1.56000000e-01,9.91727316e+03,-1.27794587e+05,-1.59734982e+05
6.00000000e-02,-1.56000000e-01,1.04102125e+04,-1.18599628e+05,-1.65678842e+05
6.40000000e-02,-1.56000000e-01,1.08660702e+04,-1.09290842e+05,-1.70739803e+05
6.80000000e-02,-1.56000000e-01,1.12845392e+04,-9.99407838e+04,-1.74929043e+05
7.20000000e-02,-1.56000000e-01,1.16655965e+04,-9.06183553e+04,-1.78266090e+05
7.60000000e-02,-1.56000000e-01,1.20094861e+04,-8.13879932e+04,-1.80778037e+05
8.00000000e-02,-1.56000000e-01,1.23167004e+04,-7.23090005e+04,-1.82498654e+05
8.40000000e-02,-1.56000000e-01,1.25879581e+04,-6.34350222e+04,-1.83467421e+05
8.80000000e-02,-1.56000000e-01,1.28241806e+04,-5.48136714e+04,-1.83728532e+05
9.20000000e-02,-1.56000000e-01,1.30264675e+04,-4.64863056e+04,-1.83329877e+05
9.60000000e-02,-1.56000000e-01,1.31960710e+04,-3.84879455e+04,-1.82322048e+05
1.00000000e-01,-1.56000000e-01,1.33343710e+04,-3.08473268e+04,-1.80757371e+05
1.04000000e-01,-1.56000000e-01,1.34428496e+04,-2.35870701e+04,-1.78689014e+05
1.08000000e-01,-1.56000000e-01,1.35230676e+04,-1.67239525e+04,-1.76170159e+05
1.12000000e-01,-1.56000000e-01,1.35766413e+04,-1.02692632e+04,-1.73253268e+05
1.16000000e-01,-1.56000000e-01,1.36052217e+04,-4.22922390e+03,-1.69989445e+05
1.20000000e-01,-1.56000000e-01,1.36104751e+04,1.39454484e+03,-1.66427900e+05
1.24000000e-01,-1.56000000e-01,1.35940653e+04,6.60452732e+03,-1.62615510e+05
1.28000000e-01,-1.56000000e-01,1.35576388e+04,1.14068040e+04,-1.58596483e+05
1.32000000e-01,-1.56000000e-01,1.35028109e+04,1.58105435e+04,-1.54412104e+05
1.36000000e-01,-1.56000000e-01,1.34311545e+04,1.98275071e+04,-1.50100577e+05
1.40000000e-01,-1.56000000e-01,1.33441908e+04,2.34715763e+04,-1.45696934e+05
1.44000000e-01,-1.56000000e-01,1.32433819e+04,2.67583091e+04,-1.41233014e+05
1.48000000e-01,-1.56000000e-01,1.31301244e+04,2.97045324e+04,-1.36737497e+05
1.52000000e-01,-1.56000000e-01,1.30057456e+04,3.23279717e+04,-1.32235985e+05
1.56000000e-01,-1.56000000e-01,1.28715006e+04,3.46469218e+04,-1.27751116e+05
1.60000000e-01,-1.56000000e-01,1.27285702e+04,3.66799578e+04,-1.23302713e+05
1.64000000e-01,-1.56000000e-01,1.25780609e+04,3.84456852e+04,-1.18907953e+05
1.68000000e-01,-1.56000000e-01,1.24210048e+04,3.99625291e+04,-1.14581542e+05
1.72000000e-01,-1.56000000e-01,1.22583607e+04,4.12485578e+04,-1.10335906e+05
1.76000000e-01,-1.56000000e-01,1.20910163e+04,4.23213403e+04,-1.06181385e+05
1.80000000e-01,-1.56000000e-01,1.19197900e+04,4.31978329e+04,-1.02126419e+05
1.84000000e-01,-1.56000000e-01,1.17454336e+04,4.38942933e+04,-9.81777365e+04
1.88000000e-01,-1.56000000e-01,1.15686356e+04,4.44262167e+04,-9.43405346e+04
1.92000000e-01,-1.56000000e-01,1.13900239e+04,4.48082942e+04,-9.06186462e+04
1.96000000e-01,-1.56000000e-01,1.12101693e+04,4.50543868e+04,-8.70147023e+04
2.00000000e-01,-1.56000000e-01,1.10295888e+04,nan,nan
-2.00000000e-01,-1.52000000e-01,-1.13681197e+04,nan,nan
-1.96000000e-01,-1.52000000e-01,-1.15630496e+04,4.87054282e+04,8.94227624e+04
-1.92000000e-01,-1.52000000e-01,-1.17577631e+04,4.85861018e+04,9.32530260e+04
-1.88000000e-01,-1.52000000e-01,-1.19517384e+04,4.83290806e+04,9.72185022e+04
-1.84000000e-01,-1.52000000e-01,-1.21443958e+04,4.79193560e+04,1.01317423e+05
-1.80000000e-01,-1.52000000e-01,-1.23350933e+04,4.73409255e+04,1.05546774e+05
-1.76000000e-01,-1.52000000e-01,-1.25231232e+04,4.65768065e+04,1.09902118e+05
-1.72000000e-01,-1.52000000e-01,-1.27077077e+04,4.56090669e+04,1.14377395e+05
-1.68000000e-01,-1.52000000e-01,-1.28879957e+04,4.44188795e+04,1.18964719e+05
-1.64000000e-01,-1.52000000e-01,-1.30630588e+04,4.29866005e+04,1.23654159e+05
-1.60000000e-01,-1.52000000e-01,-1.32318885e+04,4.12918781e+04,1.28433516e+05
-1.56000000e-01,-1.52000000e-01,-1.33933938e+04,3.93137953e+04,1.33288088e+05
-1.52000000e-01,-1.52000000e-01,-1.35463989e+04,3.70310497e+04,1.38200442e+05
-1.48000000e-01,-1.52000000e-01,-1.36896422e+04,3.44221744e+04,1.43150188e+05
-1.44000000e-01,-1.52000000e-01,-1.38217763e+04,3.14658044e+04,1.48113762e+05
-1.40000000e-01,-1.52000000e-01,-1.39413686e+04,2.81409904e+04,1.53064235e+05
-1.36000000e-01,-1.52000000e-01,-1.40469042e+04,2.44275615e+04,1.57971142e+05
-1.32000000e-01,-1.52000000e-01,-1.41367891e+04,2.03065382e+04,1.62800357e+05
-1.28000000e-01,-1.52000000e-01,-1.42093565e+04,1.57605942e+04,1.67514014e+05
-1.24000000e-01,-1.52000000e-01,-1.42628739e+04,1.07745637e+04,1.72070490e+05
-1.20000000e-01,-1.52000000e-01,-1.42955530e+04,5.33599005e+03,1.76424460e+05
-1.16000000e-01,-1.52000000e-01,-1.43055618e+04,-5.64293708e+02,1.80527049e+05
-1.12000000e-01,-1.52000000e-01,-1.42910386e+04,-6.93156146e+03,1.84326063e+05
-1.08000000e-01,-1.52000000e-01,-1.42501093e+04,-1.37665824e+04,1.87766350e+05
-1.04000000e-01,-1.52000000e-01,-1.41809060e+04,-2.10650169e+04,1.90790258e+05
-1.00000000e-01,-1.52000000e-01,-1.40815892e+04,-2.88168394e+04,1.93338231e+05
-9.60000000e-02,-1.52000000e-01,-1.39503713e+04,-3.70058087e+04,1.95349517e+05
-9.20000000e-02,-1.52000000e-01,-1.37855427e+04,-4.56090094e+04,1.96763004e+05
-8.80000000e-02,-1.52000000e-01,-1.35854992e+04,-5.45964873e+04,1.97518165e+05
-8.40000000e-02,-1.52000000e-01,-1.33487708e+04,-6.39310016e+04,1.97556103e+05
-8.00000000e-02,-1.52000000e-01,-1.30740512e+04,-7.35679162e+04,1.96820675e+05
-7.60000000e-02,-1.52000000e-01,-1.27602275e+04,-8.34552477e+04,1.95259676e+05
-7.20000000e-02,-1.52000000e-01,-1.24064092e+04,-9.35338848e+04,1.92826042e+05
-6.80000000e-02,-1.52000000e-01,-1.20119564e+04,-1.03737988e+05,1.89479051e+05
-6.40000000e-02,-1.52000000e-01,-1.15765053e+04,-1.13995575e+05,1.85185475e+05
-6.00000000e-02,-1.52000000e-01,-1.10999918e+04,-1.24229278e+05,1.79920663e+05
-5.60000000e-02,-1.52000000e-01,-1.05826711e+04,-1.34357280e+05,1.73669488e+05
-5.20000000e-02,-1.52000000e-01,-1.00251335e+04,-1.44294387e+05,1.66427169e+05
-4.80000000e-02,-1.52000000e-01,-9.42831597e+03,-1.53953238e+05,1.58199892e+05
-4.40000000e-02,-1.52000000e-01,-8.79350763e+03,-1.63245605e+05,1.49005245e+05
-4.00000000e-02,-1.52000000e-01,-8.12235113e+03,-1.72083754e+05,1.38872426e+05
-3.60000000e-02,-1.52000000e-01,-7.41683760e+03,-1.80381838e+05,1.27842234e+05
-3.20000000e-02,-1.52000000e-01,-6.67929642e+03,-1.88057288e+05,1.15966822e+05
-2.80000000e-02,-1.52000000e-01,-5.91237930e+03,-1.95032150e+05,1.03309241e+05
-2.40000000e-02,-1.52000000e-01,-5.11903922e+03,-2.01234368e+05,8.99427651e+04
-2.00000000e-02,-1.52000000e-01,-4.30250436e+03,-2.06598957e+05,7.59500383e+04
-1.60000000e-02,-1.52000000e-01,-3.46624757e+03,-2.11069061e+05,6.14220415e+04
-1.20000000e-02,-1.52000000e-01,-2.61395187e+03,-2.14596874e+05,4.64569216e+04
-8.00000000e-03,-1.52000000e-01,-1.74947257e+03,-2.17144402e+05,3.11586990e+04
-4.00000000e-03,-1.52000000e-01,-8.76796649e+02,-2.18684072e+05,1.56358801e+04
0.00000000e+00,-1.52000000e-01,0.00000000e+00,-2.19199162e+05,-0.00000000e+00
4.00000000e-03,-1.52000000e-01,8.76796649e+02,-2.18684072e+05,-1.56358801e+04
8.00000000e-03,-1.52000000e-01,1.74947257e+03,-2.17144402e+05,-3.11586990e+04
1.20000000e-02,-1.52000000e-01,2.61395187e+03,-2.14596874e+05,-4.64569216e+04
1.60000000e-02,-1.52000000e-01,3.46624757e+03,-2.11069061e+05,-6.14220415e+04
2.00000000e-02,-1.52000000e-01,4.30250436e+03,-2.06598957e+05,-7.59500383e+04
2.40000000e-02,-1.52000000e-01,5.11903922e+03,-2.01234368e+05,-8.99427651e+04
2.80000000e-02,-1.52000000e-01,5.91237930e+03,-1.95032150e+05,-1.03309241e+05
3.20000000e-02,-1.52000000e-01,6.67929642e+03,-1.88057288e+05,-1.15966822e+05
3.60000000e-02,-1.52000000e-01,7.41683760e+03,-1.80381838e+05,-1.27842234e+05
4.00000000e-02,-1.52000000e-01,8.12235113e+03,-1.72083754e+05,-1.38872426e+05
4.40000000e-02,-1.52000000e-01,8.79350763e+03,-1.63245605e+05,-1.49005245e+05
4.80000000e-02,-1.52000000e-01,9.42831597e+03,-1.53953238e+05,-1.58199892e+05
5.20000000e-02,-1.52000000e-01,1.00251335e+04,-1.44294387e+05,-1.66427169e+05
5.60000000e-02,-1.52000000e-01,1.05826711e+04,-1.34357280e+05,-1.73669488e+05
6.00000000e-02,-1.52000000e-01,1.10999918e+04,-1.24229278e+05,-1.79920663e+05
6.40000000e-02,-1.52000000e-01,1.15765053e+04,-1.13995575e+05,-1.85185475e+05
6.80000000e-02,-1.52000000e-01,1.20119564e+04,-1.03737988e+05,-1.89479051e+05
7.20000000e-02,-1.52000000e-01,1.24064092e+04,-9.35338848e+04,-1.92826042e+05
7.60000000e-02,-1.52000000e-01,1.27602275e+04,-8.34552477e+04,-1.95259676e+05
8.00000000e-02,-1.52000000e-01,1.30740512e+04,-7.35679162e+04,-1.96820675e+05
8.40000000e-02,-1.52000000e-01,1.33487708e+04,-6.39310016e+04,-1.97556103e+05
8.80000000e-02,-1.52000000e-01,1.35854992e+04,-5.45964873e+04,-1.97518165e+05
9.20000000e-02,-1.52000000e-01,1.37855427e+04,-4.56090094e+04,-1.96763004e+05
9.60000000e-02,-1.52000000e-01,1.39503713e+04,-3.70058087e+04,-1.95349517e+05
1.00000000e-01,-1.52000000e-01,1.40815892e+04,-2.88168394e+04,-1.93338231e+05
1.04000000e-01,-1.52000000e-01,1.41809060e+04,-2.10650169e+04,-1.90790258e+05
1.08000000e-01,-1.52000000e-01,1.42501093e+04,-1.37665824e+04,-1.87766350e+05
1.12000000e-01,-1.52000000e-01,1.42910386e+04,-6.93156146e+03,-1.84326063e+05
1.16000000e-01,-1.52000000e-01,1.43055618e+04,-5.64293708e+02,-1.80527049e+05
1.20000000e-01,-1.52000000e-01,1.42955530e+04,5.33599005e+03,-1.76424460e+05
1.24000000e-01,-1.52000000e-01,1.42628739e+04,1.07745637e+04,-1.72070490e+05
1.28000000e-01,-1.52000000e-01,1.42093565e+04,1.57605942e+04,-1.67514014e+05
1.32000000e-01,-1.52000000e-01,1.41367891e+04,2.03065382e+04,-1.62800357e+05
1.36000000e-01,-1.52000000e-01,1.40469042e+04,2.44275615e+04,-1.57971142e+05
1.40000000e-01,-1.52000000e-01,1.39413686e+04,2.81409904e+04,-1.53064235e+05
1.44000000e-01,-1.52000000e-01,1.38217763e+04,3.14658044e+04,-1.48113762e+05
1.48000000e-01,-1.52000000e-01,1.36896422e+04,3.44221744e+04,-1.43150188e+05
1.52000000e-01,-1.52000000e-01,1.35463989e+04,3.70310497e+04,-1.38200442e+05
1.56000000e-01,-1.52000000e-01,1.33933938e+04,3.93137953e+04,-1.33288088e+05
1.60000000e-01,-1.52000000e-01,1.32318885e+04,4.12918781e+04,-1.28433516e+05
1.64000000e-01,-1.52000000e-01,1.30630588e+04,4.29866005e+04,-1.23654159e+05
1.68000000e-01,-1.52000000e-01,1.28879957e+04,4.44188795e+04,-1.18964719e+05
1.72000000e-01,-1.52000000e-01,1.27077077e+04,4.56090669e+04,-1.14377395e+05
1.76000000e-01,-1.52000000e-01,1.25231232e+04,4.65768065e+04,-1.09902118e+05
1.80000000e-01,-1.52000000e-01,1.23350933e+04,4.73409255e+04,-1.05546774e+05
1.84000000e-01,-1.52000000e-01,1.21443958e+04,4.79193560e+04,-1.01317423e+05
1.88000000e-01,-1.52000000e-01,1.19517384e+04,4.83290806e+04,-9.72185022e+04
1.92000000e-01,-1.52000000e-01,1.17577631e+04,4.85861018e+04,-9.32530260e+04
1.96000000e-01,-1.52000000e-01,1.15630496e+04,4.87054282e+04,-8.94227624e+04
2.00000000e-01,-1.52000000e-01,1.13681197e+04,nan,nan
-2.00000000e-01,-1.48000000e-01,-1.17154160e+04,nan,nan
-1.96000000e-01,-1.48000000e-01,-1.19255514e+04,5.25790110e+04,9.18200247e+04
-1.92000000e-01,-1.48000000e-01,-1.21360481e+04,5.26040340e+04,9.58860163e+04
-1.88000000e-01,-1.48000000e-01,-1.23463836e+04,5.24906135e+04,1.00106136e+05
-1.84000000e-01,-1.48000000e-01,-1.25559730e+04,5.22225654e+04,1.04479667e+05
-1.80000000e-01,-1.48000000e-01,-1.27641642e+04,5.17825282e+04,1.09004621e+05
-1.76000000e-01,-1.48000000e-01,-1.29702332e+04,5.11519607e+04,1.13677530e+05
-1.72000000e-01,-1.48000000e-01,-1.31733799e+04,5.03111584e+04,1.18493229e+05
-1.68000000e-01,-1.48000000e-01,-1.33727225e+04,4.92392936e+04,1.23444617e+05
-1.64000000e-01,-1.48000000e-01,-1.35672942e+04,4.79144827e+04,1.28522404e+05
-1.60000000e-01,-1.48000000e-01,-1.37560384e+04,4.63138865e+04,1.33714850e+05
-1.56000000e-01,-1.48000000e-01,-1.39378053e+04,4.44138477e+04,1.39007482e+05
-1.52000000e-01,-1.48000000e-01,-1.41113492e+04,4.21900713e+04,1.44382821e+05
-1.48000000e-01,-1.48000000e-01,-1.42753259e+04,3.96178523e+04,1.49820100e+05
-1.44000000e-01,-1.48000000e-01,-1.44282920e+04,3.66723563e+04,1.55294990e+05
-1.40000000e-01,-1.48000000e-01,-1.45687047e+04,3.33289564e+04,1.60779347e+05
-1.36000000e-01,-1.48000000e-01,-1.46949236e+04,2.95636298e+04,1.66240986e+05
-1.32000000e-01,-1.48000000e-01,-1.48052138e+04,2.53534159e+04,1.71643490e+05
-1.28000000e-01,-1.48000000e-01,-1.48977509e+04,2.06769363e+04,1.76946075e+05
-1.24000000e-01,-1.48000000e-01,-1.49706292e+04,1.55149734e+04,1.82103521e+05
-1.20000000e-01,-1.48000000e-01,-1.50218707e+04,9.85110398e+03,1.87066185e+05
-1.16000000e-01,-1.48000000e-01,-1.50494381e+04,3.67237895e+03,1.91780114e+05
-1.12000000e-01,-1.48000000e-01,-1.50512498e+04,-3.02996230e+03,1.96187272e+05
-1.08000000e-01,-1.48000000e-01,-1.50251984e+04,-1.02597579e+04,2.00225888e+05
-1.04000000e-01,-1.48000000e-01,-1.49691717e+04,-1.80151890e+04,2.03830957e+05
-1.00000000e-01,-1.48000000e-01,-1.48810769e+04,-2.62880677e+04,2.06934871e+05
-9.60000000e-02,-1.48000000e-01,-1.47588672e+04,-3.50631720e+04,2.09468218e+05
-9.20000000e-02,-1.48000000e-01,-1.46005715e+04,-4.43176574e+04,2.11360725e+05
-8.80000000e-02,-1.48000000e-01,-1.44043259e+04,-5.40205729e+04,2.12542341e+05
-8.40000000e-02,-1.48000000e-01,-1.41684069e+04,-6.41325124e+04,2.12944453e+05
-8.00000000e-02,-1.48000000e-01,-1.38912658e+04,-7.46054272e+04,2.12501207e+05
-7.60000000e-02,-1.48000000e-01,-1.35715635e+04,-8.53826261e+04,2.11150906e+05
-7.20000000e-02,-1.48000000e-01,-1.32082048e+04,-9.63989808e+04,2.08837446e+05
-6.80000000e-02,-1.48000000e-01,-1.28003716e+04,-1.07581351e+05,2.05511758e+05
-6.40000000e-02,-1.48000000e-01,-1.23475540e+04,-1.18849230e+05,2.01133201e+05
-6.00000000e-02,-1.48000000e-01,-1.18495778e+04,-1.30115615e+05,1.95670864e+05
-5.60000000e-02,-1.48000000e-01,-1.13066291e+04,-1.41288080e+05,1.89104734e+05
-5.20000000e-02,-1.48000000e-01,-1.07192732e+04,-1.52270033e+05,1.81426688e+05
-4.80000000e-02,-1.48000000e-01,-1.00884688e+04,-1.62962125e+05,1.72641264e+05
-4.40000000e-02,-1.48000000e-01,-9.41557616e+03,-1.73263787e+05,1.62766196e+05
-4.00000000e-02,-1.48000000e-01,-8.70235851e+03,-1.83074826e+05,1.51832681e+05
-3.60000000e-02,-1.48000000e-01,-7.95097755e+03,-1.92297074e+05,1.39885376e+05
-3.20000000e-02,-1.48000000e-01,-7.16398192e+03,-2.00836011e+05,1.26982123e+05
-2.80000000e-02,-1.48000000e-01,-6.34428946e+03,-2.08602345e+05,1.13193411e+05
-2.40000000e-02,-1.48000000e-01,-5.49516316e+03,-2.15513503e+05,9.86015861e+04
-2.00000000e-02,-1.48000000e-01,-4.62018144e+03,-2.21495001e+05,8.32998513e+04
-1.60000000e-02,-1.48000000e-01,-3.72320316e+03,-2.26481669e+05,6.73910583e+04
-1.20000000e-02,-1.48000000e-01,-2.80832809e+03,-2.30418710e+05,5.09863423e+04
-8.00000000e-03,-1.48000000e-01,-1.87985347e+03,-2.33262582e+05,3.42036191e+04
-4.00000000e-03,-1.48000000e-01,-9.42227432e+02,-2.34981684e+05,1.71659783e+04
0.00000000e+00,-1.48000000e-01,0.00000000e+00,-2.35556858e+05,-0.00000000e+00
4.00000000e-03,-1.48000000e-01,9.42227432e+02,-2.34981684e+05,-1.71659783e+04
8.00000000e-03,-1.48000000e-01,1.87985347e+03,-2.33262582e+05,-3.42036191e+04
1.20000000e-02,-1.48000000e-01,2.80832809e+03,-2.30418710e+05,-5.09863423e+04
1.60000000e-02,-1.48000000e-01,3.72320316e+03,-2.26481669e+05,-6.73910583e+04
2.00000000e-02,-1.48000000e-01,4.62018144e+03,-2.21495001e+05,-8.32998513e+04
2.40000000e-02,-1.48000000e-01,5.49516316e+03,-2.15513503e+05,-9.86015861e+04
2.80000000e-02,-1.48000000e-01,6.34428946e+03,-2.08602345e+05,-1.13193411e+05
3.20000000e-02,-1.48000000e-01,7.16398192e+03,-2.00836011e+05,-1.26982123e+05
3.60000000e-02,-1.48000000e-01,7.95097755e+03,-1.92297074e+05,-1.39885376e+05
4.00000000e-02,-1.48000000e-01,8.70235851e+03,-1.83074826e+05,-1.51832681e+05
4.40000000e-02,-1.48000000e-01,9.41557616e+03,-1.73263787e+05,-1.62766196e+05
4.80000000e-02,-1.48000000e-01,1.00884688e+04,-1.62962125e+05,-1.72641264e+05
5.20000000e-02,-1.48000000e-01,1.07192732e+04,-1.52270033e+05,-1.81426688e+05
5.60000000e-02,-1.48000000e-01,1.13066291e+04,-1.41288080e+05,-1.89104734e+05
6.00000000e-02,-1.48000000e-01,1.18495778e+04,-1.30115615e+05,-1.95670864e+05
6.40000000e-02,-1.48000000e-01,1.23475540e+04,-1.18849230e+05,-2.01133201e+05
6.80000000e-02,-1.48000000e-01,1.28003716e+04,-1.07581351e+05,-2.05511758e+05
7.20000000e-02,-1.48000000e-01,1.32082048e+04,-9.63989808e+04,-2.08837446e+05
7.60000000e-02,-1.48000000e-01,1.35715635e+04,-8.53826261e+04,-2.11150906e+05
8.00000000e-02,-1.48000000e-01,1.38912658e+04,-7.46054272e+04,-2.12501207e+05
8.40000000e-02,-1.48000000e-01,1.41684069e+04,-6.41325124e+04,-2.12944453e+05
8.80000000e-02,-1.48000000e-01,1.44043259e+04,-5.40205729e+04,-2.12542341e+05
9.20000000e-02,-1.48000000e-01,1.46005715e+04,-4.43176574e+04,-2.11360725e+05
9.60000000e-02,-1.48000000e-01,1.47588672e+04,-3.50631720e+04,-2.09468218e+05
1.00000000e-01,-1.48000000e-01,1.48810769e+04,-2.62880677e+04,-2.06934871e+05
1.04000000e-01,-1.48000000e-01,1.49691717e+04,-1.80151890e+04,-2.03830957e+05
1.08000000e-01,-1.48000000e-01,1.50251984e+04,-1.02597579e+04,-2.00225888e+05
1.12000000e-01,-1.48000000e-01,1.50512498e+04,-3.02996230e+03,-1.96187272e+05
1.16000000e-01,-1.48000000e-01,1.50494381e+04,3.67237895e+03,-1.91780114e+05
1.20000000e-01,-1.48000000e-01,1.50218707e+04,9.85110398e+03,-1.87066185e+05
1.24000000e-01,-1.48000000e-01,1.49706292e+04,1.55149734e+04,-1.82103521e+05
1.28000000e-01,-1.48000000e-01,1.48977509e+04,2.06769363e+04,-1.76946075e+05
1.32000000e-01,-1.48000000e-01,1.48052138e+04,2.53534159e+04,-1.71643490e+05
1.36000000e-01,-1.48000000e-01,1.46949236e+04,2.95636298e+04,-1.66240986e+05
1.40000000e-01,-1.48000000e-01,1.45687047e+04,3.33289564e+04,-1.60779347e+05
1.44000000e-01,-1.48000000e-01,1.44282920e+04,3.66723563e+04,-1.55294990e+05
1.48000000e-01,-1.48000000e-01,1.42753259e+04,3.96178523e+04,-1.49820100e+05
1.52000000e-01,-1.48000000e-01,1.41113492e+04,4.21900713e+04,-1.44382821e+05
1.56000000e-01,-1.48000000e-01,1.39378053e+04,4.44138477e+04,-1.39007482e+05
1.60000000e-01,-1.48000000e-01,1.37560384e+04,4.63138865e+04,-1.33714850e+05
1.64000000e-01,-1.48000000e-01,1.35672942e+04,4.79144827e+04,-1.28522404e+05
1.68000000e-01,-1.48000000e-01,1.33727225e+04,4.92392936e+04,-1.23444617e+05
1.72000000e-01,-1.48000000e-01,1.31733799e+04,5.03111584e+04,-1.18493229e+05
1.76000000e-01,-1.48000000e-01,1.29702332e+04,5.11519607e+04,-1.13677530e+05
1.80000000e-01,-1.48000000e-01,1.27641642e+04,5.17825282e+04,-1.09004621e+05
1.84000000e-01,-1.48000000e-01,1.25559730e+04,5.22225654e+04,-1.04479667e+05
1.88000000e-01,-1.48000000e-01,1.23463836e+04,5.24906135e+04,-1.00106136e+05
1.92000000e-01,-1.48000000e-01,1.21360481e+04,5.26040340e+04,-9.58860163e+04
1.96000000e-01,-1.48000000e-01,1.19255514e+04,5.25790110e+04,-9.18200247e+04
2.00000000e-01,-1.48000000e-01,1.17154160e+04,nan,nan
-2.00000000e-01,-1.44000000e-01,-1.20713820e+04,nan,nan
-1.96000000e-01,-1.44000000e-01,-1.22976098e+04,5.66836586e+04,9.41950527e+04
-1.92000000e-01,-1.44000000e-01,-1.25248512e+04,5.68722127e+04,9.85058464e+04
-1.88000000e-01,-1.44000000e-01,-1.27525875e+04,5.69227314e+04,1.02991418e+05
-1.84000000e-01,-1.44000000e-01,-1.29802331e+04,5.68178416e+04,1.07652321e+05
-1.80000000e-01,-1.44000000e-01,-1.32071302e+04,5.65387889e+04,1.12487821e+05
-1.76000000e-01,-1.44000000e-01,-1.34325434e+04,5.60654145e+04,1.17495672e+05
-1.72000000e-01,-1.44000000e-01,-1.36556536e+04,5.53761533e+04,1.22671861e+05
-1.68000000e-01,-1.44000000e-01,-1.38755526e+04,5.44480546e+04,1.28010347e+05
-1.64000000e-01,-1.44000000e-01,-1.40912380e+04,5.32568332e+04,1.33502762e+05
-1.60000000e-01,-1.44000000e-01,-1.43016073e+04,5.17769556e+04,1.39138107e+05
-1.56000000e-01,-1.44000000e-01,-1.45054536e+04,4.99817671e+04,1.44902421e+05
-1.52000000e-01,-1.44000000e-01,-1.47014614e+04,4.78436679e+04,1.50778449e+05
-1.48000000e-01,-1.44000000e-01,-1.48882030e+04,4.53343426e+04,1.56745297e+05
-1.44000000e-01,-1.44000000e-01,-1.50641362e+04,4.24250513e+04,1.62778092e+05
-1.40000000e-01,-1.44000000e-01,-1.52276034e+04,3.90869870e+04,1.68847656e+05
-1.36000000e-01,-1.44000000e-01,-1.53768321e+04,3.52917050e+04,1.74920205e+05
-1.32000000e-01,-1.44000000e-01,-1.55099370e+04,3.10116274e+04,1.80957081e+05
-1.28000000e-01,-1.44000000e-01,-1.56249251e+04,2.62206248e+04,1.86914544e+05
-1.24000000e-01,-1.44000000e-01,-1.57197020e+04,2.08946731e+04,1.92743635e+05
-1.20000000e-01,-1.44000000e-01,-1.57920825e+04,1.50125832e+04,1.98390124e+05
-1.16000000e-01,-1.44000000e-01,-1.58398027e+04,8.55679308e+03,2.03794580e+05
-1.12000000e-01,-1.44000000e-01,-1.58605368e+04,1.51421280e+03,2.08892558e+05
-1.08000000e-01,-1.44000000e-01,-1.58519164e+04,-6.12289724e+03,2.13614950e+05
-1.04000000e-01,-1.44000000e-01,-1.58115536e+04,-1.43560347e+04,2.17888492e+05
-1.00000000e-01,-1.44000000e-01,-1.57370681e+04,-2.31795779e+04,2.21636454e+05
-9.60000000e-02,-1.44000000e-01,-1.56261170e+04,-3.25799541e+04,2.24779517e+05
-9.20000000e-02,-1.44000000e-01,-1.54764285e+04,-4.25348867e+04,2.27236836e+05
-8.80000000e-02,-1.44000000e-01,-1.52858379e+04,-5.30127596e+04,2.28927290e+05
-8.40000000e-02,-1.44000000e-01,-1.50523264e+04,-6.39721355e+04,2.29770888e+05
-8.00000000e-02,-1.44000000e-01,-1.47740608e+04,-7.53614632e+04,2.29690327e+05
-7.60000000e-02,-1.44000000e-01,-1.44494347e+04,-8.71190086e+04,2.28612644e+05
-7.20000000e-02,-1.44000000e-01,-1.40771088e+04,-9.91730321e+04,2.26470941e+05
-6.80000000e-02,-1.44000000e-01,-1.36560504e+04,-1.11442233e+05,2.23206114e+05
-6.40000000e-02,-1.44000000e-01,-1.31855709e+04,-1.23836470e+05,2.18768543e+05
-6.00000000e-02,-1.44000000e-01,-1.26653587e+04,-1.36257746e+05,2.13119675e+05
-5.60000000e-02,-1.44000000e-01,-1.20955089e+04,-1.48601456e+05,2.06233452e+05
-5.20000000e-02,-1.44000000e-01,-1.14765470e+04,-1.60757856e+05,1.98097519e+05
-4.80000000e-02,-1.44000000e-01,-1.08094461e+04,-1.72613730e+05,1.88714184e+05
-4.40000000e-02,-1.44000000e-01,-1.00956372e+04,-1.84054188e+05,1.78101067e+05
-4.00000000e-02,-1.44000000e-01,-9.33701258e+03,-1.94964574e+05,1.66291445e+05
-3.60000000e-02,-1.44000000e-01,-8.53592061e+03,-2.05232396e+05,1.53334256e+05
-3.20000000e-02,-1.44000000e-01,-7.69515341e+03,-2.14749253e+05,1.39293778e+05
-2.80000000e-02,-1.44000000e-01,-6.81792659e+03,-2.23412687e+05,1.24248994e+05
-2.40000000e-02,-1.44000000e-01,-5.90785191e+03,-2.31127927e+05,1.08292659e+05
-2.00000000e-02,-1.44000000e-01,-4.96890317e+03,-2.37809484e+05,9.15301193e+04
-1.60000000e-02,-1.44000000e-01,-4.00537603e+03,-2.43382570e+05,7.40778904e+04
-1.20000000e-02,-1.44000000e-01,-3.02184261e+03,-2.47784313e+05,5.60620632e+04
-8.00000000e-03,-1.44000000e-01,-2.02310153e+03,-2.50964766e+05,3.76165522e+04
-4.00000000e-03,-1.44000000e-01,-1.01412448e+03,-2.52887691e+05,1.88812334e+04
0.00000000e+00,-1.44000000e-01,0.00000000e+00,-2.53531119e+05,-0.00000000e+00
4.00000000e-03,-1.44000000e-01,1.01412448e+03,-2.52887691e+05,-1.88812334e+04
8.00000000e-03,-1.44000000e-01,2.02310153e+03,-2.50964766e+05,-3.76165522e+04
1.20000000e-02,-1.44000000e-01,3.02184261e+03,-2.47784313e+05,-5.60620632e+04
1.60000000e-02,-1.44000000e-01,4.00537603e+03,-2.43382570e+05,-7.40778904e+04
2.00000000e-02,-1.44000000e-01,4.96890317e+03,-2.37809484e+05,-9.15301193e+04
2.40000000e-02,-1.44000000e-01,5.90785191e+03,-2.31127927e+05,-1.08292659e+05
2.80000000e-02,-1.44000000e-01,6.81792659e+03,-2.23412687e+05,-1.24248994e+05
3.20000000e-02,-1.44000000e-01,7.69515341e+03,-2.14749253e+05,-1.39293778e+05
3.60000000e-02,-1.44000000e-01,8.53592061e+03,-2.05232396e+05,-1.53334256e+05
4.00000000e-02,-1.44000000e-01,9.33701258e+03,-1.94964574e+05,-1.66291445e+05
4.40000000e-02,-1.44000000e-01,1.00956372e+04,-1.84054188e+05,-1.78101067e+05
4.80000000e-02,-1.44000000e-01,1.08094461e+04,-1.72613730e+05,-1.88714184e+05
5.20000000e-02,-1.44000000e-01,1.14765470e+04,-1.60757856e+05,-1.98097519e+05
5.60000000e-02,-1.44000000e-01,1.20955089e+04,-1.48601456e+05,-2.06233452e+05
6.00000000e-02,-1.44000000e-01,1.26653587e+04,-1.36257746e+05,-2.13119675e+05
6.40000000e-02,-1.44000000e-01,1.31855709e+04,-1.23836470e+05,-2.18768543e+05
6.80000000e-02,-1.44000000e-01,1.36560504e+04,-1.11442233e+05,-2.23206114e+05
7.20000000e-02,-1.44000000e-01,1.40771088e+04,-9.91730321e+04,-2.26470941e+05
7.60000000e-02,-1.44000000e-01,1.44494347e+04,-8.71190086e+04,-2.28612644e+05
8.00000000e-02,-1.44000000e-01,1.47740608e+04,-7.53614632e+04,-2.29690327e+05
8.40000000e-02,-1.44000000e-01,1.50523264e+04,-6.39721355e+04,-2.29770888e+05
8.80000000e-02,-1.44000000e-01,1.52858379e+04,-5.30127596e+04,-2.28927290e+05
9.20000000e-02,-1.44000000e-01,1.54764285e+04,-4.25348867e+04,-2.27236836e+05
9.60000000e-02,-1.44000000e-01,1.56261170e+04,-3.25799541e+04,-2.24779517e+05
1.00000000e-01,-1.44000000e-01,1.57370681e+04,-2.31795779e+04,-2.21636454e+05
1.04000000e-01,-1.44000000e-01,1.58115536e+04,-1.43560347e+04,-2.17888492e+05
1.08000000e-01,-1.44000000e-01,1.58519164e+04,-6.12289724e+03,-2.13614950e+05
1.12000000e-01,-1.44000000e-01,1.58605368e+04,1.51421280e+03,-2.08892558e+05
1.16000000e-01,-1.44000000e-01,1.58398027e+04,8.55679308e+03,-2.03794580e+05
1.20000000e-01,-1.44000000e-01,1.57920825e+04,1.50125832e+04,-1.98390124e+05
1.24000000e-01,-1.44000000e-01,1.57197020e+04,2.08946731e+04,-1.92743635e+05
1.28000000e-01,-1.44000000e-01,1.56249251e+04,2.62206248e+04,-1.86914544e+05
1.32000000e-01,-1.44000000e-01,1.55099370e+04,3.10116274e+04,-1.80957081e+05
1.36000000e-01,-1.44000000e-01,1.53768321e+04,3.52917050e+04,-1.74920205e+05
1.40000000e-01,-1.44000000e-01,1.52276034e+04,3.90869870e+04,-1.68847656e+05
1.44000000e-01,-1.44000000e-01,1.50641362e+04,4.24250513e+04,-1.62778092e+05
1.48000000e-01,-1.44000000e-01,1.48882030e+04,4.53343426e+04,-1.56745297e+05
1.52000000e-01,-1.44000000e-01,1.47014614e+04,4.78436679e+04,-1.50778449e+05
1.56000000e-01,-1.44000000e-01,1.45054536e+04,4.99817671e+04,-1.44902421e+05
1.60000000e-01,-1.44000000e-01,1.43016073e+04,5.17769556e+04,-1.39138107e+05
1.64000000e-01,-1.44000000e-01,1.40912380e+04,5.32568332e+04,-1.33502762e+05
1.68000000e-01,-1.44000000e-01,1.38755526e+04,5.44480546e+04,-1.28010347e+05
1.72000000e-01,-1.44000000e-01,1.36556536e+04,5.53761533e+04,-1.22671861e+05
1.76000000e-01,-1.44000000e-01,1.34325434e+04,5.60654145e+04,-1.17495672e+05
1.80000000e-01,-1.44000000e-01,1.32071302e+04,5.65387889e+04,-1.12487821e+05
1.84000000e-01,-1.44000000e-01,1.29802331e+04,5.68178416e+04,-1.07652321e+05
1.88000000e-01,-1.44000000e-01,1.27525875e+04,5.69227314e+04,-1.02991418e+05
1.92000000e-01,-1.44000000e-01,1.25248512e+04,5.68722127e+04,-9.85058464e+04
1.96000000e-01,-1.44000000e-01,1.22976098e+04,5.66836586e+04,-9.41950527e+04
2.00000000e-01,-1.44000000e-01,1.20713820e+04,nan,nan
-2.00000000e-01,-1.40000000e-01,-1.24358752e+04,nan,nan
-1.96000000e-01,-1.40000000e-01,-1.26791118e+04,6.10274592e+04,9.65350779e+04
-1.92000000e-01,-1.40000000e-01,-1.29240949e+04,6.14003989e+04,1.01099264e+05
-1.88000000e-01,-1.40000000e-01,-1.31703150e+04,6.16370877e+04,1.05860694e+05
-1.84000000e-01,-1.40000000e-01,-1.34171916e+04,6.17189691e+04,1.10821433e+05
-1.80000000e-01,-1.40000000e-01,-1.36640667e+04,6.16258792e+04,1.15982269e+05
-1.76000000e-01,-1.40000000e-01,-1.39101986e+04,6.13360005e+04,1.21342456e+05
-1.72000000e-01,-1.40000000e-01,-1.41547547e+04,6.08258336e+04,1.26899443e+05
-1.68000000e-01,-1.40000000e-01,-1.43968053e+04,6.00701945e+04,1.32648566e+05
-1.64000000e-01,-1.40000000e-01,-1.46353163e+04,5.90422426e+04,1.38582715e+05
-1.60000000e-01,-1.40000000e-01,-1.48691432e+04,5.77135456e+04,1.44691974e+05
-1.56000000e-01,-1.40000000e-01,-1.50970247e+04,5.60541905e+04,1.50963243e+05
-1.52000000e-01,-1.40000000e-01,-1.53175767e+04,5.40329474e+04,1.57379830e+05
-1.48000000e-01,-1.40000000e-01,-1.55292882e+04,5.16174947e+04,1.63921040e+05
-1.44000000e-01,-1.40000000e-01,-1.57305167e+04,4.87747152e+04,1.70561756e+05
-1.40000000e-01,-1.40000000e-01,-1.59194860e+04,4.54710692e+04,1.77272023e+05
-1.36000000e-01,-1.40000000e-01,-1.60942853e+04,4.16730543e+04,1.84016657e+05
-1.32000000e-01,-1.40000000e-01,-1.62528704e+04,3.73477553e+04,1.90754883e+05
-1.28000000e-01,-1.40000000e-01,-1.63930673e+04,3.24634905e+04,1.97440032e+05
-1.24000000e-01,-1.40000000e-01,-1.65125783e+04,2.69905536e+04,2.04019311e+05
-1.20000000e-01,-1.40000000e-01,-1.66089917e+04,2.09020488e+04,2.10433672e+05
-1.16000000e-01,-1.40000000e-01,-1.66797947e+04,1.41748125e+04,2.16617806e+05
-1.12000000e-01,-1.40000000e-01,-1.67223902e+04,6.79040824e+03,2.22500289e+05
-1.08000000e-01,-1.40000000e-01,-1.67341180e+04,-1.26382341e+03,2.28003894e+05
-1.04000000e-01,-1.40000000e-01,-1.67122796e+04,-9.99368486e+03,2.33046111e+05
-1.00000000e-01,-1.40000000e-01,-1.66541685e+04,-1.93970431e+04,2.37539881e+05
-9.60000000e-02,-1.40000000e-01,-1.65571033e+04,-2.94627900e+04,2.41394554e+05
-9.20000000e-02,-1.40000000e-01,-1.64184662e+04,-4.01698844e+04,2.44517087e+05
-8.80000000e-02,-1.40000000e-01,-1.62357442e+04,-5.14865209e+04,2.46813475e+05
-8.40000000e-02,-1.40000000e-01,-1.60065740e+04,-6.33694755e+04,2.48190387e+05
-8.00000000e-02,-1.40000000e-01,-1.57287884e+04,-7.57636717e+04,2.48556994e+05
-7.60000000e-02,-1.40000000e-01,-1.54004646e+04,-8.86020122e+04,2.47826943e+05
-7.20000000e-02,-1.40000000e-01,-1.50199723e+04,-1.01805511e+05,2.45920414e+05
-6.80000000e-02,-1.40000000e-01,-1.45860206e+04,-1.15283748e+05,2.42766220e+05
-6.40000000e-02,-1.40000000e-01,-1.40977023e+04,-1.28935668e+05,2.38303850e+05
-6.00000000e-02,-1.40000000e-01,-1.35545352e+04,-1.42650706e+05,2.32485408e+05
-5.60000000e-02,-1.40000000e-01,-1.29564967e+04,-1.56310236e+05,2.25277360e+05
-5.20000000e-02,-1.40000000e-01,-1.23040533e+04,-1.69789301e+05,2.16662022e+05
-4.80000000e-02,-1.40000000e-01,-1.15981823e+04,-1.82958578e+05,2.06638734e+05
-4.40000000e-02,-1.40000000e-01,-1.08403847e+04,-1.95686525e+05,1.95224672e+05
-4.00000000e-02,-1.40000000e-01,-1.00326901e+04,-2.07841637e+05,1.82455270e+05
-3.60000000e-02,-1.40000000e-01,-9.17765160e+03,-2.19294741e+05,1.68384233e+05
-3.20000000e-02,-1.40000000e-01,-8.27833215e+03,-2.29921273e+05,1.53083157e+05
-2.80000000e-02,-1.40000000e-01,-7.33828141e+03,-2.39603464e+05,1.36640769e+05
-2.40000000e-02,-1.40000000e-01,-6.36150444e+03,-2.48232377e+05,1.19161811e+05
-2.00000000e-02,-1.40000000e-01,-5.35242239e+03,-2.55709770e+05,1.00765637e+05
-1.60000000e-02,-1.40000000e-01,-4.31582628e+03,-2.61949725e+05,8.15845337e+04
-1.20000000e-02,-1.40000000e-01,-3.25682459e+03,-2.66880049e+05,6.17618489e+04
-8.00000000e-03,-1.40000000e-01,-2.18078589e+03,-2.70443412e+05,4.14499475e+04
-4.00000000e-03,-1.40000000e-01,-1.09327730e+03,-2.72598236e+05,2.08080521e+04
0.00000000e+00,-1.40000000e-01,0.00000000e+00,-2.73319325e+05,-0.00000000e+00
4.00000000e-03,-1.40000000e-01,1.09327730e+03,-2.72598236e+05,-2.08080521e+04
8.00000000e-03,-1.40000000e-01,2.18078589e+03,-2.70443412e+05,-4.14499475e+04
1.20000000e-02,-1.40000000e-01,3.25682459e+03,-2.66880049e+05,-6.17618489e+04
1.60000000e-02,-1.40000000e-01,4.31582628e+03,-2.61949725e+05,-8.15845337e+04
2.00000000e-02,-1.40000000e-01,5.35242239e+03,-2.55709770e+05,-1.00765637e+05
2.40000000e-02,-1.40000000e-01,6.36150444e+03,-2.48232377e+05,-1.19161811e+05
2.80000000e-02,-1.40000000e-01,7.33828141e+03,-2.39603464e+05,-1.36640769e+05
3.20000000e-02,-1.40000000e-01,8.27833215e+03,-2.29921273e+05,-1.53083157e+05
3.60000000e-02,-1.40000000e-01,9.17765160e+03,-2.19294741e+05,-1.68384233e+05
4.00000000e-02,-1.40000000e-01,1.00326901e+04,-2.07841637e+05,-1.82455270e+05
4.40000000e-02,-1.40000000e-01,1.08403847e+04,-1.95686525e+05,-1.95224672e+05
4.80000000e-02,-1.40000000e-01,1.15981823e+04,-1.82958578e+05,-2.06638734e+05
5.20000000e-02,-1.40000000e-01,1.23040533e+04,-1.69789301e+05,-2.16662022e+05
5.60000000e-02,-1.40000000e-01,1.29564967e+04,-1.56310236e+05,-2.25277360e+05
6.00000000e-02,-1.40000000e-01,1.35545352e+04,-1.42650706e+05,-2.32485408e+05
6.40000000e-02,-1.40000000e-01,1.40977023e+04,-1.28935668e+05,-2.38303850e+05
6.80000000e-02,-1.40000000e-01,1.45860206e+04,-1.15283748e+05,-2.42766220e+05
7.20000000e-02,-1.40000000e-01,1.50199723e+04,-1.01805511e+05,-2.45920414e+05
7.60000000e-02,-1.40000000e-01,1.54004646e+04,-8.86020122e+04,-2.47826943e+05
8.00000000e-02,-1.40000000e-01,1.57287884e+04,-7.57636717e+04,-2.48556994e+05
8.40000000e-02,-1.40000000e-01,1.60065740e+04,-6.33694755e+04,-2.48190387e+05
8.80000000e-02,-1.40000000e-01,1.62357442e+04,-5.14865209e+04,-2.46813475e+05
9.20000000e-02,-1.40000000e-01,1.64184662e+04,-4.01698844e+04,-2.44517087e+05
9.60000000e-02,-1.40000000e-01,1.65571033e+04,-2.94627900e+04,-2.41394554e+05
1.00000000e-01,-1.40000000e-01,1.66541685e+04,-1.93970431e+04,-2.37539881e+05
1.04000000e-01,-1.40000000e-01,1.67122796e+04,-9.99368486e+03,-2.33046111e+05
1.08000000e-01,-1.40000000e-01,1.67341180e+04,-1.26382341e+03,-2.28003894e+05
1.12000000e-01,-1.40000000e-01,1.67223902e+04,6.79040824e+03,-2.22500289e+05
1.16000000e-01,-1.40000000e-01,1.66797947e+04,1.41748125e+04,-2.16617806e+05
1.20000000e-01,-1.40000000e-01,1.66089917e+04,2.09020488e+04,-2.10433672e+05
1.24000000e-01,-1.40000000e-01,1.65125783e+04,2.69905536e+04,-2.04019311e+05
1.28000000e-01,-1.40000000e-01,1.63930673e+04,3.24634905e+04,-1.97440032e+05
1.32000000e-01,-1.40000000e-01,1.62528704e+04,3.73477553e+04,-1.90754883e+05
1.36000000e-01,-1.40000000e-01,1.60942853e+04,4.16730543e+04,-1.84016657e+05
1.40000000e-01,-1.40000000e-01,1.59194860e+04,4.54710692e+04,-1.77272023e+05
1.44000000e-01,-1.40000000e-01,1.57305167e+04,4.87747152e+04,-1.70561756e+05
1.48000000e-01,-1.40000000e-01,1.55292882e+04,5.16174947e+04,-1.63921040e+05
1.52000000e-01,-1.40000000e-01,1.53175767e+04,5.40329474e+04,-1.57379830e+05
1.56000000e-01,-1.40000000e-01,1.50970247e+04,5.60541905e+04,-1.50963243e+05
1.60000000e-01,-1.40000000e-01,1.48691432e+04,5.77135456e+04,-1.44691974e+05
1.64000000e-01,-1.40000000e-01,1.46353163e+04,5.90422426e+04,-1.38582715e+05
1.68000000e-01,-1.40000000e-01,1.43968053e+04,6.00701945e+04,-1.32648566e+05
1.72000000e-01,-1.40000000e-01,1.41547547e+04,6.08258336e+04,-1.26899443e+05
1.76000000e-01,-1.40000000e-01,1.39101986e+04,6.13360005e+04,-1.21342456e+05
1.80000000e-01,-1.40000000e-01,1.36640667e+04,6.16258792e+04,-1.15982269e+05
1.84000000e-01,-1.40000000e-01,1.34171916e+04,6.17189691e+04,-1.10821433e+05
1.88000000e-01,-1.40000000e-01,1.31703150e+04,6.16370877e+04,-1.05860694e+05
1.92000000e-01,-1.40000000e-01,1.29240949e+04,6.14003989e+04,-1.01099264e+05
1.96000000e-01,-1.40000000e-01,1.26791118e+04,6.10274592e+04,-9.65350779e+04
2.00000000e-01,-1.40000000e-01,1.24358752e+04,nan,nan
-2.00000000e-01,-1.36000000e-01,-1.28087021e+04,nan,nan
-1.96000000e-01,-1.36000000e-01,-1.30698904e+04,6.56179116e+04,9.88259254e+04
-1.92000000e-01,-1.36000000e-01,-1.33336453e+04,6.61978283e+04,1.03651441e+05
-1.88000000e-01,-1.36000000e-01,-1.35994731e+04,6.66449007e+04,1.08698551e+05
-1.84000000e-01,-1.36000000e-01,-1.38668046e+04,6.69394170e+04,1.13971106e+05
-1.80000000e-01,-1.36000000e-01,-1.41349884e+04,6.70598117e+04,1.19471710e+05
-1.76000000e-01,-1.36000000e-01,-1.44032830e+04,6.69825890e+04,1.25201446e+05
-1.72000000e-01,-1.36000000e-01,-1.46708491e+04,6.66822633e+04,1.31159573e+05
-1.68000000e-01,-1.36000000e-01,-1.49367412e+04,6.61313260e+04,1.37343178e+05
-1.64000000e-01,-1.36000000e-01,-1.51998997e+04,6.53002414e+04,1.43746803e+05
-1.60000000e-01,-1.36000000e-01,-1.54591431e+04,6.41574838e+04,1.50362033e+05
-1.56000000e-01,-1.36000000e-01,-1.57131596e+04,6.26696225e+04,1.57177045e+05
-1.52000000e-01,-1.36000000e-01,-1.59605001e+04,6.08014649e+04,1.64176138e+05
-1.48000000e-01,-1.36000000e-01,-1.61995713e+04,5.85162688e+04,1.71339233e+05
-1.44000000e-01,-1.36000000e-01,-1.64286302e+04,5.57760348e+04,1.78641363e+05
-1.40000000e-01,-1.36000000e-01,-1.66457796e+04,5.25418885e+04,1.86052150e+05
-1.36000000e-01,-1.36000000e-01,-1.68489653e+04,4.87745649e+04,1.93535308e+05
-1.32000000e-01,-1.36000000e-01,-1.70359761e+04,4.44350021e+04,2.01048162e+05
-1.28000000e-01,-1.36000000e-01,-1.72044453e+04,3.94850521e+04,2.08541227e+05
-1.24000000e-01,-1.36000000e-01,-1.73518565e+04,3.38883126e+04,2.15957860e+05
-1.20000000e-01,-1.36000000e-01,-1.74755518e+04,2.76110788e+04,2.23234015e+05
-1.16000000e-01,-1.36000000e-01,-1.75727451e+04,2.06234104e+04,2.30298142e+05
-1.12000000e-01,-1.36000000e-01,-1.76405391e+04,1.29003001e+04,2.37071253e+05
-1.08000000e-01,-1.36000000e-01,-1.76759475e+04,4.42292506e+03,2.43467184e+05
-1.04000000e-01,-1.36000000e-01,-1.76759225e+04,-4.82004729e+03,2.49393102e+05
-1.00000000e-01,-1.36000000e-01,-1.76373872e+04,-1.48311356e+04,2.54750269e+05
-9.60000000e-02,-1.36000000e-01,-1.75572734e+04,-2.56027480e+04,2.59435085e+05
-9.20000000e-02,-1.36000000e-01,-1.74325652e+04,-3.71159651e+04,2.63340429e+05
-8.80000000e-02,-1.36000000e-01,-1.72603457e+04,-4.93394599e+04,2.66357287e+05
-8.40000000e-02,-1.36000000e-01,-1.70378495e+04,-6.22286164e+04,2.68376661e+05
-8.00000000e-02,-1.36000000e-01,-1.67625168e+04,-7.57249076e+04,2.69291723e+05
-7.60000000e-02,-1.36000000e-01,-1.64320502e+04,-8.97555887e+04,2.69000160e+05
-7.20000000e-02,-1.36000000e-01,-1.60444721e+04,-1.04233755e+05,2.67406658e+05
-6.80000000e-02,-1.36000000e-01,-1.55981802e+04,-1.19058798e+05,2.64425439e+05
-6.40000000e-02,-1.36000000e-01,-1.50920017e+04,-1.34117282e+05,2.59982759e+05
-6.00000000e-02,-1.36000000e-01,-1.45252419e+04,-1.49284235e+05,2.54019286e+05
-5.60000000e-02,-1.36000000e-01,-1.38977278e+04,-1.64424841e+05,2.46492242e+05
-5.20000000e-02,-1.36000000e-01,-1.32098432e+04,-1.79396482e+05,2.37377244e+05
-4.80000000e-02,-1.36000000e-01,-1.24625560e+04,-1.94051079e+05,2.26669750e+05
-4.40000000e-02,-1.36000000e-01,-1.16574346e+04,-2.08237652e+05,2.14386064e+05
-4.00000000e-02,-1.36000000e-01,-1.07966547e+04,-2.21805013e+05,2.00563851e+05
-3.60000000e-02,-1.36000000e-01,-9.88299447e+03,-2.34604509e+05,1.85262160e+05
-3.20000000e-02,-1.36000000e-01,-8.91981867e+03,-2.46492717e+05,1.68560957e+05
-2.80000000e-02,-1.36000000e-01,-7.91105273e+03,-2.57334033e+05,1.50560198e+05
-2.40000000e-02,-1.36000000e-01,-6.86114640e+03,-2.67003059e+05,1.31378494e+05
-2.00000000e-02,-1.36000000e-01,-5.77502826e+03,-2.75386762e+05,1.11151411e+05
-1.60000000e-02,-1.36000000e-01,-4.65805230e+03,-2.82386358e+05,9.00294929e+04
-1.20000000e-02,-1.36000000e-01,-3.51593740e+03,-2.87918899e+05,6.81760402e+04
-8.00000000e-03,-1.36000000e-01,-2.35470111e+03,-2.91918563e+05,4.57647295e+04
-4.00000000e-03,-1.36000000e-01,-1.18058889e+03,-2.94337638e+05,2.29771062e+04
0.00000000e+00,-1.36000000e-01,0.00000000e+00,-2.95147223e+05,-0.00000000e+00
4.00000000e-03,-1.36000000e-01,1.18058889e+03,-2.94337638e+05,-2.29771062e+04
8.00000000e-03,-1.36000000e-01,2.35470111e+03,-2.91918563e+05,-4.57647295e+04
1.20000000e-02,-1.36000000e-01,3.51593740e+03,-2.87918899e+05,-6.81760402e+04
1.60000000e-02,-1.36000000e-01,4.65805230e+03,-2.82386358e+05,-9.00294929e+04
2.00000000e-02,-1.36000000e-01,5.77502826e+03,-2.75386762e+05,-1.11151411e+05
2.40000000e-02,-1.36000000e-01,6.86114640e+03,-2.67003059e+05,-1.31378494e+05
2.80000000e-02,-1.36000000e-01,7.91105273e+03,-2.57334033e+05,-1.50560198e+05
3.20000000e-02,-1.36000000e-01,8.91981867e+03,-2.46492717e+05,-1.68560957e+05
3.60000000e-02,-1.36000000e-01,9.88299447e+03,-2.34604509e+05,-1.85262160e+05
4.00000000e-02,-1.36000000e-01,1.07966547e+04,-2.21805013e+05,-2.00563851e+05
4.40000000e-02,-1.36000000e-01,1.16574346e+04,-2.08237652e+05,-2.14386064e+05
4.80000000e-02,-1.36000000e-01,1.24625560e+04,-1.94051079e+05,-2.26669750e+05
5.20000000e-02,-1.36000000e-01,1.32098432e+04,-1.79396482e+05,-2.37377244e+05
5.60000000e-02,-1.36000000e-01,1.38977278e+04,-1.64424841e+05,-2.46492242e+05
6.00000000e-02,-1.36000000e-01,1.45252419e+04,-1.49284235e+05,-2.54019286e+05
6.40000000e-02,-1.36000000e-01,1.50920017e+04,-1.34117282e+05,-2.59982759e+05
6.80000000e-02,-1.36000000e-01,1.55981802e+04,-1.19058798e+05,-2.64425439e+05
7.20000000e-02,-1.36000000e-01,1.60444721e+04,-1.04233755e+05,-2.67406658e+05
7.60000000e-02,-1.36000000e-01,1.64320502e+04,-8.97555887e+04,-2.69000160e+05
8.00000000e-02,-1.36000000e-01,1.67625168e+04,-7.57249076e+04,-2.69291723e+05
8.40000000e-02,-1.36000000e-01,1.70378495e+04,-6.22286164e+04,-2.68376661e+05
8.80000000e-02,-1.36000000e-01,1.72603457e+04,-4.93394599e+04,-2.66357287e+05
9.20000000e-02,-1.36000000e-01,1.74325652e+04,-3.71159651e+04,-2.63340429e+05
9.60000000e-02,-1.36000000e-01,1.75572734e+04,-2.56027480e+04,-2.59435085e+05
1.00000000e-01,-1.36000000e-01,1.76373872e+04,-1.48311356e+04,-2.54750269e+05
1.04000000e-01,-1.36000000e-01,1.76759225e+04,-4.82004729e+03,-2.49393102e+05
1.08000000e-01,-1.36000000e-01,1.76759475e+04,4.42292506e+03,-2.43467184e+05
1.12000000e-01,-1.36000000e-01,1.76405391e+04,1.29003001e+04,-2.37071253e+05
1.16000000e-01,-1.36000000e-01,1.75727451e+04,2.06234104e+04,-2.30298142e+05
1.20000000e-01,-1.36000000e-01,1.74755518e+04,2.76110788e+04,-2.23234015e+05
1.24000000e-01,-1.36000000e-01,1.73518565e+04,3.38883126e+04,-2.15957860e+05
1.28000000e-01,-1.36000000e-01,1.72044453e+04,3.94850521e+04,-2.08541227e+05
1.32000000e-01,-1.36000000e-01,1.70359761e+04,4.44350021e+04,-2.01048162e+05
1.36000000e-01,-1.36000000e-01,1.68489653e+04,4.87745649e+04,-1.93535308e+05
1.40000000e-01,-1.36000000e-01,1.66457796e+04,5.25418885e+04,-1.86052150e+05
1.44000000e-01,-1.36000000e-01,1.64286302e+04,5.57760348e+04,-1.78641363e+05
1.48000000e-01,-1.36000000e-01,1.61995713e+04,5.85162688e+04,-1.71339233e+05
1.52000000e-01,-1.36000000e-01,1.59605001e+04,6.08014649e+04,-1.64176138e+05
1.56000000e-01,-1.36000000e-01,1.57131596e+04,6.26696225e+04,-1.57177045e+05
1.60000000e-01,-1.36000000e-01,1.54591431e+04,6.41574838e+04,-1.50362033e+05
1.64000000e-01,-1.36000000e-01,1.51998997e+04,6.53002414e+04,-1.43746803e+05
1.68000000e-01,-1.36000000e-01,1.49367412e+04,6.61313260e+04,-1.37343178e+05
1.72000000e-01,-1.36000000e-01,1.46708491e+04,6.66822633e+04,-1.31159573e+05
1.76000000e-01,-1.36000000e-01,1.44032830e+04,6.69825890e+04,-1.25201446e+05
1.80000000e-01,-1.36000000e-01,1.41349884e+04,6.70598117e+04,-1.19471710e+05
1.84000000e-01,-1.36000000e-01,1.38668046e+04,6.69394170e+04,-1.13971106e+05
1.88000000e-01,-1.36000000e-01,1.35994731e+04,6.66449007e+04,-1.08698551e+05
1.92000000e-01,-1.36000000e-01,1.33336453e+04,6.61978283e+04,-1.03651441e+05
1.96000000e-01,-1.36000000e-01,1.30698904e+04,6.56179116e+04,-9.88259254e+04
2.00000000e-01,-1.36000000e-01,1.28087021e+04,nan,nan
-2.00000000e-01,-1.32000000e-01,-1.31896124e+04,nan,nan
-1.96000000e-01,-1.32000000e-01,-1.34697192e+04,7.04617507e+04,1.01051948e+05
-1.92000000e-01,-1.32000000e-01,-1.37533064e+04,7.12730241e+04,1.06145882e+05
-1.88000000e-01,-1.32000000e-01,-1.40399034e+04,7.19567531e+04,1.11487703e+05
-1.84000000e-01,-1.32000000e-01,-1.43289604e+04,7.24921283e+04,1.17083343e+05
-1.80000000e-01,-1.32000000e-01,-1.46198404e+04,7.28562197e+04,1.22937559e+05
-1.76000000e-01,-1.32000000e-01,-1.49118102e+04,7.30238633e+04,1.29053628e+05
-1.72000000e-01,-1.32000000e-01,-1.52040313e+04,7.29675647e+04,1.35433019e+05
-1.68000000e-01,-1.32000000e-01,-1.54955507e+04,7.26574249e+04,1.42075006e+05
-1.64000000e-01,-1.32000000e-01,-1.57852907e+04,7.20610977e+04,1.48976248e+05
-1.60000000e-01,-1.32000000e-01,-1.60720395e+04,7.11437871e+04,1.56130317e+05
-1.56000000e-01,-1.32000000e-01,-1.63544410e+04,6.98682956e+04,1.63527182e+05
-1.52000000e-01,-1.32000000e-01,-1.66309858e+04,6.81951363e+04,1.71152655e+05
-1.48000000e-01,-1.32000000e-01,-1.69000021e+04,6.60827197e+04,1.78987796e+05
-1.44000000e-01,-1.32000000e-01,-1.71596476e+04,6.34876316e+04,1.87008295e+05
-1.40000000e-01,-1.32000000e-01,-1.74079032e+04,6.03650142e+04,1.95183831e+05
-1.36000000e-01,-1.32000000e-01,-1.76425677e+04,5.66690664e+04,2.03477435e+05
-1.32000000e-01,-1.32000000e-01,-1.78612557e+04,5.23536749e+04,2.11844876e+05
-1.28000000e-01,-1.32000000e-01,-1.80613971e+04,4.73731883e+04,2.20234081e+05
-1.24000000e-01,-1.32000000e-01,-1.82402412e+04,4.16833410e+04,2.28584642e+05
-1.20000000e-01,-1.32000000e-01,-1.83948638e+04,3.52423316e+04,2.36827422e+05
-1.16000000e-01,-1.32000000e-01,-1.85221799e+04,2.80120507e+04,2.44884322e+05
-1.12000000e-01,-1.32000000e-01,-1.86189603e+04,1.99594494e+04,2.52668224e+05
-1.08000000e-01,-1.32000000e-01,-1.86818554e+04,1.10580256e+04,2.60083181e+05
-1.04000000e-01,-1.32000000e-01,-1.87074245e+04,1.28940069e+03,2.67024875e+05
-1.00000000e-01,-1.32000000e-01,-1.86921707e+04,-9.35505964e+03,2.73381394e+05
-9.60000000e-02,-1.32000000e-01,-1.86325840e+04,-2.08726301e+04,2.79034348e+05
-9.20000000e-02,-1.32000000e-01,-1.85251896e+04,-3.32476829e+04,2.83860364e+05
-8.80000000e-02,-1.32000000e-01,-1.83666025e+04,-4.64502886e+04,2.87732934e+05
-8.40000000e-02,-1.32000000e-01,-1.81535873e+04,-6.04350392e+04,2.90524637e+05
-8.00000000e-02,-1.32000000e-01,-1.78831222e+04,-7.51401732e+04,2.92109673e+05
-7.60000000e-02,-1.32000000e-01,-1.75524659e+04,-9.04870775e+04,2.92366671e+05
-7.20000000e-02,-1.32000000e-01,-1.71592256e+04,-1.06380232e+05,2.91181685e+05
-6.80000000e-02,-1.32000000e-01,-1.67014241e+04,-1.22707647e+05,2.88451277e+05
-6.40000000e-02,-1.32000000e-01,-1.61775644e+04,-1.39341821e+05,2.84085588e+05
-6.00000000e-02,-1.32000000e-01,-1.55866895e+04,-1.56141224e+05,2.78011255e+05
-5.60000000e-02,-1.32000000e-01,-1.49284346e+04,-1.72952279e+05,2.70174065e+05
-5.20000000e-02,-1.32000000e-01,-1.42030713e+04,-1.89611792e+05,2.60541234e+05
-4.80000000e-02,-1.32000000e-01,-1.34115403e+04,-2.05949758e+05,2.49103195e+05
-4.40000000e-02,-1.32000000e-01,-1.25554732e+04,-2.21792425e+05,2.35874837e+05
-4.00000000e-02,-1.32000000e-01,-1.16372009e+04,-2.36965541e+05,2.20896137e+05
-3.60000000e-02,-1.32000000e-01,-1.06597489e+04,-2.51297635e+05,2.04232181e+05
-3.20000000e-02,-1.32000000e-01,-9.62681980e+03,-2.64623235e+05,1.85972571e+05
-2.80000000e-02,-1.32000000e-01,-8.54276300e+03,-2.76785926e+05,1.66230289e+05
-2.40000000e-02,-1.32000000e-01,-7.41253239e+03,-2.87641164e+05,1.45140056e+05
-2.00000000e-02,-1.32000000e-01,-6.24163368e+03,-2.97058771e+05,1.22856290e+05
-1.60000000e-02,-1.32000000e-01,-5.03606222e+03,-3.04925096e+05,9.95507220e+04
-1.20000000e-02,-1.32000000e-01,-3.80223292e+03,-3.11144812e+05,7.54097793e+04
-8.00000000e-03,-1.32000000e-01,-2.54690373e+03,-3.15642346e+05,5.06317905e+04
-4.00000000e-03,-1.32000000e-01,-1.27709415e+03,-3.18362966e+05,2.54240805e+04
0.00000000e+00,-1.32000000e-01,0.00000000e+00,-3.19273537e+05,-0.00000000e+00
4.00000000e-03,-1.32000000e-01,1.27709415e+03,-3.18362966e+05,-2.54240805e+04
8.00000000e-03,-1.32000000e-01,2.54690373e+03,-3.15642346e+05,-5.06317905e+04
1.20000000e-02,-1.32000000e-01,3.80223292e+03,-3.11144812e+05,-7.54097793e+04
1.60000000e-02,-1.32000000e-01,5.03606222e+03,-3.04925096e+05,-9.95507220e+04
2.00000000e-02,-1.32000000e-01,6.24163368e+03,-2.97058771e+05,-1.22856290e+05
2.40000000e-02,-1.32000000e-01,7.41253239e+03,-2.87641164e+05,-1.45140056e+05
2.80000000e-02,-1.32000000e-01,8.54276300e+03,-2.76785926e+05,-1.66230289e+05
3.20000000e-02,-1.32000000e-01,9.62681980e+03,-2.64623235e+05,-1.85972571e+05
3.60000000e-02,-1.32000000e-01,1.06597489e+04,-2.51297635e+05,-2.04232181e+05
4.00000000e-02,-1.32000000e-01,1.16372009e+04,-2.36965541e+05,-2.20896137e+05
4.40000000e-02,-1.32000000e-01,1.25554732e+04,-2.21792425e+05,-2.35874837e+05
4.80000000e-02,-1.32000000e-01,1.34115403e+04,-2.05949758e+05,-2.49103195e+05
5.20000000e-02,-1.32000000e-01,1.42030713e+04,-1.89611792e+05,-2.60541234e+05
5.60000000e-02,-1.32000000e-01,1.49284346e+04,-1.72952279e+05,-2.70174065e+05
6.00000000e-02,-1.32000000e-01,1.55866895e+04,-1.56141224e+05,-2.78011255e+05
6.40000000e-02,-1.32000000e-01,1.61775644e+04,-1.39341821e+05,-2.84085588e+05
6.80000000e-02,-1.32000000e-01,1.67014241e+04,-1.22707647e+05,-2.88451277e+05
7.20000000e-02,-1.32000000e-01,1.71592256e+04,-1.06380232e+05,-2.91181685e+05
7.60000000e-02,-1.32000000e-01,1.75524659e+04,-9.04870775e+04,-2.92366671e+05
8.00000000e-02,-1.32000000e-01,1.78831222e+04,-7.51401732e+04,-2.92109673e+05
8.40000000e-02,-1.32000000e-01,1.81535873e+04,-6.04350392e+04,-2.90524637e+05
8.80000000e-02,-1.32000000e-01,1.83666025e+04,-4.64502886e+04,-2.87732934e+05
9.20000000e-02,-1.32000000e-01,1.85251896e+04,-3.32476829e+04,-2.83860364e+05
9.60000000e-02,-1.32000000e-01,1.86325840e+04,-2.08726301e+04,-2.79034348e+05
1.00000000e-01,-1.32000000e-01,1.86921707e+04,-9.35505964e+03,-2.73381394e+05
1.04000000e-01,-1.32000000e-01,1.87074245e+04,1.28940069e+03,-2.67024875e+05
1.08000000e-01,-1.32000000e-01,1.86818554e+04,1.10580256e+04,-2.60083181e+05
1.12000000e-01,-1.32000000e-01,1.86189603e+04,1.99594494e+04,-2.52668224e+05
1.16000000e-01,-1.32000000e-01,1.85221799e+04,2.80120507e+04,-2.44884322e+05
1.20000000e-01,-1.32000000e-01,1.83948638e+04,3.52423316e+04,-2.36827422e+05
1.24000000e-01,-1.32000000e-01,1.82402412e+04,4.16833410e+04,-2.28584642e+05
1.28000000e-01,-1.32000000e-01,1.80613971e+04,4.73731883e+04,-2.20234081e+05
1.32000000e-01,-1.32000000e-01,1.78612557e+04,5.23536749e+04,-2.11844876e+05
1.36000000e-01,-1.32000000e-01,1.76425677e+04,5.66690664e+04,-2.03477435e+05
1.40000000e-01,-1.32000000e-01,1.74079032e+04,6.03650142e+04,-1.95183831e+05
1.44000000e-01,-1.32000000e-01,1.71596476e+04,6.34876316e+04,-1.87008295e+05
1.48000000e-01,-1.32000000e-01,1.69000021e+04,6.60827197e+04,-1.78987796e+05
1.52000000e-01,-1.32000000e-01,1.66309858e+04,6.81951363e+04,-1.71152655e+05
1.56000000e-01,-1.32000000e-01,1.63544410e+04,6.98682956e+04,-1.63527182e+05
1.60000000e-01,-1.32000000e-01,1.60720395e+04,7.11437871e+04,-1.56130317e+05
1.64000000e-01,-1.32000000e-01,1.57852907e+04,7.20610977e+04,-1.48976248e+05
1.68000000e-01,-1.32000000e-01,1.54955507e+04,7.26574249e+04,-1.42075006e+05
1.72000000e-01,-1.32000000e-01,1.52040313e+04,7.29675647e+04,-1.35433019e+05
1.76000000e-01,-1.32000000e-01,1.49118102e+04,7.30238633e+04,-1.29053628e+05
1.80000000e-01,-1.32000000e-01,1.46198404e+04,7.28562197e+04,-1.22937559e+05
1.84000000e-01,-1.32000000e-01,1.43289604e+04,7.24921283e+04,-1.17083343e+05
1.88000000e-01,-1.32000000e-01,1.40399034e+04,7.19567531e+04,-1.11487703e+05
1.92000000e-01,-1.32000000e-01,1.37533064e+04,7.12730241e+04,-1.06145882e+05
1.96000000e-01,-1.32000000e-01,1.34697192e+04,7.04617507e+04,-1.01051948e+05
2.00000000e-01,-1.32000000e-01,1.31896124e+04,nan,nan
-2.00000000e-01,-1.28000000e-01,-1.35782944e+04,nan,nan
-1.96000000e-01,-1.28000000e-01,-1.38783060e+04,7.55647516e+04,1.03195971e+05
-1.92000000e-01,-1.28000000e-01,-1.41828124e+04,7.66335827e+04,1.08564351e+05
-1.88000000e-01,-1.28000000e-01,-1.44913747e+04,7.75823614e+04,1.14208882e+05
-1.84000000e-01,-1.28000000e-01,-1.48034713e+04,7.83892732e+04,1.20137911e+05
-1.80000000e-01,-1.28000000e-01,-1.51184889e+04,7.90300970e+04,1.26358717e+05
-1.76000000e-01,-1.28000000e-01,-1.54357121e+04,7.94780495e+04,1.32877185e+05
-1.72000000e-01,-1.28000000e-01,-1.57543133e+04,7.97036413e+04,1.39697448e+05
-1.68000000e-01,-1.28000000e-01,-1.60733412e+04,7.96745552e+04,1.46821464e+05
-1.64000000e-01,-1.28000000e-01,-1.63917097e+04,7.93555520e+04,1.54248550e+05
-1.60000000e-01,-1.28000000e-01,-1.67081856e+04,7.87084172e+04,1.61974843e+05
-1.56000000e-01,-1.28000000e-01,-1.70213770e+04,7.76919602e+04,1.69992718e+05
-1.52000000e-01,-1.28000000e-01,-1.73297213e+04,7.62620791e+04,1.78290134e+05
-1.48000000e-01,-1.28000000e-01,-1.76314737e+04,7.43719091e+04,1.86849944e+05
-1.44000000e-01,-1.28000000e-01,-1.79246966e+04,7.19720692e+04,1.95649141e+05
-1.40000000e-01,-1.28000000e-01,-1.82072502e+04,6.90110288e+04,2.04658084e+05
-1.36000000e-01,-1.28000000e-01,-1.84767848e+04,6.54356105e+04,2.13839703e+05
-1.32000000e-01,-1.28000000e-01,-1.87307351e+04,6.11916480e+04,2.23148702e+05
-1.28000000e-01,-1.28000000e-01,-1.89663180e+04,5.62248175e+04,2.32530809e+05
-1.24000000e-01,-1.28000000e-01,-1.91805336e+04,5.04816533e+04,2.41922079e+05
-1.20000000e-01,-1.28000000e-01,-1.93701712e+04,4.39107589e+04,2.51248314e+05
-1.16000000e-01,-1.28000000e-01,-1.95318197e+04,3.64642122e+04,2.60424647e+05
-1.12000000e-01,-1.28000000e-01,-1.96618849e+04,2.80991595e+04,2.69355321e+05
-1.08000000e-01,-1.28000000e-01,-1.97566130e+04,1.87795766e+04,2.77933751e+05
-1.04000000e-01,-1.28000000e-01,-1.98121215e+04,8.47816536e+03,2.86042901e+05
-1.00000000e-01,-1.28000000e-01,-1.98244383e+04,-2.82166256e+03,2.93556038e+05
-9.60000000e-02,-1.28000000e-01,-1.97895482e+04,-1.51237777e+04,3.00337910e+05
-9.20000000e-02,-1.28000000e-01,-1.97034481e+04,-2.84173792e+04,3.06246382e+05
-8.80000000e-02,-1.28000000e-01,-1.95622092e+04,-4.26751868e+04,3.11134544e+05
-8.40000000e-02,-1.28000000e-01,-1.93620466e+04,-5.78518778e+04,3.14853271e+05
-8.00000000e-02,-1.28000000e-01,-1.90993942e+04,-7.38828737e+04,3.17254228e+05
-7.60000000e-02,-1.28000000e-01,-1.87709836e+04,-9.06835770e+04,3.18193226e+05
-7.20000000e-02,-1.28000000e-01,-1.83739256e+04,-1.08149149e+05,3.17533849e+05
-6.80000000e-02,-1.28000000e-01,-1.79057904e+04,-1.26154894e+05,3.15151227e+05
-6.40000000e-02,-1.28000000e-01,-1.73646864e+04,-1.44557304e+05,3.10935811e+05
-6.00000000e-02,-1.28000000e-01,-1.67493320e+04,-1.63195759e+05,3.04796991e+05
-5.60000000e-02,-1.28000000e-01,-1.60591203e+04,-1.81894862e+05,2.96666390e+05
-5.20000000e-02,-1.28000000e-01,-1.52941731e+04,-2.00467353e+05,2.86500698e+05
-4.80000000e-02,-1.28000000e-01,-1.44553815e+04,-2.18717477e+05,2.74283895e+05
-4.40000000e-02,-1.28000000e-01,-1.35444333e+04,-2.36444710e+05,2.60028779e+05
-4.00000000e-02,-1.28000000e-01,-1.25638238e+04,-2.53447669e+05,2.43777736e+05
-3.60000000e-02,-1.28000000e-01,-1.15168519e+04,-2.69528075e+05,2.25602733e+05
-3.20000000e-02,-1.28000000e-01,-1.04075992e+04,-2.84494610e+05,2.05604566e+05
-2.80000000e-02,-1.28000000e-01,-9.24089504e+03,-2.98166548e+05,1.83911422e+05
-2.40000000e-02,-1.28000000e-01,-8.02226685e+03,-3.10377057e+05,1.60676855e+05
-2.00000000e-02,-1.28000000e-01,-6.75787858e+03,-3.20976096e+05,1.36077282e+05
-1.60000000e-02,-1.28000000e-01,-5.45445808e+03,-3.29832869e+05,1.10309116e+05
-1.20000000e-02,-1.28000000e-01,-4.11921563e+03,-3.36837831e+05,8.35856449e+04
-8.00000000e-03,-1.28000000e-01,-2.75975543e+03,-3.41904262e+05,5.61337527e+04
-4.00000000e-03,-1.28000000e-01,-1.38398154e+03,-3.44969429e+05,2.81905561e+04
0.00000000e+00,-1.28000000e-01,0.00000000e+00,-3.45995384e+05,-0.00000000e+00
4.00000000e-03,-1.28000000e-01,1.38398154e+03,-3.44969429e+05,-2.81905561e+04
8.00000000e-03,-1.28000000e-01,2.75975543e+03,-3.41904262e+05,-5.61337527e+04
1.20000000e-02,-1.28000000e-01,4.11921563e+03,-3.36837831e+05,-8.35856449e+04
1.60000000e-02,-1.28000000e-01,5.45445808e+03,-3.29832869e+05,-1.10309116e+05
2.00000000e-02,-1.28000000e-01,6.75787858e+03,-3.20976096e+05,-1.36077282e+05
2.40000000e-02,-1.28000000e-01,8.02226685e+03,-3.10377057e+05,-1.60676855e+05
2.80000000e-02,-1.28000000e-01,9.24089504e+03,-2.98166548e+05,-1.83911422e+05
3.20000000e-02,-1.28000000e-01,1.04075992e+04,-2.84494610e+05,-2.05604566e+05
3.60000000e-02,-1.28000000e-01,1.15168519e+04,-2.69528075e+05,-2.25602733e+05
4.00000000e-02,-1.28000000e-01,1.25638238e+04,-2.53447669e+05,-2.43777736e+05
4.40000000e-02,-1.28000000e-01,1.35444333e+04,-2.36444710e+05,-2.60028779e+05
4.80000000e-02,-1.28000000e-01,1.44553815e+04,-2.18717477e+05,-2.74283895e+05
5.20000000e-02,-1.28000000e-01,1.52941731e+04,-2.00467353e+05,-2.86500698e+05
5.60000000e-02,-1.28000000e-01,1.60591203e+04,-1.81894862e+05,-2.96666390e+05
6.00000000e-02,-1.28000000e-01,1.67493320e+04,-1.63195759e+05,-3.04796991e+05
6.40000000e-02,-1.28000000e-01,1.73646864e+04,-1.44557304e+05,-3.10935811e+05
6.80000000e-02,-1.28000000e-01,1.79057904e+04,-1.26154894e+05,-3.15151227e+05
7.20000000e-02,-1.28000000e-01,1.83739256e+04,-1.08149149e+05,-3.17533849e+05
7.60000000e-02,-1.28000000e-01,1.87709836e+04,-9.06835770e+04,-3.18193226e+05
8.00000000e-02,-1.28000000e-01,1.90993942e+04,-7.38828737e+04,-3.17254228e+05
8.40000000e-02,-1.28000000e-01,1.93620466e+04,-5.78518778e+04,-3.14853271e+05
8.80000000e-02,-1.28000000e-01,1.95622092e+04,-4.26751868e+04,-3.11134544e+05
9.20000000e-02,-1.28000000e-01,1.97034481e+04,-2.84173792e+04,-3.06246382e+05
9.60000000e-02,-1.28000000e-01,1.97895482e+04,-1.51237777e+04,-3.00337910e+05
1.00000000e-01,-1.28000000e-01,1.98244383e+04,-2.82166256e+03,-2.93556038e+05
1.04000000e-01,-1.28000000e-01,1.98121215e+04,8.47816536e+03,-2.86042901e+05
1.08000000e-01,-1.28000000e-01,1.97566130e+04,1.87795766e+04,-2.77933751e+05
1.12000000e-01,-1.28000000e-01,1.96618849e+04,2.80991595e+04,-2.69355321e+05
1.16000000e-01,-1.28000000e-01,1.95318197e+04,3.64642122e+04,-2.60424647e+05
1.20000000e-01,-1.28000000e-01,1.93701712e+04,4.39107589e+04,-2.51248314e+05
1.24000000e-01,-1.28000000e-01,1.91805336e+04,5.04816533e+04,-2.41922079e+05
1.28000000e-01,-1.28000000e-01,1.89663180e+04,5.62248175e+04,-2.32530809e+05
1.32000000e-01,-1.28000000e-01,1.87307351e+04,6.11916480e+04,-2.23148702e+05
1.36000000e-01,-1.28000000e-01,1.84767848e+04,6.54356105e+04,-2.13839703e+05
1.40000000e-01,-1.28000000e-01,1.82072502e+04,6.90110288e+04,-2.04658084e+05
1.44000000e-01,-1.28000000e-01,1.79246966e+04,7.19720692e+04,-1.95649141e+05
1.48000000e-01,-1.28000000e-01,1.76314737e+04,7.43719091e+04,-1.86849944e+05
1.52000000e-01,-1.28000000e-01,1.73297213e+04,7.62620791e+04,-1.78290134e+05
1.56000000e-01,-1.28000000e-01,1.70213770e+04,7.76919602e+04,-1.69992718e+05
1.60000000e-01,-1.28000000e-01,1.67081856e+04,7.87084172e+04,-1.61974843e+05
1.64000000e-01,-1.28000000e-01,1.63917097e+04,7.93555520e+04,-1.54248550e+05
1.68000000e-01,-1.28000000e-01,1.60733412e+04,7.96745552e+04,-1.46821464e+05
1.72000000e-01,-1.28000000e-01,1.57543133e+04,7.97036413e+04,-1.39697448e+05
1.76000000e-01,-1.28000000e-01,1.54357121e+04,7.94780495e+04,-1.32877185e+05
1.80000000e-01,-1.28000000e-01,1.51184889e+04,7.90300970e+04,-1.26358717e+05
1.84000000e-01,-1.28000000e-01,1.48034713e+04,7.83892732e+04,-1.20137911e+05
1.88000000e-01,-1.28000000e-01,1.44913747e+04,7.75823614e+04,-1.14208882e+05
1.92000000e-01,-1.28000000e-01,1.41828124e+04,7.66335827e+04,-1.08564351e+05
1.96000000e-01,-1.28000000e-01,1.38783060e+04,7.55647516e+04,-1.03195971e+05
2.00000000e-01,-1.28000000e-01,1.35782944e+04,nan,nan
-2.00000000e-01,-1.24000000e-01,-1.39743691e+04,nan,nan
-1.96000000e-01,-1.24000000e-01,-1.42952870e+04,8.09315124e+04,1.05239252e+05
-1.92000000e-01,-1.24000000e-01,-1.46218212e+04,8.22859343e+04,1.10886800e+05
-1.88000000e-01,-1.24000000e-01,-1.49535744e+04,8.35303132e+04,1.16840744e+05
-1.84000000e-01,-1.24000000e-01,-1.52900637e+04,8.46419640e+04,1.23112210e+05
-1.80000000e-01,-1.24000000e-01,-1.56307102e+04,8.55954935e+04,1.29711402e+05
-1.76000000e-01,-1.24000000e-01,-1.59748277e+04,8.63625937e+04,1.36647274e+05
-1.72000000e-01,-1.24000000e-01,-1.63216109e+04,8.69118435e+04,1.43927136e+05
-1.68000000e-01,-1.24000000e-01,-1.66701224e+04,8.72085270e+04,1.51556199e+05
-1.64000000e-01,-1.24000000e-01,-1.70192791e+04,8.72144766e+04,1.59537058e+05
-1.60000000e-01,-1.24000000e-01,-1.73678382e+04,8.68879549e+04,1.67869097e+05
-1.56000000e-01,-1.24000000e-01,-1.77143828e+04,8.61835870e+04,1.76547819e+05
-1.52000000e-01,-1.24000000e-01,-1.80573069e+04,8.50523630e+04,1.85564103e+05
-1.48000000e-01,-1.24000000e-01,-1.83948017e+04,8.34417262e+04,1.94903388e+05
-1.44000000e-01,-1.24000000e-01,-1.87248407e+04,8.12957715e+04,2.04544787e+05
-1.40000000e-01,-1.24000000e-01,-1.90451678e+04,7.85555758e+04,2.14460145e+05
-1.36000000e-01,-1.24000000e-01,-1.93532853e+04,7.51596846e+04,2.24613055e+05
-1.32000000e-01,-1.24000000e-01,-1.96464453e+04,7.10447818e+04,2.34957862e+05
-1.28000000e-01,-1.24000000e-01,-1.99216436e+04,6.61465647e+04,2.45438673e+05
-1.24000000e-01,-1.24000000e-01,-2.01756178e+04,6.04008459e+04,2.55988429e+05
-1.20000000e-01,-1.24000000e-01,-2.04048504e+04,5.37448994e+04,2.66528078e+05
-1.16000000e-01,-1.24000000e-01,-2.06055770e+04,4.61190571e+04,2.76965906e+05
-1.12000000e-01,-1.24000000e-01,-2.07738028e+04,3.74685540e+04,2.87197105e+05
-1.08000000e-01,-1.24000000e-01,-2.09053255e+04,2.77456063e+04,2.97103630e+05
-1.04000000e-01,-1.24000000e-01,-2.09957677e+04,1.69116872e+04,3.06554446e+05
-1.00000000e-01,-1.24000000e-01,-2.10406190e+04,4.93994862e+03,3.15406209e+05
-9.60000000e-02,-1.24000000e-01,-2.10352873e+04,-8.18228545e+03,3.23504476e+05
-9.20000000e-02,-1.24000000e-01,-2.09751607e+04,-2.24510489e+04,3.30685475e+05
-8.80000000e-02,-1.24000000e-01,-2.08556789e+04,-3.78434002e+04,3.36778475e+05
-8.40000000e-02,-1.24000000e-01,-2.06724135e+04,-5.43153545e+04,3.41608758e+05
-8.00000000e-02,-1.24000000e-01,-2.04211560e+04,-7.18002176e+04,3.45001157e+05
-7.60000000e-02,-1.24000000e-01,-2.00980117e+04,-9.02074567e+04,3.46784086e+05
-7.20000000e-02,-1.24000000e-01,-1.96994964e+04,-1.09422232e+05,3.46793951e+05
-6.80000000e-02,-1.24000000e-01,-1.92226339e+04,-1.29305685e+05,3.44879778e+05
-6.40000000e-02,-1.24000000e-01,-1.86650509e+04,-1.49696057e+05,3.40907893e+05
-6.00000000e-02,-1.24000000e-01,-1.80250654e+04,-1.70410645e+05,3.34766418e+05
-5.60000000e-02,-1.24000000e-01,-1.73017657e+04,-1.91248571e+05,3.26369400e+05
-5.20000000e-02,-1.24000000e-01,-1.64950769e+04,-2.11994287e+05,3.15660342e+05
-4.80000000e-02,-1.24000000e-01,-1.56058114e+04,-2.32421677e+05,3.02614986e+05
-4.40000000e-02,-1.24000000e-01,-1.46357034e+04,-2.52298584e+05,2.87243204e+05
-4.00000000e-02,-1.24000000e-01,-1.35874228e+04,-2.71391587e+05,2.69589917e+05
-3.60000000e-02,-1.24000000e-01,-1.24645707e+04,-2.89470805e+05,2.49735045e+05
-3.20000000e-02,-1.24000000e-01,-1.12716563e+04,-3.06314546e+05,2.27792505e+05
-2.80000000e-02,-1.24000000e-01,-1.00140544e+04,-3.21713637e+05,2.03908380e+05
-2.40000000e-02,-1.24000000e-01,-8.69794723e+03,-3.35475303e+05,1.78258375e+05
-2.00000000e-02,-1.24000000e-01,-7.33025194e+03,-3.47426509e+05,1.51044715e+05
-1.60000000e-02,-1.24000000e-01,-5.91853515e+03,-3.57416734e+05,1.22492660e+05
-1.20000000e-02,-1.24000000e-01,-4.47091807e+03,-3.65320176e+05,9.28467692e+04
-8.00000000e-03,-1.24000000e-01,-2.99597375e+03,-3.71037435e+05,6.23670477e+04
-4.00000000e-03,-1.24000000e-01,-1.50261860e+03,-3.74496719e+05,3.13250493e+04
0.00000000e+00,-1.24000000e-01,0.00000000e+00,-3.75654649e+05,-0.00000000e+00
4.00000000e-03,-1.24000000e-01,1.50261860e+03,-3.74496719e+05,-3.13250493e+04
8.00000000e-03,-1.24000000e-01,2.99597375e+03,-3.71037435e+05,-6.23670477e+04
1.20000000e-02,-1.24000000e-01,4.47091807e+03,-3.65320176e+05,-9.28467692e+04
1.60000000e-02,-1.24000000e-01,5.91853515e+03,-3.57416734e+05,-1.22492660e+05
2.00000000e-02,-1.24000000e-01,7.33025194e+03,-3.47426509e+05,-1.51044715e+05
2.40000000e-02,-1.24000000e-01,8.69794723e+03,-3.35475303e+05,-1.78258375e+05
2.80000000e-02,-1.24000000e-01,1.00140544e+04,-3.21713637e+05,-2.03908380e+05
3.20000000e-02,-1.24000000e-01,1.12716563e+04,-3.06314546e+05,-2.27792505e+05
3.60000000e-02,-1.24000000e-01,1.24645707e+04,-2.89470805e+05,-2.49735045e+05
4.00000000e-02,-1.24000000e-01,1.35874228e+04,-2.71391587e+05,-2.69589917e+05
4.40000000e-02,-1.24000000e-01,1.46357034e+04,-2.52298584e+05,-2.87243204e+05
4.80000000e-02,-1.24000000e-01,1.56058114e+04,-2.32421677e+05,-3.02614986e+05
5.20000000e-02,-1.24000000e-01,1.64950769e+04,-2.11994287e+05,-3.15660342e+05
5.60000000e-02,-1.24000000e-01,1.73017657e+04,-1.91248571e+05,-3.26369400e+05
6.00000000e-02,-1.24000000e-01,1.80250654e+04,-1.70410645e+05,-3.34766418e+05
6.40000000e-02,-1.24000000e-01,1.86650509e+04,-1.49696057e+05,-3.40907893e+05
6.80000000e-02,-1.24000000e-01,1.92226339e+04,-1.29305685e+05,-3.44879778e+05
7.20000000e-02,-1.24000000e-01,1.96994964e+04,-1.09422232e+05,-3.46793951e+05
7.60000000e-02,-1.24000000e-01,2.00980117e+04,-9.02074567e+04,-3.46784086e+05
8.00000000e-02,-1.24000000e-01,2.04211560e+04,-7.18002176e+04,-3.45001157e+05
8.40000000e-02,-1.24000000e-01,2.06724135e+04,-5.43153545e+04,-3.41608758e+05
8.80000000e-02,-1.24000000e-01,2.08556789e+04,-3.78434002e+04,-3.36778475e+05
9.20000000e-02,-1.24000000e-01,2.09751607e+04,-2.24510489e+04,-3.30685475e+05
9.60000000e-02,-1.24000000e-01,2.10352873e+04,-8.18228545e+03,-3.23504476e+05
1.00000000e-01,-1.24000000e-01,2.10406190e+04,4.93994862e+03,-3.15406209e+05
1.04000000e-01,-1.24000000e-01,2.09957677e+04,1.69116872e+04,-3.06554446e+05
1.08000000e-01,-1.24000000e-01,2.09053255e+04,2.77456063e+04,-2.97103630e+05
1.12000000e-01,-1.24000000e-01,2.07738028e+04,3.74685540e+04,-2.87197105e+05
1.16000000e-01,-1.24000000e-01,2.06055770e+04,4.61190571e+04,-2.76965906e+05
1.20000000e-01,-1.24000000e-01,2.04048504e+04,5.37448994e+04,-2.66528078e+05
1.24000000e-01,-1.24000000e-01,2.01756178e+04,6.04008459e+04,-2.55988429e+05
1.28000000e-01,-1.24000000e-01,1.99216436e+04,6.61465647e+04,-2.45438673e+05
1.32000000e-01,-1.24000000e-01,1.96464453e+04,7.10447818e+04,-2.34957862e+05
1.36000000e-01,-1.24000000e-01,1.93532853e+04,7.51596846e+04,-2.24613055e+05
1.40000000e-01,-1.24000000e-01,1.90451678e+04,7.85555758e+04,-2.14460145e+05
1.44000000e-01,-1.24000000e-01,1.87248407e+04,8.12957715e+04,-2.04544787e+05
1.48000000e-01,-1.24000000e-01,1.83948017e+04,8.34417262e+04,-1.94903388e+05
1.52000000e-01,-1.24000000e-01,1.80573069e+04,8.50523630e+04,-1.85564103e+05
1.56000000e-01,-1.24000000e-01,1.77143828e+04,8.61835870e+04,-1.76547819e+05
1.60000000e-01,-1.24000000e-01,1.73678382e+04,8.68879549e+04,-1.67869097e+05
1.64000000e-01,-1.24000000e-01,1.70192791e+04,8.72144766e+04,-1.59537058e+05
1.68000000e-01,-1.24000000e-01,1.66701224e+04,8.72085270e+04,-1.51556199e+05
1.72000000e-01,-1.24000000e-01,1.63216109e+04,8.69118435e+04,-1.43927136e+05
1.76000000e-01,-1.24000000e-01,1.59748277e+04,8.63625937e+04,-1.36647274e+05
1.80000000e-01,-1.24000000e-01,1.56307102e+04,8.55954935e+04,-1.29711402e+05
1.84000000e-01,-1.24000000e-01,1.52900637e+04,8.46419640e+04,-1.23112210e+05
1.88000000e-01,-1.24000000e-01,1.49535744e+04,8.35303132e+04,-1.16840744e+05
1.92000000e-01,-1.24000000e-01,1.46218212e+04,8.22859343e+04,-1.10886800e+05
1.96000000e-01,-1.24000000e-01,1.42952870e+04,8.09315124e+04,-1.05239252e+05
2.00000000e-01,-1.24000000e-01,1.39743691e+04,nan,nan
-2.00000000e-01,-1.20000000e-01,-1.43773851e+04,nan,nan
-1.96000000e-01,-1.20000000e-01,-1.47202200e+04,8.65652142e+04,1.07161454e+05
-1.92000000e-01,-1.20000000e-01,-1.50699068e+04,8.82350753e+04,1.13091323e+05
-1.88000000e-01,-1.20000000e-01,-1.54261006e+04,8.98077713e+04,1.19359794e+05
-1.84000000e-01,-1.20000000e-01,-1.57883690e+04,9.12599311e+04,1.25981154e+05
-1.80000000e-01,-1.20000000e-01,-1.61561801e+04,9.25651616e+04,1.32968985e+05
-1.76000000e-01,-1.20000000e-01,-1.65288903e+04,9.36937829e+04,1.40335812e+05
-1.72000000e-01,-1.20000000e-01,-1.69057303e+04,9.46125658e+04,1.48092695e+05
-1.68000000e-01,-1.20000000e-01,-1.72857908e+04,9.52844779e+04,1.56248741e+05
-1.64000000e-01,-1.20000000e-01,-1.76680062e+04,9.56684504e+04,1.64810538e+05
-1.60000000e-01,-1.20000000e-01,-1.80511384e+04,9.57191777e+04,1.73781498e+05
-1.56000000e-01,-1.20000000e-01,-1.84337596e+04,9.53869658e+04,1.83161110e+05
-1.52000000e-01,-1.20000000e-01,-1.88142341e+04,9.46176483e+04,1.92944090e+05
-1.48000000e-01,-1.20000000e-01,-1.91907008e+04,9.33525933e+04,2.03119437e+05
-1.44000000e-01,-1.20000000e-01,-1.95610549e+04,9.15288259e+04,2.13669390e+05
-1.40000000e-01,-1.20000000e-01,-1.99229314e+04,8.90792969e+04,2.24568302e+05
-1.36000000e-01,-1.20000000e-01,-2.02736892e+04,8.59333276e+04,2.35781437e+05
-1.32000000e-01,-1.20000000e-01,-2.06103980e+04,8.20172659e+04,2.47263725e+05
-1.28000000e-01,-1.20000000e-01,-2.09298274e+04,7.72553850e+04,2.58958500e+05
-1.24000000e-01,-1.20000000e-01,-2.12284411e+04,7.15710586e+04,2.70796266e+05
-1.20000000e-01,-1.20000000e-01,-2.15023958e+04,6.48882359e+04,2.82693558e+05
-1.16000000e-01,-1.20000000e-01,-2.17475470e+04,5.71332388e+04,2.94551955e+05
-1.12000000e-01,-1.20000000e-01,-2.19594618e+04,4.82368833e+04,3.06257335e+05
-1.08000000e-01,-1.20000000e-01,-2.21334420e+04,3.81369176e+04,3.17679467e+05
-1.04000000e-01,-1.20000000e-01,-2.22645571e+04,2.67807441e+04,3.28672026e+05
-1.00000000e-01,-1.20000000e-01,-2.23476880e+04,1.41283679e+04,3.39073147e+05
-9.60000000e-02,-1.20000000e-01,-2.23775840e+04,1.55488360e+02,3.48706601e+05
-9.20000000e-02,-1.20000000e-01,-2.23489319e+04,-1.51433806e+04,3.57383684e+05
-8.80000000e-02,-1.20000000e-01,-2.22564370e+04,-3.17519040e+04,3.64905856e+05
-8.40000000e-02,-1.20000000e-01,-2.20949167e+04,-4.96291956e+04,3.71068168e+05
-8.00000000e-02,-1.20000000e-01,-2.18594034e+04,-6.87075449e+04,3.75663435e+05
-7.60000000e-02,-1.20000000e-01,-2.15452563e+04,-8.88907832e+04,3.78487084e+05
-7.20000000e-02,-1.20000000e-01,-2.11482772e+04,-1.10053457e+05,3.79342528e+05
-6.80000000e-02,-1.20000000e-01,-2.06648286e+04,-1.32040952e+05,3.78046889e+05
-6.40000000e-02,-1.20000000e-01,-2.00919495e+04,-1.54670664e+05,3.74436813e+05
-6.00000000e-02,-1.20000000e-01,-1.94274633e+04,-1.77734252e+05,3.68374114e+05
-5.60000000e-02,-1.20000000e-01,-1.86700755e+04,-2.01000939e+05,3.59750961e+05
-5.20000000e-02,-1.20000000e-01,-1.78194558e+04,-2.24221766e+05,3.48494332e+05
-4.80000000e-02,-1.20000000e-01,-1.68763014e+04,-2.47134615e+05,3.34569499e+05
-4.40000000e-02,-1.20000000e-01,-1.58423789e+04,-2.69469779e+05,3.17982379e+05
-4.00000000e-02,-1.20000000e-01,-1.47205432e+04,-2.90955829e+05,2.98780625e+05
-3.60000000e-02,-1.20000000e-01,-1.35147323e+04,-3.11325488e+05,2.77053482e+05
-3.20000000e-02,-1.20000000e-01,-1.22299393e+04,-3.30321274e+05,2.52930434e+05
-2.80000000e-02,-1.20000000e-01,-1.08721621e+04,-3.47700677e+05,2.26578818e+05
-2.40000000e-02,-1.20000000e-01,-9.44833385e+03,-3.63240723e+05,1.98200576e+05
-2.00000000e-02,-1.20000000e-01,-7.96623630e+03,-3.76741812e+05,1.68028380e+05
-1.60000000e-02,-1.20000000e-01,-6.43439935e+03,-3.88030815e+05,1.36321341e+05
-1.20000000e-02,-1.20000000e-01,-4.86198979e+03,-3.96963443e+05,1.03360517e+05
-8.00000000e-03,-1.20000000e-01,-3.25869181e+03,-4.03425982e+05,6.94443603e+04
-4.00000000e-03,-1.20000000e-01,-1.63458193e+03,-4.07336476e+05,3.48842303e+04
0.00000000e+00,-1.20000000e-01,0.00000000e+00,-4.08645483e+05,-0.00000000e+00
4.00000000e-03,-1.20000000e-01,1.63458193e+03,-4.07336476e+05,-3.48842303e+04
8.00000000e-03,-1.20000000e-01,3.25869181e+03,-4.03425982e+05,-6.94443603e+04
1.20000000e-02,-1.20000000e-01,4.86198979e+03,-3.96963443e+05,-1.03360517e+05
1.60000000e-02,-1.20000000e-01,6.43439935e+03,-3.88030815e+05,-1.36321341e+05
2.00000000e-02,-1.20000000e-01,7.96623630e+03,-3.76741812e+05,-1.68028380e+05
2.40000000e-02,-1.20000000e-01,9.44833385e+03,-3.63240723e+05,-1.98200576e+05
2.80000000e-02,-1.20000000e-01,1.08721621e+04,-3.47700677e+05,-2.26578818e+05
3.20000000e-02,-1.20000000e-01,1.22299393e+04,-3.30321274e+05,-2.52930434e+05
3.60000000e-02,-1.20000000e-01,1.35147323e+04,-3.11325488e+05,-2.77053482e+05
4.00000000e-02,-1.20000000e-01,1.47205432e+04,-2.90955829e+05,-2.98780625e+05
4.40000000e-02,-1.20000000e-01,1.58423789e+04,-2.69469779e+05,-3.17982379e+05
4.80000000e-02,-1.20000000e-01,1.68763014e+04,-2.47134615e+05,-3.34569499e+05
5.20000000e-02,-1.20000000e-01,1.78194558e+04,-2.24221766e+05,-3.48494332e+05
5.60000000e-02,-1.20000000e-01,1.86700755e+04,-2.01000939e+05,-3.59750961e+05
6.00000000e-02,-1.20000000e-01,1.94274633e+04,-1.77734252e+05,-3.68374114e+05
6.40000000e-02,-1.20000000e-01,2.00919495e+04,-1.54670664e+05,-3.74436813e+05
6.80000000e-02,-1.20000000e-01,2.06648286e+04,-1.32040952e+05,-3.78046889e+05
7.20000000e-02,-1.20000000e-01,2.11482772e+04,-1.10053457e+05,-3.79342528e+05
7.60000000e-02,-1.20000000e-01,2.15452563e+04,-8.88907832e+04,-3.78487084e+05
8.00000000e-02,-1.20000000e-01,2.18594034e+04,-6.87075449e+04,-3.75663435e+05
8.40000000e-02,-1.20000000e-01,2.20949167e+04,-4.96291956e+04,-3.71068168e+05
8.80000000e-02,-1.20000000e-01,2.22564370e+04,-3.17519040e+04,-3.64905856e+05
9.20000000e-02,-1.20000000e-01,2.23489319e+04,-1.51433806e+04,-3.57383684e+05
9.60000000e-02,-1.20000000e-01,2.23775840e+04,1.55488360e+02,-3.48706601e+05
1.00000000e-01,-1.20000000e-01,2.23476880e+04,1.41283679e+04,-3.39073147e+05
1.04000000e-01,-1.20000000e-01,2.22645571e+04,2.67807441e+04,-3.28672026e+05
1.08000000e-01,-1.20000000e-01,2.21334420e+04,3.81369176e+04,-3.17679467e+05
1.12000000e-01,-1.20000000e-01,2.19594618e+04,4.82368833e+04,-3.06257335e+05
1.16000000e-01,-1.20000000e-01,2.17475470e+04,5.71332388e+04,-2.94551955e+05
1.20000000e-01,-1.20000000e-01,2.15023958e+04,6.48882359e+04,-2.82693558e+05
1.24000000e-01,-1.20000000e-01,2.12284411e+04,7.15710586e+04,-2.70796266e+05
1.28000000e-01,-1.20000000e-01,2.09298274e+04,7.72553850e+04,-2.58958500e+05
1.32000000e-01,-1.20000000e-01,2.06103980e+04,8.20172659e+04,-2.47263725e+05
1.36000000e-01,-1.20000000e-01,2.02736892e+04,8.59333276e+04,-2.35781437e+05
1.40000000e-01,-1.20000000e-01,1.99229314e+04,8.90792969e+04,-2.24568302e+05
1.44000000e-01,-1.20000000e-01,1.95610549e+04,9.15288259e+04,-2.13669390e+05
1.48000000e-01,-1.20000000e-01,1.91907008e+04,9.33525933e+04,-2.03119437e+05
1.52000000e-01,-1.20000000e-01,1.88142341e+04,9.46176483e+04,-1.92944090e+05
1.56000000e-01,-1.20000000e-01,1.84337596e+04,9.53869658e+04,-1.83161110e+05
1.60000000e-01,-1.20000000e-01,1.80511384e+04,9.57191777e+04,-1.73781498e+05
1.64000000e-01,-1.20000000e-01,1.76680062e+04,9.56684504e+04,-1.64810538e+05
1.68000000e-01,-1.20000000e-01,1.72857908e+04,9.52844779e+04,-1.56248741e+05
1.72000000e-01,-1.20000000e-01,1.69057303e+04,9.46125658e+04,-1.48092695e+05
1.76000000e-01,-1.20000000e-01,1.65288903e+04,9.36937829e+04,-1.40335812e+05
1.80000000e-01,-1.20000000e-01,1.61561801e+04,9.25651616e+04,-1.32968985e+05
1.84000000e-01,-1.20000000e-01,1.57883690e+04,9.12599311e+04,-1.25981154e+05
1.88000000e-01,-1.20000000e-01,1.54261006e+04,8.98077713e+04,-1.19359794e+05
1.92000000e-01,-1.20000000e-01,1.50699068e+04,8.82350753e+04,-1.13091323e+05
1.96000000e-01,-1.20000000e-01,1.47202200e+04,8.65652142e+04,-1.07161454e+05
2.00000000e-01,-1.20000000e-01,1.43773851e+04,nan,nan
-2.00000000e-01,-1.16000000e-01,-1.47868129e+04,nan,nan
-1.96000000e-01,-1.16000000e-01,-1.51525786e+04,9.24673601e+04,1.08940654e+05
-1.92000000e-01,-1.16000000e-01,-1.55265518e+04,9.44842735e+04,1.15154138e+05
-1.88000000e-01,-1.16000000e-01,-1.59084528e+04,9.64201436e+04,1.21740326e+05
-1.84000000e-01,-1.16000000e-01,-1.62979129e+04,9.82511552e+04,1.28717085e+05
-1.80000000e-01,-1.16000000e-01,-1.66944620e+04,9.99501518e+04,1.36101852e+05
-1.76000000e-01,-1.16000000e-01,-1.70975142e+04,1.01486304e+05,1.43911278e+05
-1.72000000e-01,-1.16000000e-01,-1.75063525e+04,1.02824773e+05,1.52160806e+05
-1.68000000e-01,-1.16000000e-01,-1.79201123e+04,1.03926370e+05,1.60864156e+05
-1.64000000e-01,-1.16000000e-01,-1.83377634e+04,1.04747234e+05,1.70032719e+05
-1.60000000e-01,-1.16000000e-01,-1.87580902e+04,1.05238527e+05,1.79674838e+05
-1.56000000e-01,-1.16000000e-01,-1.91796716e+04,1.05346179e+05,1.89794985e+05
-1.52000000e-01,-1.16000000e-01,-1.96008596e+04,1.05010690e+05,2.00392800e+05
-1.48000000e-01,-1.16000000e-01,-2.00197572e+04,1.04167026e+05,2.11462012e+05
-1.44000000e-01,-1.16000000e-01,-2.04341959e+04,1.02744637e+05,2.22989224e+05
-1.40000000e-01,-1.16000000e-01,-2.08417142e+04,1.00667623e+05,2.34952576e+05
-1.36000000e-01,-1.16000000e-01,-2.12395368e+04,9.78551082e+04,2.47320297e+05
-1.32000000e-01,-1.16000000e-01,-2.16245551e+04,9.42218448e+04,2.60049163e+05
-1.28000000e-01,-1.16000000e-01,-2.19933116e+04,8.96791053e+04,2.73082905e+05
-1.24000000e-01,-1.16000000e-01,-2.23419880e+04,8.41359038e+04,2.86350606e+05
-1.20000000e-01,-1.16000000e-01,-2.26663988e+04,7.75005880e+04,2.99765158e+05
-1.16000000e-01,-1.16000000e-01,-2.29619927e+04,6.96828346e+04,3.13221867e+05
-1.12000000e-01,-1.16000000e-01,-2.32238615e+04,6.05960669e+04,3.26597291e+05
-1.08000000e-01,-1.16000000e-01,-2.34467612e+04,5.01602973e+04,3.39748444e+05
-1.04000000e-01,-1.16000000e-01,-2.36251439e+04,3.83053663e+04,3.52512483e+05
-1.00000000e-01,-1.16000000e-01,-2.37532041e+04,2.49745232e+04,3.64707022e+05
-9.60000000e-02,-1.16000000e-01,-2.38249401e+04,1.01282516e+04,3.76131203e+05
-9.20000000e-02,-1.16000000e-01,-2.38342301e+04,-6.25179414e+03,3.86567639e+05
-8.80000000e-02,-1.16000000e-01,-2.37749257e+04,-2.41589162e+04,3.95785323e+05
-8.40000000e-02,-1.16000000e-01,-2.36409588e+04,-4.35577751e+04,4.03543555e+05
-8.00000000e-02,-1.16000000e-01,-2.34264635e+04,-6.43813016e+04,4.09596856e+05
-7.60000000e-02,-1.16000000e-01,-2.31259084e+04,-8.65283640e+04,4.13700803e+05
-7.20000000e-02,-1.16000000e-01,-2.27342366e+04,-1.09862426e+05,4.15618619e+05
-6.80000000e-02,-1.16000000e-01,-2.22470090e+04,-1.34211400e+05,4.15128260e+05
-6.40000000e-02,-1.16000000e-01,-2.16605454e+04,-1.59368832e+05,4.12029707e+05
-6.00000000e-02,-1.16000000e-01,-2.09720583e+04,-1.85096497e+05,4.06152091e+05
-5.60000000e-02,-1.16000000e-01,-2.01797734e+04,-2.11128353e+05,3.97360266e+05
-5.20000000e-02,-1.16000000e-01,-1.92830315e+04,-2.37175749e+05,3.85560459e+05
-4.80000000e-02,-1.16000000e-01,-1.82823674e+04,-2.62933630e+05,3.70704677e+05
-4.40000000e-02,-1.16000000e-01,-1.71795625e+04,-2.88087458e+05,3.52793628e+05
-4.00000000e-02,-1.16000000e-01,-1.59776678e+04,-3.12320484e+05,3.31878017e+05
-3.60000000e-02,-1.16000000e-01,-1.46809986e+04,-3.35320996e+05,3.08058222e+05
-3.20000000e-02,-1.16000000e-01,-1.32950998e+04,-3.56789210e+05,2.81482437e+05
-2.80000000e-02,-1.16000000e-01,-1.18266849e+04,-3.76443495e+05,2.52343503e+05
-2.40000000e-02,-1.16000000e-01,-1.02835518e+04,-3.94025741e+05,2.20874709e+05
-2.00000000e-02,-1.16000000e-01,-8.67447898e+03,-4.09305744e+05,1.87344864e+05
-1.60000000e-02,-1.16000000e-01,-7.00910589e+03,-4.22084597e+05,1.52052979e+05
-1.20000000e-02,-1.16000000e-01,-5.29780221e+03,-4.32197157e+05,1.15322811e+05
-8.00000000e-03,-1.16000000e-01,-3.55152863e+03,-4.39513721e+05,7.74974891e+04
-4.00000000e-03,-1.16000000e-01,-1.78169244e+03,-4.43941079e+05,3.89343454e+04
0.00000000e+00,-1.16000000e-01,0.00000000e+00,-4.45423110e+05,-0.00000000e+00
4.00000000e-03,-1.16000000e-01,1.78169244e+03,-4.43941079e+05,-3.89343454e+04
8.00000000e-03,-1.16000000e-01,3.55152863e+03,-4.39513721e+05,-7.74974891e+04
1.20000000e-02,-1.16000000e-01,5.29780221e+03,-4.32197157e+05,-1.15322811e+05
1.60000000e-02,-1.16000000e-01,7.00910589e+03,-4.22084597e+05,-1.52052979e+05
2.00000000e-02,-1.16000000e-01,8.67447898e+03,-4.09305744e+05,-1.87344864e+05
2.40000000e-02,-1.16000000e-01,1.02835518e+04,-3.94025741e+05,-2.20874709e+05
2.80000000e-02,-1.16000000e-01,1.18266849e+04,-3.76443495e+05,-2.52343503e+05
3.20000000e-02,-1.16000000e-01,1.32950998e+04,-3.56789210e+05,-2.81482437e+05
3.60000000e-02,-1.16000000e-01,1.46809986e+04,-3.35320996e+05,-3.08058222e+05
4.00000000e-02,-1.16000000e-01,1.59776678e+04,-3.12320484e+05,-3.31878017e+05
4.40000000e-02,-1.16000000e-01,1.71795625e+04,-2.88087458e+05,-3.52793628e+05
4.80000000e-02,-1.16000000e-01,1.82823674e+04,-2.62933630e+05,-3.70704677e+05
5.20000000e-02,-1.16000000e-01,1.92830315e+04,-2.37175749e+05,-3.85560459e+05
5.60000000e-02,-1.16000000e-01,2.01797734e+04,-2.11128353e+05,-3.97360266e+05
6.00000000e-02,-1.16000000e-01,2.09720583e+04,-1.85096497e+05,-4.06152091e+05
6.40000000e-02,-1.16000000e-01,2.16605454e+04,-1.59368832e+05,-4.12029707e+05
6.80000000e-02,-1.16000000e-01,2.22470090e+04,-1.34211400e+05,-4.15128260e+05
7.20000000e-02,-1.16000000e-01,2.27342366e+04,-1.09862426e+05,-4.15618619e+05
7.60000000e-02,-1.16000000e-01,2.31259084e+04,-8.65283640e+04,-4.13700803e+05
8.00000000e-02,-1.16000000e-01,2.34264635e+04,-6.43813016e+04,-4.09596856e+05
8.40000000e-02,-1.16000000e-01,2.36409588e+04,-4.35577751e+04,-4.03543555e+05
8.80000000e-02,-1.16000000e-01,2.37749257e+04,-2.41589162e+04,-3.95785323e+05
9.20000000e-02,-1.16000000e-01,2.38342301e+04,-6.25179414e+03,-3.86567639e+05
9.60000000e-02,-1.16000000e-01,2.38249401e+04,1.01282516e+04,-3.76131203e+05
1.00000000e-01,-1.16000000e-01,2.37532041e+04,2.49745232e+04,-3.64707022e+05
1.04000000e-01,-1.16000000e-01,2.36251439e+04,3.83053663e+04,-3.52512483e+05
1.08000000e-01,-1.16000000e-01,2.34467612e+04,5.01602973e+04,-3.39748444e+05
1.12000000e-01,-1.16000000e-01,2.32238615e+04,6.05960669e+04,-3.26597291e+05
1.16000000e-01,-1.16000000e-01,2.29619927e+04,6.96828346e+04,-3.13221867e+05
1.20000000e-01,-1.16000000e-01,2.26663988e+04,7.75005880e+04,-2.99765158e+05
1.24000000e-01,-1.16000000e-01,2.23419880e+04,8.41359038e+04,-2.86350606e+05
1.28000000e-01,-1.16000000e-01,2.19933116e+04,8.96791053e+04,-2.73082905e+05
1.32000000e-01,-1.16000000e-01,2.16245551e+04,9.42218448e+04,-2.60049163e+05
1.36000000e-01,-1.16000000e-01,2.12395368e+04,9.78551082e+04,-2.47320297e+05
1.40000000e-01,-1.16000000e-01,2.08417142e+04,1.00667623e+05,-2.34952576e+05
1.44000000e-01,-1.16000000e-01,2.04341959e+04,1.02744637e+05,-2.22989224e+05
1.48000000e-01,-1.16000000e-01,2.00197572e+04,1.04167026e+05,-2.11462012e+05
1.52000000e-01,-1.16000000e-01,1.96008596e+04,1.05010690e+05,-2.00392800e+05
1.56000000e-01,-1.16000000e-01,1.91796716e+04,1.05346179e+05,-1.89794985e+05
1.60000000e-01,-1.16000000e-01,1.87580902e+04,1.05238527e+05,-1.79674838e+05
1.64000000e-01,-1.16000000e-01,1.83377634e+04,1.04747234e+05,-1.70032719e+05
1.68000000e-01,-1.16000000e-01,1.79201123e+04,1.03926370e+05,-1.60864156e+05
1.72000000e-01,-1.16000000e-01,1.75063525e+04,1.02824773e+05,-1.52160806e+05
1.76000000e-01,-1.16000000e-01,1.70975142e+04,1.01486304e+05,-1.43911278e+05
1.80000000e-01,-1.16000000e-01,1.66944620e+04,9.99501518e+04,-1.36101852e+05
1.84000000e-01,-1.16000000e-01,1.62979129e+04,9.82511552e+04,-1.28717085e+05
1.88000000e-01,-1.16000000e-01,1.59084528e+04,9.64201436e+04,-1.21740326e+05
1.92000000e-01,-1.16000000e-01,1.55265518e+04,9.44842735e+04,-1.15154138e+05
1.96000000e-01,-1.16000000e-01,1.51525786e+04,9.24673601e+04,-1.08940654e+05
2.00000000e-01,-1.16000000e-01,1.47868129e+04,nan,nan
-2.00000000e-01,-1.12000000e-01,-1.52020400e+04,nan,nan
-1.96000000e-01,-1.12000000e-01,-1.55917453e+04,9.86374942e+04,1.10553362e+05
-1.92000000e-01,-1.12000000e-01,-1.59911399e+04,1.01034747e+05,1.17049587e+05
-1.88000000e-01,-1.12000000e-01,-1.64000232e+04,1.03370718e+05,1.23954409e+05
-1.84000000e-01,-1.12000000e-01,-1.68181057e+04,1.05621457e+05,1.31289711e+05
-1.80000000e-01,-1.12000000e-01,-1.72449949e+04,1.07759355e+05,1.39077298e+05
-1.76000000e-01,-1.12000000e-01,-1.76801805e+04,1.09752737e+05,1.47338546e+05
-1.72000000e-01,-1.12000000e-01,-1.81230168e+04,1.11565444e+05,1.56093973e+05
-1.68000000e-01,-1.12000000e-01,-1.85727040e+04,1.13156390e+05,1.65362707e+05
-1.64000000e-01,-1.12000000e-01,-1.90282679e+04,1.14479132e+05,1.75161851e+05
-1.60000000e-01,-1.12000000e-01,-1.94885371e+04,1.15481444e+05,1.85505711e+05
-1.56000000e-01,-1.12000000e-01,-1.99521195e+04,1.16104928e+05,1.96404888e+05
-1.52000000e-01,-1.12000000e-01,-2.04173765e+04,1.16284675e+05,2.07865224e+05
-1.48000000e-01,-1.12000000e-01,-2.08823969e+04,1.15949017e+05,2.19886572e+05
-1.44000000e-01,-1.12000000e-01,-2.13449687e+04,1.15019390e+05,2.32461398e+05
-1.40000000e-01,-1.12000000e-01,-2.18025520e+04,1.13410370e+05,2.45573220e+05
-1.36000000e-01,-1.12000000e-01,-2.22522516e+04,1.11029915e+05,2.59194868e+05
-1.32000000e-01,-1.12000000e-01,-2.26907913e+04,1.07779874e+05,2.73286610e+05
-1.28000000e-01,-1.12000000e-01,-2.31144906e+04,1.03556827e+05,2.87794161e+05
-1.24000000e-01,-1.12000000e-01,-2.35192459e+04,9.82533111e+04,3.02646628e+05
-1.20000000e-01,-1.12000000e-01,-2.39005171e+04,9.17594973e+04,3.17754473e+05
-1.16000000e-01,-1.12000000e-01,-2.42533219e+04,8.39653722e+04,3.33007579e+05
-1.12000000e-01,-1.12000000e-01,-2.45722401e+04,7.47634604e+04,3.48273539e+05
-1.08000000e-01,-1.12000000e-01,-2.48514296e+04,6.40521092e+04,3.63396333e+05
-1.04000000e-01,-1.12000000e-01,-2.50846570e+04,5.17393220e+04,3.78195524e+05
-1.00000000e-01,-1.12000000e-01,-2.52653442e+04,3.77470880e+04,3.92466197e+05
-9.60000000e-02,-1.12000000e-01,-2.53866337e+04,2.20161049e+04,4.05979785e+05
-9.20000000e-02,-1.12000000e-01,-2.54414730e+04,4.51073966e+03,4.18485995e+05
-8.80000000e-02,-1.12000000e-01,-2.54227196e+04,-1.47759873e+04,4.29715936e+05
-8.40000000e-02,-1.12000000e-01,-2.53232651e+04,-3.58176632e+04,4.39386580e+05
-8.00000000e-02,-1.12000000e-01,-2.51361783e+04,-5.85502968e+04,4.47206543e+05
-7.60000000e-02,-1.12000000e-01,-2.48548627e+04,-8.28690195e+04,4.52883112e+05
-7.20000000e-02,-1.12000000e-01,-2.44732261e+04,-1.08626000e+05,4.56130337e+05
-6.80000000e-02,-1.12000000e-01,-2.39858547e+04,-1.35629864e+05,4.56677878e+05
-6.40000000e-02,-1.12000000e-01,-2.33881872e+04,-1.63646833e+05,4.54280200e+05
-6.00000000e-02,-1.12000000e-01,-2.26766801e+04,-1.92403693e+05,4.48725636e+05
-5.60000000e-02,-1.12000000e-01,-2.18489577e+04,-2.21592571e+05,4.39844787e+05
-5.20000000e-02,-1.12000000e-01,-2.09039395e+04,-2.50877355e+05,4.27517762e+05
-4.80000000e-02,-1.12000000e-01,-1.98419388e+04,-2.79901446e+05,4.11679781e+05
-4.40000000e-02,-1.12000000e-01,-1.86647279e+04,-3.08296439e+05,3.92324833e+05
-4.00000000e-02,-1.12000000e-01,-1.73755673e+04,-3.35691234e+05,3.69507200e+05
-3.60000000e-02,-1.12000000e-01,-1.59791981e+04,-3.61721068e+05,3.43340829e+05
-3.20000000e-02,-1.12000000e-01,-1.44817988e+04,-3.86035992e+05,3.13996737e+05
-2.80000000e-02,-1.12000000e-01,-1.28909101e+04,-4.08308405e+05,2.81698735e+05
-2.40000000e-02,-1.12000000e-01,-1.12153315e+04,-4.28239363e+05,2.46717907e+05
-2.00000000e-02,-1.12000000e-01,-9.46499521e+03,-4.45563542e+05,2.09366269e+05
-1.60000000e-02,-1.12000000e-01,-7.65082319e+03,-4.60052867e+05,1.69990085e+05
-1.20000000e-02,-1.12000000e-01,-5.78457228e+03,-4.71518933e+05,1.28963200e+05
-8.00000000e-03,-1.12000000e-01,-3.87867172e+03,-4.79814448e+05,8.66806732e+04
-4.00000000e-03,-1.12000000e-01,-1.94605669e+03,-4.84833966e+05,4.35528636e+04
0.00000000e+00,-1.12000000e-01,0.00000000e+00,-4.86514174e+05,-0.00000000e+00
4.00000000e-03,-1.12000000e-01,1.94605669e+03,-4.84833966e+05,-4.35528636e+04
8.00000000e-03,-1.12000000e-01,3.87867172e+03,-4.79814448e+05,-8.66806732e+04
1.20000000e-02,-1.12000000e-01,5.78457228e+03,-4.71518933e+05,-1.28963200e+05
1.60000000e-02,-1.12000000e-01,7.65082319e+03,-4.60052867e+05,-1.69990085e+05
2.00000000e-02,-1.12000000e-01,9.46499521e+03,-4.45563542e+05,-2.09366269e+05
2.40000000e-02,-1.12000000e-01,1.12153315e+04,-4.28239363e+05,-2.46717907e+05
2.80000000e-02,-1.12000000e-01,1.28909101e+04,-4.08308405e+05,-2.81698735e+05
3.20000000e-02,-1.12000000e-01,1.44817988e+04,-3.86035992e+05,-3.13996737e+05
3.60000000e-02,-1.12000000e-01,1.59791981e+04,-3.61721068e+05,-3.43340829e+05
4.00000000e-02,-1.12000000e-01,1.73755673e+04,-3.35691234e+05,-3.69507200e+05
4.40000000e-02,-1.12000000e-01,1.86647279e+04,-3.08296439e+05,-3.92324833e+05
4.80000000e-02,-1.12000000e-01,1.98419388e+04,-2.79901446e+05,-4.11679781e+05
5.20000000e-02,-1.12000000e-01,2.09039395e+04,-2.50877355e+05,-4.27517762e+05
5.60000000e-02,-1.12000000e-01,2.18489577e+04,-2.21592571e+05,-4.39844787e+05
6.00000000e-02,-1.12000000e-01,2.26766801e+04,-1.92403693e+05,-4.48725636e+05
6.40000000e-02,-1.12000000e-01,2.33881872e+04,-1.63646833e+05,-4.54280200e+05
6.80000000e-02,-1.12000000e-01,2.39858547e+04,-1.35629864e+05,-4.56677878e+05
7.20000000e-02,-1.12000000e-01,2.44732261e+04,-1.08626000e+05,-4.56130337e+05
7.60000000e-02,-1.12000000e-01,2.48548627e+04,-8.28690195e+04,-4.52883112e+05
8.00000000e-02,-1.12000000e-01,2.51361783e+04,-5.85502968e+04,-4.47206543e+05
8.40000000e-02,-1.12000000e-01,2.53232651e+04,-3.58176632e+04,-4.39386580e+05
8.80000000e-02,-1.12000000e-01,2.54227196e+04,-1.47759873e+04,-4.29715936e+05
9.20000000e-02,-1.12000000e-01,2.54414730e+04,4.51073966e+03,-4.18485995e+05
9.60000000e-02,-1.12000000e-01,2.53866337e+04,2.20161049e+04,-4.05979785e+05
1.00000000e-01,-1.12000000e-01,2.52653442e+04,3.77470880e+04,-3.92466197e+05
1.04000000e-01,-1.12000000e-01,2.50846570e+04,5.17393220e+04,-3.78195524e+05
1.08000000e-01,-1.12000000e-01,2.48514296e+04,6.40521092e+04,-3.63396333e+05
1.12000000e-01,-1.12000000e-01,2.45722401e+04,7.47634604e+04,-3.48273539e+05
1.16000000e-01,-1.12000000e-01,2.42533219e+04,8.39653722e+04,-3.33007579e+05
1.20000000e-01,-1.12000000e-01,2.39005171e+04,9.17594973e+04,-3.17754473e+05
1.24000000e-01,-1.12000000e-01,2.35192459e+04,9.82533111e+04,-3.02646628e+05
1.28000000e-01,-1.12000000e-01,2.31144906e+04,1.03556827e+05,-2.87794161e+05
1.32000000e-01,-1.12000000e-01,2.26907913e+04,1.07779874e+05,-2.73286610e+05
1.36000000e-01,-1.12000000e-01,2.22522516e+04,1.11029915e+05,-2.59194868e+05
1.40000000e-01,-1.12000000e-01,2.18025520e+04,1.13410370e+05,-2.45573220e+05
1.44000000e-01,-1.12000000e-01,2.13449687e+04,1.15019390e+05,-2.32461398e+05
1.48000000e-01,-1.12000000e-01,2.08823969e+04,1.15949017e+05,-2.19886572e+05
1.52000000e-01,-1.12000000e-01,2.04173765e+04,1.16284675e+05,-2.07865224e+05
1.56000000e-01,-1.12000000e-01,1.99521195e+04,1.16104928e+05,-1.96404888e+05
1.60000000e-01,-1.12000000e-01,1.94885371e+04,1.15481444e+05,-1.85505711e+05
1.64000000e-01,-1.12000000e-01,1.90282679e+04,1.14479132e+05,-1.75161851e+05
1.68000000e-01,-1.12000000e-01,1.85727040e+04,1.13156390e+05,-1.65362707e+05
1.72000000e-01,-1.12000000e-01,1.81230168e+04,1.11565444e+05,-1.56093973e+05
1.76000000e-01,-1.12000000e-01,1.76801805e+04,1.09752737e+05,-1.47338546e+05
1.80000000e-01,-1.12000000e-01,1.72449949e+04,1.07759355e+05,-1.39077298e+05
1.84000000e-01,-1.12000000e-01,1.68181057e+04,1.05621457e+05,-1.31289711e+05
1.88000000e-01,-1.12000000e-01,1.64000232e+04,1.03370718e+05,-1.23954409e+05
1.92000000e-01,-1.12000000e-01,1.59911399e+04,1.01034747e+05,-1.17049587e+05
1.96000000e-01,-1.12000000e-01,1.55917453e+04,9.86374942e+04,-1.10553362e+05
2.00000000e-01,-1.12000000e-01,1.52020400e+04,nan,nan
-2.00000000e-01,-1.08000000e-01,-1.56223653e+04,nan,nan
-1.96000000e-01,-1.08000000e-01,-1.60370055e+04,1.05072902e+05,1.11974591e+05
-1.92000000e-01,-1.08000000e-01,-1.64629485e+04,1.07885320e+05,1.18750182e+05
-1.88000000e-01,-1.08000000e-01,-1.69000881e+04,1.10660268e+05,1.25971895e+05
-1.84000000e-01,-1.08000000e-01,-1.73482306e+04,1.13374045e+05,1.33666082e+05
-1.80000000e-01,-1.08000000e-01,-1.78070804e+04,1.15998987e+05,1.41859454e+05
-1.76000000e-01,-1.08000000e-01,-1.82762225e+04,1.18502979e+05,1.50578751e+05
-1.72000000e-01,-1.08000000e-01,-1.87551042e+04,1.20848934e+05,1.59850313e+05
-1.68000000e-01,-1.08000000e-01,-1.92430140e+04,1.22994249e+05,1.69699552e+05
-1.64000000e-01,-1.08000000e-01,-1.97390582e+04,1.24890237e+05,1.80150289e+05
-1.60000000e-01,-1.08000000e-01,-2.02421359e+04,1.26481563e+05,1.91223947e+05
-1.56000000e-01,-1.08000000e-01,-2.07509107e+04,1.27705692e+05,2.02938581e+05
-1.52000000e-01,-1.08000000e-01,-2.12637814e+04,1.28492373e+05,2.15307710e+05
-1.48000000e-01,-1.08000000e-01,-2.17788497e+04,1.28763200e+05,2.28338956e+05
-1.44000000e-01,-1.08000000e-01,-2.22938870e+04,1.28431285e+05,2.42032456e+05
-1.40000000e-01,-1.08000000e-01,-2.28063000e+04,1.27401093e+05,2.56379043e+05
-1.36000000e-01,-1.08000000e-01,-2.33130958e+04,1.25568499e+05,2.71358204e+05
-1.32000000e-01,-1.08000000e-01,-2.38108480e+04,1.22821138e+05,2.86935811e+05
-1.28000000e-01,-1.08000000e-01,-2.42956649e+04,1.19039123e+05,3.03061665e+05
-1.24000000e-01,-1.08000000e-01,-2.47631610e+04,1.14096216e+05,3.19666906e+05
-1.20000000e-01,-1.08000000e-01,-2.52084346e+04,1.07861539e+05,3.36661348e+05
-1.16000000e-01,-1.08000000e-01,-2.56260533e+04,1.00201901e+05,3.53930872e+05
-1.12000000e-01,-1.08000000e-01,-2.60100498e+04,9.09848212e+04,3.71334999e+05
-1.08000000e-01,-1.08000000e-01,-2.63539319e+04,8.00822821e+04,3.88704830e+05
-1.04000000e-01,-1.08000000e-01,-2.66507081e+04,6.73752301e+04,4.05841566e+05
-1.00000000e-01,-1.08000000e-01,-2.68929337e+04,5.27587844e+04,4.22515850e+05
-9.60000000e-02,-1.08000000e-01,-2.70727783e+04,3.61480497e+04,4.38468177e+05
-9.20000000e-02,-1.08000000e-01,-2.71821181e+04,1.74843562e+04,4.53410634e+05
-8.80000000e-02,-1.08000000e-01,-2.72126532e+04,-3.25833031e+03,4.67030184e+05
-8.40000000e-02,-1.08000000e-01,-2.71560515e+04,-2.60671674e+04,4.78993657e+05
-8.00000000e-02,-1.08000000e-01,-2.70041159e+04,-5.08847700e+04,4.88954510e+05
-7.60000000e-02,-1.08000000e-01,-2.67489733e+04,-7.76045702e+04,4.96561305e+05
-7.20000000e-02,-1.08000000e-01,-2.63832793e+04,-1.06067660e+05,5.01467672e+05
-6.80000000e-02,-1.08000000e-01,-2.59004320e+04,-1.36061537e+05,5.03343409e+05
-6.40000000e-02,-1.08000000e-01,-2.52947870e+04,-1.67321075e+05,5.01886161e+05
-6.00000000e-02,-1.08000000e-01,-2.45618634e+04,-1.99531909e+05,4.96833045e+05
-5.60000000e-02,-1.08000000e-01,-2.36985317e+04,-2.32336226e+05,4.87971501e+05
-5.20000000e-02,-1.08000000e-01,-2.27031736e+04,-2.65340756e+05,4.75148628e+05
-4.80000000e-02,-1.08000000e-01,-2.15758057e+04,-2.98126559e+05,4.58278410e+05
-4.40000000e-02,-1.08000000e-01,-2.03181611e+04,-3.30260039e+05,4.37346316e+05
-4.00000000e-02,-1.08000000e-01,-1.89337254e+04,-3.61304488e+05,4.12411064e+05
-3.60000000e-02,-1.08000000e-01,-1.74277252e+04,-3.90831460e+05,3.83603520e+05
-3.20000000e-02,-1.08000000e-01,-1.58070737e+04,-4.18431304e+05,3.51122999e+05
-2.80000000e-02,-1.08000000e-01,-1.40802748e+04,-4.43722325e+05,3.15231419e+05
-2.40000000e-02,-1.08000000e-01,-1.22572951e+04,-4.66358208e+05,2.76245915e+05
-2.00000000e-02,-1.08000000e-01,-1.03494091e+04,-4.86033566e+05,2.34530575e+05
-1.60000000e-02,-1.08000000e-01,-8.36902657e+03,-5.02487665e+05,1.90487930e+05
-1.20000000e-02,-1.08000000e-01,-6.32950781e+03,-5.15506569e+05,1.44550739e+05
-8.00000000e-03,-1.08000000e-01,-4.24497402e+03,-5.24924058e+05,9.71744247e+04
-4.00000000e-03,-1.08000000e-01,-2.13011535e+03,-5.30621752e+05,4.88303629e+04
0.00000000e+00,-1.08000000e-01,0.00000000e+00,-5.32528837e+05,-0.00000000e+00
4.00000000e-03,-1.08000000e-01,2.13011535e+03,-5.30621752e+05,-4.88303629e+04
8.00000000e-03,-1.08000000e-01,4.24497402e+03,-5.24924058e+05,-9.71744247e+04
1.20000000e-02,-1.08000000e-01,6.32950781e+03,-5.15506569e+05,-1.44550739e+05
1.60000000e-02,-1.08000000e-01,8.36902657e+03,-5.02487665e+05,-1.90487930e+05
2.00000000e-02,-1.08000000e-01,1.03494091e+04,-4.86033566e+05,-2.34530575e+05
2.40000000e-02,-1.08000000e-01,1.22572951e+04,-4.66358208e+05,-2.76245915e+05
2.80000000e-02,-1.08000000e-01,1.40802748e+04,-4.43722325e+05,-3.15231419e+05
3.20000000e-02,-1.08000000e-01,1.58070737e+04,-4.18431304e+05,-3.51122999e+05
3.60000000e-02,-1.08000000e-01,1.74277252e+04,-3.90831460e+05,-3.83603520e+05
4.00000000e-02,-1.08000000e-01,1.89337254e+04,-3.61304488e+05,-4.12411064e+05
4.40000000e-02,-1.08000000e-01,2.03181611e+04,-3.30260039e+05,-4.37346316e+05
4.80000000e-02,-1.08000000e-01,2.15758057e+04,-2.98126559e+05,-4.58278410e+05
5.20000000e-02,-1.08000000e-01,2.27031736e+04,-2.65340756e+05,-4.75148628e+05
5.60000000e-02,-1.08000000e-01,2.36985317e+04,-2.32336226e+05,-4.87971501e+05
6.00000000e-02,-1.08000000e-01,2.45618634e+04,-1.99531909e+05,-4.96833045e+05
6.40000000e-02,-1.08000000e-01,2.52947870e+04,-1.67321075e+05,-5.01886161e+05
6.80000000e-02,-1.08000000e-01,2.59004320e+04,-1.36061537e+05,-5.03343409e+05
7.20000000e-02,-1.08000000e-01,2.63832793e+04,-1.06067660e+05,-5.01467672e+05
7.60000000e-02,-1.08000000e-01,2.67489733e+04,-7.76045702e+04,-4.96561305e+05
8.00000000e-02,-1.08000000e-01,2.70041159e+04,-5.08847700e+04,-4.88954510e+05
8.40000000e-02,-1.08000000e-01,2.71560515e+04,-2.60671674e+04,-4.78993657e+05
8.80000000e-02,-1.08000000e-01,2.72126532e+04,-3.25833031e+03,-4.67030184e+05
9.20000000e-02,-1.08000000e-01,2.71821181e+04,1.74843562e+04,-4.53410634e+05
9.60000000e-02,-1.08000000e-01,2.70727783e+04,3.61480497e+04,-4.38468177e+05
1.00000000e-01,-1.08000000e-01,2.68929337e+04,5.27587844e+04,-4.22515850e+05
1.04000000e-01,-1.08000000e-01,2.66507081e+04,6.73752301e+04,-4.05841566e+05
1.08000000e-01,-1.08000000e-01,2.63539319e+04,8.00822821e+04,-3.88704830e+05
1.12000000e-01,-1.08000000e-01,2.60100498e+04,9.09848212e+04,-3.71334999e+05
1.16000000e-01,-1.08000000e-01,2.56260533e+04,1.00201901e+05,-3.53930872e+05
1.20000000e-01,-1.08000000e-01,2.52084346e+04,1.07861539e+05,-3.36661348e+05
1.24000000e-01,-1.08000000e-01,2.47631610e+04,1.14096216e+05,-3.19666906e+05
1.28000000e-01,-1.08000000e-01,2.42956649e+04,1.19039123e+05,-3.03061665e+05
1.32000000e-01,-1.08000000e-01,2.38108480e+04,1.22821138e+05,-2.86935811e+05
1.36000000e-01,-1.08000000e-01,2.33130958e+04,1.25568499e+05,-2.71358204e+05
1.40000000e-01,-1.08000000e-01,2.28063000e+04,1.27401093e+05,-2.56379043e+05
1.44000000e-01,-1.08000000e-01,2.22938870e+04,1.28431285e+05,-2.42032456e+05
1.48000000e-01,-1.08000000e-01,2.17788497e+04,1.28763200e+05,-2.28338956e+05
1.52000000e-01,-1.08000000e-01,2.12637814e+04,1.28492373e+05,-2.15307710e+05
1.56000000e-01,-1.08000000e-01,2.07509107e+04,1.27705692e+05,-2.02938581e+05
1.60000000e-01,-1.08000000e-01,2.02421359e+04,1.26481563e+05,-1.91223947e+05
1.64000000e-01,-1.08000000e-01,1.97390582e+04,1.24890237e+05,-1.80150289e+05
1.68000000e-01,-1.08000000e-01,1.92430140e+04,1.22994249e+05,-1.69699552e+05
1.72000000e-01,-1.08000000e-01,1.87551042e+04,1.20848934e+05,-1.59850313e+05
1.76000000e-01,-1.08000000e-01,1.82762225e+04,1.18502979e+05,-1.50578751e+05
1.80000000e-01,-1.08000000e-01,1.78070804e+04,1.15998987e+05,-1.41859454e+05
1.84000000e-01,-1.08000000e-01,1.73482306e+04,1.13374045e+05,-1.33666082e+05
1.88000000e-01,-1.08000000e-01,1.69000881e+04,1.10660268e+05,-1.25971895e+05
1.92000000e-01,-1.08000000e-01,1.64629485e+04,1.07885320e+05,-1.18750182e+05
1.96000000e-01,-1.08000000e-01,1.60370055e+04,1.05072902e+05,-1.11974591e+05
2.00000000e-01,-1.08000000e-01,1.56223653e+04,nan,nan
-2.00000000e-01,-1.04000000e-01,-1.60469950e+04,nan,nan
-1.96000000e-01,-1.04000000e-01,-1.64875420e+04,1.11768298e+05,1.13177952e+05
-1.92000000e-01,-1.04000000e-01,-1.69411414e+04,1.15032051e+05,1.20226691e+05
-1.88000000e-01,-1.04000000e-01,-1.74077984e+04,1.18286618e+05,1.27760486e+05
-1.84000000e-01,-1.04000000e-01,-1.78874343e+04,1.21509017e+05,1.35810622e+05
-1.80000000e-01,-1.04000000e-01,-1.83798705e+04,1.24672024e+05,1.44409277e+05
-1.76000000e-01,-1.04000000e-01,-1.88848105e+04,1.27743596e+05,1.53589218e+05
-1.72000000e-01,-1.04000000e-01,-1.94018193e+04,1.30686245e+05,1.63383409e+05
-1.68000000e-01,-1.04000000e-01,-1.99303005e+04,1.33456365e+05,1.73824487e+05
-1.64000000e-01,-1.04000000e-01,-2.04694702e+04,1.36003527e+05,1.84944099e+05
-1.60000000e-01,-1.04000000e-01,-2.10183287e+04,1.38269736e+05,1.96772079e+05
-1.56000000e-01,-1.04000000e-01,-2.15756281e+04,1.40188691e+05,2.09335415e+05
-1.52000000e-01,-1.04000000e-01,-2.21398382e+04,1.41685050e+05,2.22657009e+05
-1.48000000e-01,-1.04000000e-01,-2.27091085e+04,1.42673762e+05,2.36754173e+05
-1.44000000e-01,-1.04000000e-01,-2.32812283e+04,1.43059477e+05,2.51636854e+05
-1.40000000e-01,-1.04000000e-01,-2.38535843e+04,1.42736119e+05,2.67305558e+05
-1.36000000e-01,-1.04000000e-01,-2.44231173e+04,1.41586683e+05,2.83748963e+05
-1.32000000e-01,-1.04000000e-01,-2.49862778e+04,1.39483335e+05,3.00941221e+05
-1.28000000e-01,-1.04000000e-01,-2.55389839e+04,1.36287922e+05,3.18838966e+05
-1.24000000e-01,-1.04000000e-01,-2.60765812e+04,1.31852994e+05,3.37378075e+05
-1.20000000e-01,-1.04000000e-01,-2.65938079e+04,1.26023464e+05,3.56470257e+05
-1.16000000e-01,-1.04000000e-01,-2.70847689e+04,1.18639024e+05,3.75999581e+05
-1.12000000e-01,-1.04000000e-01,-2.75429201e+04,1.09537418e+05,3.95819128e+05
-1.08000000e-01,-1.04000000e-01,-2.79610682e+04,9.85586763e+04,4.15747949e+05
-1.04000000e-01,-1.04000000e-01,-2.83313895e+04,8.55503425e+04,4.35568626e+05
-1.00000000e-01,-1.04000000e-01,-2.86454710e+04,7.03736991e+04,4.55025736e+05
-9.60000000e-02,-1.04000000e-01,-2.88943791e+04,5.29108889e+04,4.73825567e+05
-9.20000000e-02,-1.04000000e-01,-2.90687581e+04,3.30727466e+04,4.91637440e+05
-8.80000000e-02,-1.04000000e-01,-2.91589611e+04,1.08070349e+04,5.08096985e+05
-8.40000000e-02,-1.04000000e-01,-2.91552144e+04,-1.38933376e+04,5.22811619e+05
-8.00000000e-02,-1.04000000e-01,-2.90478144e+04,-4.09826490e+04,5.35368396e+05
-7.60000000e-02,-1.04000000e-01,-2.88273532e+04,-7.03558573e+04,5.45344205e+05
-7.20000000e-02,-1.04000000e-01,-2.84849675e+04,-1.01843895e+05,5.52318085e+05
-6.80000000e-02,-1.04000000e-01,-2.80126020e+04,-1.35211376e+05,5.55885215e+05
-6.40000000e-02,-1.04000000e-01,-2.74032765e+04,-1.70157197e+05,5.55671865e+05
-6.00000000e-02,-1.04000000e-01,-2.66513444e+04,-2.06318353e+05,5.51350454e+05
-5.60000000e-02,-1.04000000e-01,-2.57527297e+04,-2.43276988e+05,5.42653682e+05
-5.20000000e-02,-1.04000000e-01,-2.47051285e+04,-2.80570446e+05,5.29386743e+05
-4.80000000e-02,-1.04000000e-01,-2.35081661e+04,-3.17703759e+05,5.11436710e+05
-4.40000000e-02,-1.04000000e-01,-2.21634985e+04,-3.54163785e+05,4.88778402e+05
-4.00000000e-02,-1.04000000e-01,-2.06748558e+04,-3.89434030e+05,4.61476384e+05
-3.60000000e-02,-1.04000000e-01,-1.90480262e+04,-4.23009132e+05,4.29683120e+05
-3.20000000e-02,-1.04000000e-01,-1.72907828e+04,-4.54408093e+05,3.93633638e+05
-2.80000000e-02,-1.04000000e-01,-1.54127615e+04,-4.83185489e+05,3.53637415e+05
-2.40000000e-02,-1.04000000e-01,-1.34252988e+04,-5.08940207e+05,3.10068366e+05
-2.00000000e-02,-1.04000000e-01,-1.13412398e+04,-5.31321527e+05,2.63353896e+05
-1.60000000e-02,-1.04000000e-01,-9.17472663e+03,-5.50032703e+05,2.13963943e+05
-1.20000000e-02,-1.04000000e-01,-6.94097818e+03,-5.64832438e+05,1.62400754e+05
-8.00000000e-03,-1.04000000e-01,-4.65606712e+03,-5.75534823e+05,1.09189885e+05
-4.00000000e-03,-1.04000000e-01,-2.33669960e+03,-5.82008390e+05,5.48726594e+04
0.00000000e+00,-1.04000000e-01,0.00000000e+00,-5.84174899e+05,-0.00000000e+00
4.00000000e-03,-1.04000000e-01,2.33669960e+03,-5.82008390e+05,-5.48726594e+04
8.00000000e-03,-1.04000000e-01,4.65606712e+03,-5.75534823e+05,-1.09189885e+05
1.20000000e-02,-1.04000000e-01,6.94097818e+03,-5.64832438e+05,-1.62400754e+05
1.60000000e-02,-1.04000000e-01,9.17472663e+03,-5.50032703e+05,-2.13963943e+05
2.00000000e-02,-1.04000000e-01,1.13412398e+04,-5.31321527e+05,-2.63353896e+05
2.40000000e-02,-1.04000000e-01,1.34252988e+04,-5.08940207e+05,-3.10068366e+05
2.80000000e-02,-1.04000000e-01,1.54127615e+04,-4.83185489e+05,-3.53637415e+05
3.20000000e-02,-1.04000000e-01,1.72907828e+04,-4.54408093e+05,-3.93633638e+05
3.60000000e-02,-1.04000000e-01,1.90480262e+04,-4.23009132e+05,-4.29683120e+05
4.00000000e-02,-1.04000000e-01,2.06748558e+04,-3.89434030e+05,-4.61476384e+05
4.40000000e-02,-1.04000000e-01,2.21634985e+04,-3.54163785e+05,-4.88778402e+05
4.80000000e-02,-1.04000000e-01,2.35081661e+04,-3.17703759e+05,-5.11436710e+05
5.20000000e-02,-1.04000000e-01,2.47051285e+04,-2.80570446e+05,-5.29386743e+05
5.60000000e-02,-1.04000000e-01,2.57527297e+04,-2.43276988e+05,-5.42653682e+05
6.00000000e-02,-1.04000000e-01,2.66513444e+04,-2.06318353e+05,-5.51350454e+05
6.40000000e-02,-1.04000000e-01,2.74032765e+04,-1.70157197e+05,-5.55671865e+05
6.80000000e-02,-1.04000000e-01,2.80126020e+04,-1.35211376e+05,-5.55885215e+05
7.20000000e-02,-1.04000000e-01,2.84849675e+04,-1.01843895e+05,-5.52318085e+05
7.60000000e-02,-1.04000000e-01,2.88273532e+04,-7.03558573e+04,-5.45344205e+05
8.00000000e-02,-1.04000000e-01,2.90478144e+04,-4.09826490e+04,-5.35368396e+05
8.40000000e-02,-1.04000000e-01,2.91552144e+04,-1.38933376e+04,-5.22811619e+05
8.80000000e-02,-1.04000000e-01,2.91589611e+04,1.08070349e+04,-5.08096985e+05
9.20000000e-02,-1.04000000e-01,2.90687581e+04,3.30727466e+04,-4.91637440e+05
9.60000000e-02,-1.04000000e-01,2.88943791e+04,5.29108889e+04,-4.73825567e+05
1.00000000e-01,-1.04000000e-01,2.86454710e+04,7.03736991e+04,-4.55025736e+05
1.04000000e-01,-1.04000000e-01,2.83313895e+04,8.55503425e+04,-4.35568626e+05
1.08000000e-01,-1.04000000e-01,2.79610682e+04,9.85586763e+04,-4.15747949e+05
1.12000000e-01,-1.04000000e-01,2.75429201e+04,1.09537418e+05,-3.95819128e+05
1.16000000e-01,-1.04000000e-01,2.70847689e+04,1.18639024e+05,-3.75999581e+05
1.20000000e-01,-1.04000000e-01,2.65938079e+04,1.26023464e+05,-3.56470257e+05
1.24000000e-01,-1.04000000e-01,2.60765812e+04,1.31852994e+05,-3.37378075e+05
1.28000000e-01,-1.04000000e-01,2.55389839e+04,1.36287922e+05,-3.18838966e+05
1.32000000e-01,-1.04000000e-01,2.49862778e+04,1.39483335e+05,-3.00941221e+05
1.36000000e-01,-1.04000000e-01,2.44231173e+04,1.41586683e+05,-2.83748963e+05
1.40000000e-01,-1.04000000e-01,2.38535843e+04,1.42736119e+05,-2.67305558e+05
1.44000000e-01,-1.04000000e-01,2.32812283e+04,1.43059477e+05,-2.51636854e+05
1.48000000e-01,-1.04000000e-01,2.27091085e+04,1.42673762e+05,-2.36754173e+05
1.52000000e-01,-1.04000000e-01,2.21398382e+04,1.41685050e+05,-2.22657009e+05
1.56000000e-01,-1.04000000e-01,2.15756281e+04,1.40188691e+05,-2.09335415e+05
1.60000000e-01,-1.04000000e-01,2.10183287e+04,1.38269736e+05,-1.96772079e+05
1.64000000e-01,-1.04000000e-01,2.04694702e+04,1.36003527e+05,-1.84944099e+05
1.68000000e-01,-1.04000000e-01,1.99303005e+04,1.33456365e+05,-1.73824487e+05
1.72000000e-01,-1.04000000e-01,1.94018193e+04,1.30686245e+05,-1.63383409e+05
1.76000000e-01,-1.04000000e-01,1.88848105e+04,1.27743596e+05,-1.53589218e+05
1.80000000e-01,-1.04000000e-01,1.83798705e+04,1.24672024e+05,-1.44409277e+05
1.84000000e-01,-1.04000000e-01,1.78874343e+04,1.21509017e+05,-1.35810622e+05
1.88000000e-01,-1.04000000e-01,1.74077984e+04,1.18286618e+05,-1.27760486e+05
1.92000000e-01,-1.04000000e-01,1.69411414e+04,1.15032051e+05,-1.20226691e+05
1.96000000e-01,-1.04000000e-01,1.64875420e+04,1.11768298e+05,-1.13177952e+05
2.00000000e-01,-1.04000000e-01,1.60469950e+04,nan,nan
-2.00000000e-01,-1.00000000e-01,-1.64750380e+04,nan,nan
-1.96000000e-01,-1.00000000e-01,-1.69424291e+04,1.18715500e+05,1.14135804e+05
-1.92000000e-01,-1.00000000e-01,-1.74247620e+04,1.22467854e+05,1.21448272e+05
-1.88000000e-01,-1.00000000e-01,-1.79221719e+04,1.26244199e+05,1.29285853e+05
-1.84000000e-01,-1.00000000e-01,-1.84347156e+04,1.30022835e+05,1.37685223e+05
-1.80000000e-01,-1.00000000e-01,-1.89623546e+04,1.33777583e+05,1.46684591e+05
-1.76000000e-01,-1.00000000e-01,-1.95049363e+04,1.37477112e+05,1.56323450e+05
-1.72000000e-01,-1.00000000e-01,-2.00621715e+04,1.41084203e+05,1.66642217e+05
-1.68000000e-01,-1.00000000e-01,-2.06336099e+04,1.44554939e+05,1.77681759e+05
-1.64000000e-01,-1.00000000e-01,-2.12186110e+04,1.47837828e+05,1.89482751e+05
-1.60000000e-01,-1.00000000e-01,-2.18163125e+04,1.50872879e+05,2.02084847e+05
-1.56000000e-01,-1.00000000e-01,-2.24255941e+04,1.53590623e+05,2.15525638e+05
-1.52000000e-01,-1.00000000e-01,-2.30450375e+04,1.55911132e+05,2.29839332e+05
-1.48000000e-01,-1.00000000e-01,-2.36728831e+04,1.57743045e+05,2.45055149e+05
-1.44000000e-01,-1.00000000e-01,-2.43069819e+04,1.58982670e+05,2.61195362e+05
-1.40000000e-01,-1.00000000e-01,-2.49447445e+04,1.59513201e+05,2.78272967e+05
-1.36000000e-01,-1.00000000e-01,-2.55830875e+04,1.59204161e+05,2.96288936e+05
-1.32000000e-01,-1.00000000e-01,-2.62183778e+04,1.57911141e+05,3.15229046e+05
-1.28000000e-01,-1.00000000e-01,-2.68463766e+04,1.55475977e+05,3.35060288e+05
-1.24000000e-01,-1.00000000e-01,-2.74621856e+04,1.51727507e+05,3.55726867e+05
-1.20000000e-01,-1.00000000e-01,-2.80601967e+04,1.46483045e+05,3.77145889e+05
-1.16000000e-01,-1.00000000e-01,-2.86340499e+04,1.39550772e+05,3.99202834e+05
-1.12000000e-01,-1.00000000e-01,-2.91766028e+04,1.30733188e+05,4.21747004e+05
-1.08000000e-01,-1.00000000e-01,-2.96799154e+04,1.19831779e+05,4.44587200e+05
-1.04000000e-01,-1.00000000e-01,-3.01352571e+04,1.06653017e+05,4.67487952e+05
-1.00000000e-01,-1.00000000e-01,-3.05331396e+04,9.10157256e+04,4.90166714e+05
-9.60000000e-02,-1.00000000e-01,-3.08633829e+04,7.27597539e+04,5.12292480e+05
-9.20000000e-02,-1.00000000e-01,-3.11152176e+04,5.17557744e+04,5.33486334e+05
-8.80000000e-02,-1.00000000e-01,-3.12774291e+04,2.79158483e+04,5.53324432e+05
-8.40000000e-02,-1.00000000e-01,-3.13385444e+04,1.20424400e+03,5.71343841e+05
-8.00000000e-02,-1.00000000e-01,-3.12870630e+04,-2.83521837e+04,5.87051533e+05
-7.60000000e-02,-1.00000000e-01,-3.11117269e+04,-6.06548811e+04,5.99936611e+05
-7.20000000e-02,-1.00000000e-01,-3.08018240e+04,-9.55266506e+04,6.09485566e+05
-6.80000000e-02,-1.00000000e-01,-3.03475137e+04,-1.32707757e+05,6.15199990e+05
-6.40000000e-02,-1.00000000e-01,-2.97401619e+04,-1.71855835e+05,6.16615880e+05
-6.00000000e-02,-1.00000000e-01,-2.89726670e+04,-2.12550093e+05,6.13323307e+05
-5.60000000e-02,-1.00000000e-01,-2.80397612e+04,-2.54299937e+05,6.04985056e+05
-5.20000000e-02,-1.00000000e-01,-2.69382676e+04,-2.96557727e+05,5.91352779e+05
-4.80000000e-02,-1.00000000e-01,-2.56672994e+04,-3.38734901e+05,5.72279359e+05
-4.40000000e-02,-1.00000000e-01,-2.42283883e+04,-3.80220365e+05,5.47726463e+05
-4.00000000e-02,-1.00000000e-01,-2.26255364e+04,-4.20399770e+05,5.17766793e+05
-3.60000000e-02,-1.00000000e-01,-2.08651902e+04,-4.58674206e+05,4.82581046e+05
-3.20000000e-02,-1.00000000e-01,-1.89561428e+04,-4.94477008e+05,4.42450163e+05
-2.80000000e-02,-1.00000000e-01,-1.69093741e+04,-5.27287596e+05,3.97743908e+05
-2.40000000e-02,-1.00000000e-01,-1.47378420e+04,-5.56641728e+05,3.48907098e+05
-2.00000000e-02,-1.00000000e-01,-1.24562403e+04,-5.82137989e+05,2.96444907e+05
-1.60000000e-02,-1.00000000e-01,-1.00807381e+04,-6.03440807e+05,2.40908564e+05
-1.20000000e-02,-1.00000000e-01,-7.62871384e+03,-6.20280626e+05,1.82882513e+05
-8.00000000e-03,-1.00000000e-01,-5.11849310e+03,-6.32452153e+05,1.22973685e+05
-4.00000000e-03,-1.00000000e-01,-2.56909662e+03,-6.39811637e+05,6.18031549e+04
0.00000000e+00,-1.00000000e-01,0.00000000e+00,-6.42274156e+05,-0.00000000e+00
4.00000000e-03,-1.00000000e-01,2.56909662e+03,-6.39811637e+05,-6.18031549e+04
8.00000000e-03,-1.00000000e-01,5.11849310e+03,-6.32452153e+05,-1.22973685e+05
1.20000000e-02,-1.00000000e-01,7.62871384e+03,-6.20280626e+05,-1.82882513e+05
1.60000000e-02,-1.00000000e-01,1.00807381e+04,-6.03440807e+05,-2.40908564e+05
2.00000000e-02,-1.00000000e-01,1.24562403e+04,-5.82137989e+05,-2.96444907e+05
2.40000000e-02,-1.00000000e-01,1.47378420e+04,-5.56641728e+05,-3.48907098e+05
2.80000000e-02,-1.00000000e-01,1.69093741e+04,-5.27287596e+05,-3.97743908e+05
3.20000000e-02,-1.00000000e-01,1.89561428e+04,-4.94477008e+05,-4.42450163e+05
3.60000000e-02,-1.00000000e-01,2.08651902e+04,-4.58674206e+05,-4.82581046e+05
4.00000000e-02,-1.00000000e-01,2.26255364e+04,-4.20399770e+05,-5.17766793e+05
4.40000000e-02,-1.00000000e-01,2.42283883e+04,-3.80220365e+05,-5.47726463e+05
4.80000000e-02,-1.00000000e-01,2.56672994e+04,-3.38734901e+05,-5.72279359e+05
5.20000000e-02,-1.00000000e-01,2.69382676e+04,-2.96557727e+05,-5.91352779e+05
5.60000000e-02,-1.00000000e-01,2.80397612e+04,-2.54299937e+05,-6.04985056e+05
6.00000000e-02,-1.00000000e-01,2.89726670e+04,-2.12550093e+05,-6.13323307e+05
6.40000000e-02,-1.00000000e-01,2.97401619e+04,-1.71855835e+05,-6.16615880e+05
6.80000000e-02,-1.00000000e-01,3.03475137e+04,-1.32707757e+05,-6.15199990e+05
7.20000000e-02,-1.00000000e-01,3.08018240e+04,-9.55266506e+04,-6.09485566e+05
7.60000000e-02,-1.00000000e-01,3.11117269e+04,-6.06548811e+04,-5.99936611e+05
8.00000000e-02,-1.00000000e-01,3.12870630e+04,-2.83521837e+04,-5.87051533e+05
8.40000000e-02,-1.00000000e-01,3.13385444e+04,1.20424400e+03,-5.71343841e+05
8.80000000e-02,-1.00000000e-01,3.12774291e+04,2.79158483e+04,-5.53324432e+05
9.20000000e-02,-1.00000000e-01,3.11152176e+04,5.17557744e+04,-5.33486334e+05
9.60000000e-02,-1.00000000e-01,3.08633829e+04,7.27597539e+04,-5.12292480e+05
1.00000000e-01,-1.00000000e-01,3.05331396e+04,9.10157256e+04,-4.90166714e+05
1.04000000e-01,-1.00000000e-01,3.01352571e+04,1.06653017e+05,-4.67487952e+05
1.08000000e-01,-1.00000000e-01,2.96799154e+04,1.19831779e+05,-4.44587200e+05
1.12000000e-01,-1.00000000e-01,2.91766028e+04,1.30733188e+05,-4.21747004e+05
1.16000000e-01,-1.00000000e-01,2.86340499e+04,1.39550772e+05,-3.99202834e+05
1.20000000e-01,-1.00000000e-01,2.80601967e+04,1.46483045e+05,-3.77145889e+05
1.24000000e-01,-1.00000000e-01,2.74621856e+04,1.51727507e+05,-3.55726867e+05
1.28000000e-01,-1.00000000e-01,2.68463766e+04,1.55475977e+05,-3.35060288e+05
1.32000000e-01,-1.00000000e-01,2.62183778e+04,1.57911141e+05,-3.15229046e+05
1.36000000e-01,-1.00000000e-01,2.55830875e+04,1.59204161e+05,-2.96288936e+05
1.40000000e-01,-1.00000000e-01,2.49447445e+04,1.59513201e+05,-2.78272967e+05
1.44000000e-01,-1.00000000e-01,2.43069819e+04,1.58982670e+05,-2.61195362e+05
1.48000000e-01,-1.00000000e-01,2.36728831e+04,1.57743045e+05,-2.45055149e+05
1.52000000e-01,-1.00000000e-01,2.30450375e+04,1.55911132e+05,-2.29839332e+05
1.56000000e-01,-1.00000000e-01,2.24255941e+04,1.53590623e+05,-2.15525638e+05
1.60000000e-01,-1.00000000e-01,2.18163125e+04,1.50872879e+05,-2.02084847e+05
1.64000000e-01,-1.00000000e-01,2.12186110e+04,1.47837828e+05,-1.89482751e+05
1.68000000e-01,-1.00000000e-01,2.06336099e+04,1.44554939e+05,-1.77681759e+05
1.72000000e-01,-1.00000000e-01,2.00621715e+04,1.41084203e+05,-1.66642217e+05
1.76000000e-01,-1.00000000e-01,1.95049363e+04,1.37477112e+05,-1.56323450e+05
1.80000000e-01,-1.00000000e-01,1.89623546e+04,1.33777583e+05,-1.46684591e+05
1.84000000e-01,-1.00000000e-01,1.84347156e+04,1.30022835e+05,-1.37685223e+05
1.88000000e-01,-1.00000000e-01,1.79221719e+04,1.26244199e+05,-1.29285853e+05
1.92000000e-01,-1.00000000e-01,1.74247620e+04,1.22467854e+05,-1.21448272e+05
1.96000000e-01,-1.00000000e-01,1.69424291e+04,1.18715500e+05,-1.14135804e+05
2.00000000e-01,-1.00000000e-01,1.64750380e+04,nan,nan
-2.00000000e-01,-9.60000000e-02,-1.69055027e+04,nan,nan
-1.96000000e-01,-9.60000000e-02,-1.74006284e+04,1.25903104e+05,1.14819447e+05
-1.92000000e-01,-9.60000000e-02,-1.79127275e+04,1.30182100e+05,1.22382670e+05
-1.88000000e-01,-9.60000000e-02,-1.84420852e+04,1.34523569e+05,1.30511816e+05
-1.84000000e-01,-9.60000000e-02,-1.89889161e+04,1.38907756e+05,1.39249402e+05
-1.80000000e-01,-9.60000000e-02,-1.95533473e+04,1.43310251e+05,1.48640231e+05
-1.76000000e-01,-9.60000000e-02,-2.01353981e+04,1.47701222e+05,1.58731210e+05
-1.72000000e-01,-9.60000000e-02,-2.07349570e+04,1.52044554e+05,1.69571078e+05
-1.68000000e-01,-9.60000000e-02,-2.13517545e+04,1.56296899e+05,1.81209978e+05
-1.64000000e-01,-9.60000000e-02,-2.19853322e+04,1.60406615e+05,1.93698885e+05
-1.60000000e-01,-9.60000000e-02,-2.26350075e+04,1.64312623e+05,2.07088811e+05
-1.56000000e-01,-9.60000000e-02,-2.32998332e+04,1.67943175e+05,2.21429771e+05
-1.52000000e-01,-9.60000000e-02,-2.39785529e+04,1.71214561e+05,2.36769442e+05
-1.48000000e-01,-9.60000000e-02,-2.46695497e+04,1.74029793e+05,2.53151478e+05
-1.44000000e-01,-9.60000000e-02,-2.53707912e+04,1.76277296e+05,2.70613398e+05
-1.40000000e-01,-9.60000000e-02,-2.60797681e+04,1.77829692e+05,2.89184015e+05
-1.36000000e-01,-9.60000000e-02,-2.67934287e+04,1.78542762e+05,3.08880342e+05
-1.32000000e-01,-9.60000000e-02,-2.75081102e+04,1.78254688e+05,3.29703913e+05
-1.28000000e-01,-9.60000000e-02,-2.82194662e+04,1.76785743e+05,3.51636531e+05
-1.24000000e-01,-9.60000000e-02,-2.89223961e+04,1.73938595e+05,3.74635414e+05
-1.20000000e-01,-9.60000000e-02,-2.96109750e+04,1.69499431e+05,3.98627803e+05
-1.16000000e-01,-9.60000000e-02,-3.02783916e+04,1.63240138e+05,4.23505146e+05
-1.12000000e-01,-9.60000000e-02,-3.09168961e+04,1.54921784e+05,4.49117043e+05
-1.08000000e-01,-9.60000000e-02,-3.15177658e+04,1.44299624e+05,4.75265227e+05
-1.04000000e-01,-9.60000000e-02,-3.20712931e+04,1.31129857e+05,5.01698003e+05
-1.00000000e-01,-9.60000000e-02,-3.25668047e+04,1.15178226e+05,5.28105622e+05
-9.60000000e-02,-9.60000000e-02,-3.29927189e+04,9.62305086e+04,5.54117243e+05
-9.20000000e-02,-9.60000000e-02,-3.33366487e+04,7.41046994e+04,5.79300149e+05
-8.80000000e-02,-9.60000000e-02,-3.35855565e+04,4.86645426e+04,6.03161984e+05
-8.40000000e-02,-9.60000000e-02,-3.37259651e+04,1.98337627e+04,6.25156649e+05
-8.00000000e-02,-9.60000000e-02,-3.37442266e+04,-1.23898793e+04,6.44694424e+05
-7.60000000e-02,-9.60000000e-02,-3.36268461e+04,-4.79218244e+04,6.61156532e+05
-7.20000000e-02,-9.60000000e-02,-3.33608520e+04,-8.65805168e+04,6.73914023e+05
-6.80000000e-02,-9.60000000e-02,-3.29342019e+04,-1.28081061e+05,6.82350342e+05
-6.40000000e-02,-9.60000000e-02,-3.23362035e+04,-1.72033879e+05,6.85886419e+05
-6.00000000e-02,-9.60000000e-02,-3.15579309e+04,-2.17949177e+05,6.84006641e+05
-5.60000000e-02,-9.60000000e-02,-3.05926101e+04,-2.65247516e+05,6.76283733e+05
-5.20000000e-02,-9.60000000e-02,-2.94359508e+04,-3.13276143e+05,6.62400413e+05
-4.80000000e-02,-9.60000000e-02,-2.80864010e+04,-3.61330076e+05,6.42165914e+05
-4.40000000e-02,-9.60000000e-02,-2.65453102e+04,-4.08676351e+05,6.15525867e+05
-4.00000000e-02,-9.60000000e-02,-2.48169902e+04,-4.54579447e+05,5.82564767e+05
-3.60000000e-02,-9.60000000e-02,-2.29086746e+04,-4.98325762e+05,5.43501089e+05
-3.20000000e-02,-9.60000000e-02,-2.08303841e+04,-5.39245231e+05,4.98675927e+05
-2.80000000e-02,-9.60000000e-02,-1.85947127e+04,-5.76728554e+05,4.48536720e+05
-2.40000000e-02,-9.60000000e-02,-1.62165556e+04,-6.10239209e+05,3.93618059e+05
-2.00000000e-02,-9.60000000e-02,-1.37127991e+04,-6.39320061e+05,3.34521682e+05
-1.60000000e-02,-9.60000000e-02,-1.11019951e+04,-6.63595096e+05,2.71897583e+05
-1.20000000e-02,-9.60000000e-02,-8.40403829e+03,-6.82767317e+05,2.06427715e+05
-8.00000000e-03,-9.60000000e-02,-5.63985660e+03,-6.96614182e+05,1.38813204e+05
-4.00000000e-03,-9.60000000e-02,-2.83112484e+03,-7.04982075e+05,6.97653403e+04
0.00000000e+00,-9.60000000e-02,0.00000000e+00,-7.07781209e+05,-0.00000000e+00
4.00000000e-03,-9.60000000e-02,2.83112484e+03,-7.04982075e+05,-6.97653403e+04
8.00000000e-03,-9.60000000e-02,5.63985660e+03,-6.96614182e+05,-1.38813204e+05
1.20000000e-02,-9.60000000e-02,8.40403829e+03,-6.82767317e+05,-2.06427715e+05
1.60000000e-02,-9.60000000e-02,1.11019951e+04,-6.63595096e+05,-2.71897583e+05
2.00000000e-02,-9.60000000e-02,1.37127991e+04,-6.39320061e+05,-3.34521682e+05
2.40000000e-02,-9.60000000e-02,1.62165556e+04,-6.10239209e+05,-3.93618059e+05
2.80000000e-02,-9.60000000e-02,1.85947127e+04,-5.76728554e+05,-4.48536720e+05
3.20000000e-02,-9.60000000e-02,2.08303841e+04,-5.39245231e+05,-4.98675927e+05
3.60000000e-02,-9.60000000e-02,2.29086746e+04,-4.98325762e+05,-5.43501089e+05
4.00000000e-02,-9.60000000e-02,2.48169902e+04,-4.54579447e+05,-5.82564767e+05
4.40000000e-02,-9.60000000e-02,2.65453102e+04,-4.08676351e+05,-6.15525867e+05
4.80000000e-02,-9.60000000e-02,2.80864010e+04,-3.61330076e+05,-6.42165914e+05
5.20000000e-02,-9.60000000e-02,2.94359508e+04,-3.13276143e+05,-6.62400413e+05
5.60000000e-02,-9.60000000e-02,3.05926101e+04,-2.65247516e+05,-6.76283733e+05
6.00000000e-02,-9.60000000e-02,3.15579309e+04,-2.17949177e+05,-6.84006641e+05
6.40000000e-02,-9.60000000e-02,3.23362035e+04,-1.72033879e+05,-6.85886419e+05
6.80000000e-02,-9.60000000e-02,3.29342019e+04,-1.28081061e+05,-6.82350342e+05
7.20000000e-02,-9.60000000e-02,3.33608520e+04,-8.65805168e+04,-6.73914023e+05
7.60000000e-02,-9.60000000e-02,3.36268461e+04,-4.79218244e+04,-6.61156532e+05
8.00000000e-02,-9.60000000e-02,3.37442266e+04,-1.23898793e+04,-6.44694424e+05
8.40000000e-02,-9.60000000e-02,3.37259651e+04,1.98337627e+04,-6.25156649e+05
8.80000000e-02,-9.60000000e-02,3.35855565e+04,4.86645426e+04,-6.03161984e+05
9.20000000e-02,-9.60000000e-02,3.33366487e+04,7.41046994e+04,-5.79300149e+05
9.60000000e-02,-9.60000000e-02,3.29927189e+04,9.62305086e+04,-5.54117243e+05
1.00000000e-01,-9.60000000e-02,3.25668047e+04,1.15178226e+05,-5.28105622e+05
1.04000000e-01,-9.60000000e-02,3.20712931e+04,1.31129857e+05,-5.01698003e+05
1.08000000e-01,-9.60000000e-02,3.15177658e+04,1.44299624e+05,-4.75265227e+05
1.12000000e-01,-9.60000000e-02,3.09168961e+04,1.54921784e+05,-4.49117043e+05
1.16000000e-01,-9.60000000e-02,3.02783916e+04,1.63240138e+05,-4.23505146e+05
1.20000000e-01,-9.60000000e-02,2.96109750e+04,1.69499431e+05,-3.98627803e+05
1.24000000e-01,-9.60000000e-02,2.89223961e+04,1.73938595e+05,-3.74635414e+05
1.28000000e-01,-9.60000000e-02,2.82194662e+04,1.76785743e+05,-3.51636531e+05
1.32000000e-01,-9.60000000e-02,2.75081102e+04,1.78254688e+05,-3.29703913e+05
1.36000000e-01,-9.60000000e-02,2.67934287e+04,1.78542762e+05,-3.08880342e+05
1.40000000e-01,-9.60000000e-02,2.60797681e+04,1.77829692e+05,-2.89184015e+05
1.44000000e-01,-9.60000000e-02,2.53707912e+04,1.76277296e+05,-2.70613398e+05
1.48000000e-01,-9.60000000e-02,2.46695497e+04,1.74029793e+05,-2.53151478e+05
1.52000000e-01,-9.60000000e-02,2.39785529e+04,1.71214561e+05,-2.36769442e+05
1.56000000e-01,-9.60000000e-02,2.32998332e+04,1.67943175e+05,-2.21429771e+05
1.60000000e-01,-9.60000000e-02,2.26350075e+04,1.64312623e+05,-2.07088811e+05
1.64000000e-01,-9.60000000e-02,2.19853322e+04,1.60406615e+05,-1.93698885e+05
1.68000000e-01,-9.60000000e-02,2.13517545e+04,1.56296899e+05,-1.81209978e+05
1.72000000e-01,-9.60000000e-02,2.07349570e+04,1.52044554e+05,-1.69571078e+05
1.76000000e-01,-9.60000000e-02,2.01353981e+04,1.47701222e+05,-1.58731210e+05
1.80000000e-01,-9.60000000e-02,1.95533473e+04,1.43310251e+05,-1.48640231e+05
1.84000000e-01,-9.60000000e-02,1.89889161e+04,1.38907756e+05,-1.39249402e+05
1.88000000e-01,-9.60000000e-02,1.84420852e+04,1.34523569e+05,-1.30511816e+05
1.92000000e-01,-9.60000000e-02,1.79127275e+04,1.30182100e+05,-1.22382670e+05
1.96000000e-01,-9.60000000e-02,1.74006284e+04,1.25903104e+05,-1.14819447e+05
2.00000000e-01,-9.60000000e-02,1.69055027e+04,nan,nan
-2.00000000e-01,-9.20000000e-02,-1.73372941e+04,nan,nan
-1.96000000e-01,-9.20000000e-02,-1.78609847e+04,1.33316161e+05,1.15199380e+05
-1.92000000e-01,-9.20000000e-02,-1.84038234e+04,1.38160223e+05,1.22996474e+05
-1.88000000e-01,-9.20000000e-02,-1.89662665e+04,1.43110931e+05,1.31400609e+05
-1.84000000e-01,-9.20000000e-02,-1.95487108e+04,1.48151249e+05,1.40460560e+05
-1.80000000e-01,-9.20000000e-02,-2.01514765e+04,1.53259391e+05,1.50228257e+05
-1.76000000e-01,-9.20000000e-02,-2.07747860e+04,1.58407959e+05,1.60758714e+05
-1.72000000e-01,-9.20000000e-02,-2.14187401e+04,1.63562971e+05,1.72109844e+05
-1.68000000e-01,-9.20000000e-02,-2.20832897e+04,1.68682746e+05,1.84342147e+05
-1.64000000e-01,-9.20000000e-02,-2.27682021e+04,1.73716661e+05,1.97518223e+05
-1.60000000e-01,-9.20000000e-02,-2.34730230e+04,1.78603765e+05,2.11702071e+05
-1.56000000e-01,-9.20000000e-02,-2.41970322e+04,1.83271254e+05,2.26958108e+05
-1.52000000e-01,-9.20000000e-02,-2.49391931e+04,1.87632839e+05,2.43349860e+05
-1.48000000e-01,-9.20000000e-02,-2.56980949e+04,1.91587000e+05,2.60938246e+05
-1.44000000e-01,-9.20000000e-02,-2.64718891e+04,1.95015207e+05,2.79779373e+05
-1.40000000e-01,-9.20000000e-02,-2.72582166e+04,1.97780145e+05,2.99921763e+05
-1.36000000e-01,-9.20000000e-02,-2.80541302e+04,1.99724059e+05,3.21402924e+05
-1.32000000e-01,-9.20000000e-02,-2.88560091e+04,2.00667331e+05,3.44245183e+05
-1.28000000e-01,-9.20000000e-02,-2.96594689e+04,2.00407479e+05,3.68450724e+05
-1.24000000e-01,-9.20000000e-02,-3.04592689e+04,1.98718778e+05,3.93995783e+05
-1.20000000e-01,-9.20000000e-02,-3.12492191e+04,1.95352777e+05,4.20824020e+05
-1.16000000e-01,-9.20000000e-02,-3.20220911e+04,1.90040012e+05,4.48839157e+05
-1.12000000e-01,-9.20000000e-02,-3.27695392e+04,1.82493269e+05,4.77897045e+05
-1.08000000e-01,-9.20000000e-02,-3.34820373e+04,1.72412739e+05,5.07797483e+05
-1.04000000e-01,-9.20000000e-02,-3.41488411e+04,1.59493412e+05,5.38276232e+05
-1.00000000e-01,-9.20000000e-02,-3.47579846e+04,1.43434965e+05,5.68997868e+05
-9.60000000e-02,-9.20000000e-02,-3.52963208e+04,1.23954281e+05,5.99550269e+05
-9.20000000e-02,-9.20000000e-02,-3.57496188e+04,1.00800516e+05,6.29441697e+05
-8.80000000e-02,-9.20000000e-02,-3.61027249e+04,7.37723482e+04,6.58101532e+05
-8.40000000e-02,-9.20000000e-02,-3.63397976e+04,4.27366843e+04,6.84885699e+05
-8.00000000e-02,-9.20000000e-02,-3.64446184e+04,7.64769853e+03,7.09087690e+05
-7.60000000e-02,-9.20000000e-02,-3.64009792e+04,-3.14352827e+04,7.29955727e+05
-7.20000000e-02,-9.20000000e-02,-3.61931362e+04,-7.43328401e+04,7.46716107e+05
-6.80000000e-02,-9.20000000e-02,-3.58063165e+04,-1.20735361e+05,7.58602049e+05
-6.40000000e-02,-9.20000000e-02,-3.52272533e+04,-1.70199536e+05,7.64886570e+05
-6.00000000e-02,-9.20000000e-02,-3.44447202e+04,-2.22152779e+05,7.64917151e+05
-5.60000000e-02,-9.20000000e-02,-3.34500310e+04,-2.75906166e+05,7.58149357e+05
-5.20000000e-02,-9.20000000e-02,-3.22374709e+04,-3.30675545e+05,7.44176323e+05
-4.80000000e-02,-9.20000000e-02,-3.08046267e+04,-3.85609446e+05,7.22751192e+05
-4.40000000e-02,-9.20000000e-02,-2.91525953e+04,-4.39821513e+05,6.93800255e+05
-4.00000000e-02,-9.20000000e-02,-2.72860546e+04,-4.92424548e+05,6.57425606e+05
-3.60000000e-02,-9.20000000e-02,-2.52131989e+04,-5.42563045e+05,6.13897393e+05
-3.20000000e-02,-9.20000000e-02,-2.29455502e+04,-5.89441377e+05,5.63637022e+05
-2.80000000e-02,-9.20000000e-02,-2.04976679e+04,-6.32345465e+05,5.07193706e+05
-2.40000000e-02,-9.20000000e-02,-1.78867865e+04,-6.70656766e+05,4.45217383e+05
-2.00000000e-02,-9.20000000e-02,-1.51324138e+04,-7.03858465e+05,3.78431126e+05
-1.60000000e-02,-9.20000000e-02,-1.22559188e+04,-7.31534774e+05,3.07605877e+05
-1.20000000e-02,-9.20000000e-02,-9.28013557e+03,-7.53365006e+05,2.33539593e+05
-8.00000000e-03,-9.20000000e-02,-6.22899873e+03,-7.69114528e+05,1.57042015e+05
-4.00000000e-03,-9.20000000e-02,-3.12721935e+03,-7.78624842e+05,7.89253181e+04
0.00000000e+00,-9.20000000e-02,0.00000000e+00,-7.81804836e+05,-0.00000000e+00
4.00000000e-03,-9.20000000e-02,3.12721935e+03,-7.78624842e+05,-7.89253181e+04
8.00000000e-03,-9.20000000e-02,6.22899873e+03,-7.69114528e+05,-1.57042015e+05
1.20000000e-02,-9.20000000e-02,9.28013557e+03,-7.53365006e+05,-2.33539593e+05
1.60000000e-02,-9.20000000e-02,1.22559188e+04,-7.31534774e+05,-3.07605877e+05
2.00000000e-02,-9.20000000e-02,1.51324138e+04,-7.03858465e+05,-3.78431126e+05
2.40000000e-02,-9.20000000e-02,1.78867865e+04,-6.70656766e+05,-4.45217383e+05
2.80000000e-02,-9.20000000e-02,2.04976679e+04,-6.32345465e+05,-5.07193706e+05
3.20000000e-02,-9.20000000e-02,2.29455502e+04,-5.89441377e+05,-5.63637022e+05
3.60000000e-02,-9.20000000e-02,2.52131989e+04,-5.42563045e+05,-6.13897393e+05
4.00000000e-02,-9.20000000e-02,2.72860546e+04,-4.92424548e+05,-6.57425606e+05
4.40000000e-02,-9.20000000e-02,2.91525953e+04,-4.39821513e+05,-6.93800255e+05
4.80000000e-02,-9.20000000e-02,3.08046267e+04,-3.85609446e+05,-7.22751192e+05
5.20000000e-02,-9.20000000e-02,3.22374709e+04,-3.30675545e+05,-7.44176323e+05
5.60000000e-02,-9.20000000e-02,3.34500310e+04,-2.75906166e+05,-7.58149357e+05
6.00000000e-02,-9.20000000e-02,3.44447202e+04,-2.22152779e+05,-7.64917151e+05
6.40000000e-02,-9.20000000e-02,3.52272533e+04,-1.70199536e+05,-7.64886570e+05
6.80000000e-02,-9.20000000e-02,3.58063165e+04,-1.20735361e+05,-7.58602049e+05
7.20000000e-02,-9.20000000e-02,3.61931362e+04,-7.43328401e+04,-7.46716107e+05
7.60000000e-02,-9.20000000e-02,3.64009792e+04,-3.14352827e+04,-7.29955727e+05
8.00000000e-02,-9.20000000e-02,3.64446184e+04,7.64769853e+03,-7.09087690e+05
8.40000000e-02,-9.20000000e-02,3.63397976e+04,4.27366843e+04,-6.84885699e+05
8.80000000e-02,-9.20000000e-02,3.61027249e+04,7.37723482e+04,-6.58101532e+05
9.20000000e-02,-9.20000000e-02,3.57496188e+04,1.00800516e+05,-6.29441697e+05
9.60000000e-02,-9.20000000e-02,3.52963208e+04,1.23954281e+05,-5.99550269e+05
1.00000000e-01,-9.20000000e-02,3.47579846e+04,1.43434965e+05,-5.68997868e+05
1.04000000e-01,-9.20000000e-02,3.41488411e+04,1.59493412e+05,-5.38276232e+05
1.08000000e-01,-9.20000000e-02,3.34820373e+04,1.72412739e+05,-5.07797483e+05
1.12000000e-01,-9.20000000e-02,3.27695392e+04,1.82493269e+05,-4.77897045e+05
1.16000000e-01,-9.20000000e-02,3.20220911e+04,1.90040012e+05,-4.48839157e+05
1.20000000e-01,-9.20000000e-02,3.12492191e+04,1.95352777e+05,-4.20824020e+05
1.24000000e-01,-9.20000000e-02,3.04592689e+04,1.98718778e+05,-3.93995783e+05
1.28000000e-01,-9.20000000e-02,2.96594689e+04,2.00407479e+05,-3.68450724e+05
1.32000000e-01,-9.20000000e-02,2.88560091e+04,2.00667331e+05,-3.44245183e+05
1.36000000e-01,-9.20000000e-02,2.80541302e+04,1.99724059e+05,-3.21402924e+05
1.40000000e-01,-9.20000000e-02,2.72582166e+04,1.97780145e+05,-2.99921763e+05
1.44000000e-01,-9.20000000e-02,2.64718891e+04,1.95015207e+05,-2.79779373e+05
1.48000000e-01,-9.20000000e-02,2.56980949e+04,1.91587000e+05,-2.60938246e+05
1.52000000e-01,-9.20000000e-02,2.49391931e+04,1.87632839e+05,-2.43349860e+05
1.56000000e-01,-9.20000000e-02,2.41970322e+04,1.83271254e+05,-2.26958108e+05
1.60000000e-01,-9.20000000e-02,2.34730230e+04,1.78603765e+05,-2.11702071e+05
1.64000000e-01,-9.20000000e-02,2.27682021e+04,1.73716661e+05,-1.97518223e+05
1.68000000e-01,-9.20000000e-02,2.20832897e+04,1.68682746e+05,-1.84342147e+05
1.72000000e-01,-9.20000000e-02,2.14187401e+04,1.63562971e+05,-1.72109844e+05
1.76000000e-01,-9.20000000e-02,2.07747860e+04,1.58407959e+05,-1.60758714e+05
1.80000000e-01,-9.20000000e-02,2.01514765e+04,1.53259391e+05,-1.50228257e+05
1.84000000e-01,-9.20000000e-02,1.95487108e+04,1.48151249e+05,-1.40460560e+05
1.88000000e-01,-9.20000000e-02,1.89662665e+04,1.43110931e+05,-1.31400609e+05
1.92000000e-01,-9.20000000e-02,1.84038234e+04,1.38160223e+05,-1.22996474e+05
1.96000000e-01,-9.20000000e-02,1.78609847e+04,1.33316161e+05,-1.15199380e+05
2.00000000e-01,-9.20000000e-02,1.73372941e+04,nan,nan
-2.00000000e-01,-8.80000000e-02,-1.77692124e+04,nan,nan
-1.96000000e-01,-8.80000000e-02,-1.83222235e+04,1.40935867e+05,1.15245607e+05
-1.92000000e-01,-8.80000000e-02,-1.88966993e+04,1.46383329e+05,1.23255449e+05
-1.88000000e-01,-8.80000000e-02,-1.94932901e+04,1.51987654e+05,1.31913220e+05
-1.84000000e-01,-8.80000000e-02,-2.01126006e+04,1.57735404e+05,1.41274321e+05
-1.80000000e-01,-8.80000000e-02,-2.07551733e+04,1.63608406e+05,1.51398307e+05
-1.76000000e-01,-8.80000000e-02,-2.14214678e+04,1.69582809e+05,1.62348941e+05
-1.72000000e-01,-8.80000000e-02,-2.21118358e+04,1.75627987e+05,1.74194150e+05
-1.68000000e-01,-8.80000000e-02,-2.28264917e+04,1.81705279e+05,1.87005858e+05
-1.64000000e-01,-8.80000000e-02,-2.35654780e+04,1.87766540e+05,2.00859644e+05
-1.60000000e-01,-8.80000000e-02,-2.43286240e+04,1.93752508e+05,2.15834181e+05
-1.56000000e-01,-8.80000000e-02,-2.51154981e+04,1.99590963e+05,2.32010389e+05
-1.52000000e-01,-8.80000000e-02,-2.59253517e+04,2.05194700e+05,2.49470215e+05
-1.48000000e-01,-8.80000000e-02,-2.67570557e+04,2.10459306e+05,2.68294973e+05
-1.44000000e-01,-8.80000000e-02,-2.76090262e+04,2.15260813e+05,2.88563120e+05
-1.40000000e-01,-8.80000000e-02,-2.84791422e+04,2.19453243e+05,3.10347353e+05
-1.36000000e-01,-8.80000000e-02,-2.93646521e+04,2.22866182e+05,3.33710916e+05
-1.32000000e-01,-8.80000000e-02,-3.02620716e+04,2.25302489e+05,3.58702975e+05
-1.28000000e-01,-8.80000000e-02,-3.11670720e+04,2.26536342e+05,3.85352947e+05
-1.24000000e-01,-8.80000000e-02,-3.20743624e+04,2.26311890e+05,4.13663681e+05
-1.20000000e-01,-8.80000000e-02,-3.29775672e+04,2.24342805e+05,4.43603453e+05
-1.16000000e-01,-8.80000000e-02,-3.38691048e+04,2.20313164e+05,4.75096783e+05
-1.12000000e-01,-8.80000000e-02,-3.47400725e+04,2.13880110e+05,5.08014228e+05
-1.08000000e-01,-8.80000000e-02,-3.55801457e+04,2.04678811e+05,5.42161451e+05
-1.04000000e-01,-8.80000000e-02,-3.63775030e+04,1.92330242e+05,5.77268057e+05
-1.00000000e-01,-8.80000000e-02,-3.71187876e+04,1.76452263e+05,6.12976955e+05
-9.60000000e-02,-8.80000000e-02,-3.77891211e+04,1.56674337e+05,6.48835270e+05
-9.20000000e-02,-8.80000000e-02,-3.83721823e+04,1.32655962e+05,6.84288090e+05
-8.80000000e-02,-8.80000000e-02,-3.88503688e+04,1.04108545e+05,7.18676536e+05
-8.40000000e-02,-8.80000000e-02,-3.92050507e+04,7.08199210e+04,7.51241764e+05
-8.00000000e-02,-8.80000000e-02,-3.94169281e+04,3.26801480e+04,7.81136335e+05
-7.60000000e-02,-8.80000000e-02,-3.94664919e+04,-1.02934076e+04,8.07444080e+05
-7.20000000e-02,-8.80000000e-02,-3.93345809e+04,-5.79341943e+04,8.29208814e+05
-6.80000000e-02,-8.80000000e-02,-3.90030183e+04,-1.09910598e+05,8.45471307e+05
-6.40000000e-02,-8.80000000e-02,-3.84552961e+04,-1.65718778e+05,8.55312683e+05
-6.00000000e-02,-8.80000000e-02,-3.76772681e+04,-2.24686391e+05,8.57901194e+05
-5.60000000e-02,-8.80000000e-02,-3.66578050e+04,-2.85988344e+05,8.52538284e+05
-5.20000000e-02,-8.80000000e-02,-3.53893613e+04,-3.48674307e+05,8.38699359e+05
-4.80000000e-02,-8.80000000e-02,-3.38684105e+04,-4.11706143e+05,8.16064828e+05
-4.40000000e-02,-8.80000000e-02,-3.20957122e+04,-4.74001937e+05,7.84537938e+05
-4.00000000e-02,-8.80000000e-02,-3.00763950e+04,-5.34482309e+05,7.44247534e+05
-3.60000000e-02,-8.80000000e-02,-2.78198537e+04,-5.92114347e+05,6.95535876e+05
-3.20000000e-02,-8.80000000e-02,-2.53394802e+04,-6.45948918e+05,6.38933605e+05
-2.80000000e-02,-8.80000000e-02,-2.26522624e+04,-6.95148193e+05,5.75125591e+05
-2.40000000e-02,-8.80000000e-02,-1.97782947e+04,-7.39001789e+05,5.04912237e+05
-2.00000000e-02,-8.80000000e-02,-1.67402481e+04,-7.76931566e+05,4.29170998e+05
-1.60000000e-02,-8.80000000e-02,-1.35628422e+04,-8.08486629e+05,3.48822201e+05
-1.20000000e-02,-8.80000000e-02,-1.02723550e+04,-8.33331179e+05,2.64802151e+05
-8.00000000e-03,-8.80000000e-02,-6.89619273e+03,-8.51228457e+05,1.78045083e+05
-4.00000000e-03,-8.80000000e-02,-3.46252738e+03,-8.62024091e+05,8.94740994e+04
0.00000000e+00,-8.80000000e-02,0.00000000e+00,-8.65631845e+05,-0.00000000e+00
4.00000000e-03,-8.80000000e-02,3.46252738e+03,-8.62024091e+05,-8.94740994e+04
8.00000000e-03,-8.80000000e-02,6.89619273e+03,-8.51228457e+05,-1.78045083e+05
1.20000000e-02,-8.80000000e-02,1.02723550e+04,-8.33331179e+05,-2.64802151e+05
1.60000000e-02,-8.80000000e-02,1.35628422e+04,-8.08486629e+05,-3.48822201e+05
2.00000000e-02,-8.80000000e-02,1.67402481e+04,-7.76931566e+05,-4.29170998e+05
2.40000000e-02,-8.80000000e-02,1.97782947e+04,-7.39001789e+05,-5.04912237e+05
2.80000000e-02,-8.80000000e-02,2.26522624e+04,-6.95148193e+05,-5.75125591e+05
3.20000000e-02,-8.80000000e-02,2.53394802e+04,-6.45948918e+05,-6.38933605e+05
3.60000000e-02,-8.80000000e-02,2.78198537e+04,-5.92114347e+05,-6.95535876e+05
4.00000000e-02,-8.80000000e-02,3.00763950e+04,-5.34482309e+05,-7.44247534e+05
4.40000000e-02,-8.80000000e-02,3.20957122e+04,-4.74001937e+05,-7.84537938e+05
4.80000000e-02,-8.80000000e-02,3.38684105e+04,-4.11706143e+05,-8.16064828e+05
5.20000000e-02,-8.80000000e-02,3.53893613e+04,-3.48674307e+05,-8.38699359e+05
5.60000000e-02,-8.80000000e-02,3.66578050e+04,-2.85988344e+05,-8.52538284e+05
6.00000000e-02,-8.80000000e-02,3.76772681e+04,-2.24686391e+05,-8.57901194e+05
6.40000000e-02,-8.80000000e-02,3.84552961e+04,-1.65718778e+05,-8.55312683e+05
6.80000000e-02,-8.80000000e-02,3.90030183e+04,-1.09910598e+05,-8.45471307e+05
7.20000000e-02,-8.80000000e-02,3.93345809e+04,-5.79341943e+04,-8.29208814e+05
7.60000000e-02,-8.80000000e-02,3.94664919e+04,-1.02934076e+04,-8.07444080e+05
8.00000000e-02,-8.80000000e-02,3.94169281e+04,3.26801480e+04,-7.81136335e+05
8.40000000e-02,-8.80000000e-02,3.92050507e+04,7.08199210e+04,-7.51241764e+05
8.80000000e-02,-8.80000000e-02,3.88503688e+04,1.04108545e+05,-7.18676536e+05
9.20000000e-02,-8.80000000e-02,3.83721823e+04,1.32655962e+05,-6.84288090e+05
9.60000000e-02,-8.80000000e-02,3.77891211e+04,1.56674337e+05,-6.48835270e+05
1.00000000e-01,-8.80000000e-02,3.71187876e+04,1.76452263e+05,-6.12976955e+05
1.04000000e-01,-8.80000000e-02,3.63775030e+04,1.92330242e+05,-5.77268057e+05
1.08000000e-01,-8.80000000e-02,3.55801457e+04,2.04678811e+05,-5.42161451e+05
1.12000000e-01,-8.80000000e-02,3.47400725e+04,2.13880110e+05,-5.08014228e+05
1.16000000e-01,-8.80000000e-02,3.38691048e+04,2.20313164e+05,-4.75096783e+05
1.20000000e-01,-8.80000000e-02,3.29775672e+04,2.24342805e+05,-4.43603453e+05
1.24000000e-01,-8.80000000e-02,3.20743624e+04,2.26311890e+05,-4.13663681e+05
1.28000000e-01,-8.80000000e-02,3.11670720e+04,2.26536342e+05,-3.85352947e+05
1.32000000e-01,-8.80000000e-02,3.02620716e+04,2.25302489e+05,-3.58702975e+05
1.36000000e-01,-8.80000000e-02,2.93646521e+04,2.22866182e+05,-3.33710916e+05
1.40000000e-01,-8.80000000e-02,2.84791422e+04,2.19453243e+05,-3.10347353e+05
1.44000000e-01,-8.80000000e-02,2.76090262e+04,2.15260813e+05,-2.88563120e+05
1.48000000e-01,-8.80000000e-02,2.67570557e+04,2.10459306e+05,-2.68294973e+05
1.52000000e-01,-8.80000000e-02,2.59253517e+04,2.05194700e+05,-2.49470215e+05
1.56000000e-01,-8.80000000e-02,2.51154981e+04,1.99590963e+05,-2.32010389e+05
1.60000000e-01,-8.80000000e-02,2.43286240e+04,1.93752508e+05,-2.15834181e+05
1.64000000e-01,-8.80000000e-02,2.35654780e+04,1.87766540e+05,-2.00859644e+05
1.68000000e-01,-8.80000000e-02,2.28264917e+04,1.81705279e+05,-1.87005858e+05
1.72000000e-01,-8.80000000e-02,2.21118358e+04,1.75627987e+05,-1.74194150e+05
1.76000000e-01,-8.80000000e-02,2.14214678e+04,1.69582809e+05,-1.62348941e+05
1.80000000e-01,-8.80000000e-02,2.07551733e+04,1.63608406e+05,-1.51398307e+05
1.84000000e-01,-8.80000000e-02,2.01126006e+04,1.57735404e+05,-1.41274321e+05
1.88000000e-01,-8.80000000e-02,1.94932901e+04,1.51987654e+05,-1.31913220e+05
1.92000000e-01,-8.80000000e-02,1.88966993e+04,1.46383329e+05,-1.23255449e+05
1.96000000e-01,-8.80000000e-02,1.83222235e+04,1.40935867e+05,-1.15245607e+05
2.00000000e-01,-8.80000000e-02,1.77692124e+04,nan,nan
-2.00000000e-01,-8.40000000e-02,-1.81999527e+04,nan,nan
-1.96000000e-01,-8.40000000e-02,-1.87829496e+04,1.48739280e+05,1.14928021e+05
-1.92000000e-01,-8.40000000e-02,-1.93898670e+04,1.54827835e+05,1.23124944e+05
-1.88000000e-01,-8.40000000e-02,-2.00215722e+04,1.61129803e+05,1.32009827e+05
-1.84000000e-01,-8.40000000e-02,-2.06789054e+04,1.67636337e+05,1.41644999e+05
-1.80000000e-01,-8.40000000e-02,-2.13626629e+04,1.74334011e+05,1.52098062e+05
-1.76000000e-01,-8.40000000e-02,-2.20735775e+04,1.81203802e+05,1.63442108e+05
-1.72000000e-01,-8.40000000e-02,-2.28122933e+04,1.88219887e+05,1.75755858e+05
-1.68000000e-01,-8.40000000e-02,-2.35793366e+04,1.95348239e+05,1.89123684e+05
-1.64000000e-01,-8.40000000e-02,-2.43750793e+04,2.02544985e+05,2.03635475e+05
-1.60000000e-01,-8.40000000e-02,-2.51996965e+04,2.09754510e+05,2.19386293e+05
-1.56000000e-01,-8.40000000e-02,-2.60531153e+04,2.16907288e+05,2.36475723e+05
-1.52000000e-01,-8.40000000e-02,-2.69349548e+04,2.23917424e+05,2.55006861e+05
-1.48000000e-01,-8.40000000e-02,-2.78444547e+04,2.30679906e+05,2.75084800e+05
-1.44000000e-01,-8.40000000e-02,-2.87803940e+04,2.37067586e+05,2.96814502e+05
-1.40000000e-01,-8.40000000e-02,-2.97409954e+04,2.42927941e+05,3.20297889e+05
-1.36000000e-01,-8.40000000e-02,-3.07238175e+04,2.48079681e+05,3.45629994e+05
-1.32000000e-01,-8.40000000e-02,-3.17256329e+04,2.52309362e+05,3.72893975e+05
-1.28000000e-01,-8.40000000e-02,-3.27422924e+04,2.55368185e+05,4.02154787e+05
-1.24000000e-01,-8.40000000e-02,-3.37685783e+04,2.56969285e+05,4.33451356e+05
-1.20000000e-01,-8.40000000e-02,-3.47980467e+04,2.56785878e+05,4.66787077e+05
-1.16000000e-01,-8.40000000e-02,-3.58228654e+04,2.54450787e+05,5.02118589e+05
-1.12000000e-01,-8.40000000e-02,-3.68336530e+04,2.49557938e+05,5.39342857e+05
-1.08000000e-01,-8.40000000e-02,-3.78193289e+04,2.41666568e+05,5.78282832e+05
-1.04000000e-01,-8.40000000e-02,-3.87669856e+04,2.30308916e+05,6.18672172e+05
-1.00000000e-01,-8.40000000e-02,-3.96618002e+04,2.15002179e+05,6.60139886e+05
-9.60000000e-02,-8.40000000e-02,-4.04870030e+04,1.95265416e+05,7.02196152e+05
-9.20000000e-02,-8.40000000e-02,-4.12239235e+04,1.70641782e+05,7.44220999e+05
-8.80000000e-02,-8.40000000e-02,-4.18521372e+04,1.40726022e+05,7.85457943e+05
-8.40000000e-02,-8.40000000e-02,-4.23497317e+04,1.05196483e+05,8.25014930e+05
-8.00000000e-02,-8.40000000e-02,-4.26937091e+04,6.38500154e+04,8.61874949e+05
-7.60000000e-02,-8.40000000e-02,-4.28605318e+04,1.66371966e+04,8.94918293e+05
-7.20000000e-02,-8.40000000e-02,-4.28268067e+04,-3.63056137e+04,9.22957555e+05
-6.80000000e-02,-8.40000000e-02,-4.25700869e+04,-9.46314922e+04,9.44785039e+05
-6.40000000e-02,-8.40000000e-02,-4.20697547e+04,-1.57769649e+05,9.59230437e+05
-6.00000000e-02,-8.40000000e-02,-4.13079297e+04,-2.24927178e+05,9.65224631e+05
-5.60000000e-02,-8.40000000e-02,-4.02703373e+04,-2.95108001e+05,9.61863716e+05
-5.20000000e-02,-8.40000000e-02,-3.89470657e+04,-3.67149001e+05,9.48466341e+05
-4.80000000e-02,-8.40000000e-02,-3.73331453e+04,-4.39770867e+05,9.24617500e+05
-4.40000000e-02,-8.40000000e-02,-3.54288988e+04,-5.11638807e+05,8.90193307e+05
-4.00000000e-02,-8.40000000e-02,-3.32400349e+04,-5.81426610e+05,8.45363744e+05
-3.60000000e-02,-8.40000000e-02,-3.07774859e+04,-6.47876974e+05,7.90573565e+05
-3.20000000e-02,-8.40000000e-02,-2.80570191e+04,-7.09851662e+05,7.26504693e+05
-2.80000000e-02,-8.40000000e-02,-2.50986726e+04,-7.66366833e+05,6.54025900e+05
-2.40000000e-02,-8.40000000e-02,-2.19260844e+04,-8.16611359e+05,5.74136935e+05
-2.00000000e-02,-8.40000000e-02,-1.85657817e+04,-8.59948501e+05,4.87914234e+05
-1.60000000e-02,-8.40000000e-02,-1.50464964e+04,-8.95903620e+05,3.96464265e+05
-1.20000000e-02,-8.40000000e-02,-1.13985528e+04,-9.24142124e+05,3.00888642e+05
-8.00000000e-03,-8.40000000e-02,-7.65335940e+03,-9.44442579e+05,2.02262966e+05
-4.00000000e-03,-8.40000000e-02,-3.84301214e+03,-9.56669924e+05,1.01629251e+05
0.00000000e+00,-8.40000000e-02,0.00000000e+00,-9.60753035e+05,-0.00000000e+00
4.00000000e-03,-8.40000000e-02,3.84301214e+03,-9.56669924e+05,-1.01629251e+05
8.00000000e-03,-8.40000000e-02,7.65335940e+03,-9.44442579e+05,-2.02262966e+05
1.20000000e-02,-8.40000000e-02,1.13985528e+04,-9.24142124e+05,-3.00888642e+05
1.60000000e-02,-8.40000000e-02,1.50464964e+04,-8.95903620e+05,-3.96464265e+05
2.00000000e-02,-8.40000000e-02,1.85657817e+04,-8.59948501e+05,-4.87914234e+05
2.40000000e-02,-8.40000000e-02,2.19260844e+04,-8.16611359e+05,-5.74136935e+05
2.80000000e-02,-8.40000000e-02,2.50986726e+04,-7.66366833e+05,-6.54025900e+05
3.20000000e-02,-8.40000000e-02,2.80570191e+04,-7.09851662e+05,-7.26504693e+05
3.60000000e-02,-8.40000000e-02,3.07774859e+04,-6.47876974e+05,-7.90573565e+05
4.00000000e-02,-8.40000000e-02,3.32400349e+04,-5.81426610e+05,-8.45363744e+05
4.40000000e-02,-8.40000000e-02,3.54288988e+04,-5.11638807e+05,-8.90193307e+05
4.80000000e-02,-8.40000000e-02,3.73331453e+04,-4.39770867e+05,-9.24617500e+05
5.20000000e-02,-8.40000000e-02,3.89470657e+04,-3.67149001e+05,-9.48466341e+05
5.60000000e-02,-8.40000000e-02,4.02703373e+04,-2.95108001e+05,-9.61863716e+05
6.00000000e-02,-8.40000000e-02,4.13079297e+04,-2.24927178e+05,-9.65224631e+05
6.40000000e-02,-8.40000000e-02,4.20697547e+04,-1.57769649e+05,-9.59230437e+05
6.80000000e-02,-8.40000000e-02,4.25700869e+04,-9.46314922e+04,-9.44785039e+05
7.20000000e-02,-8.40000000e-02,4.28268067e+04,-3.63056137e+04,-9.22957555e+05
7.60000000e-02,-8.40000000e-02,4.28605318e+04,1.66371966e+04,-8.94918293e+05
8.00000000e-02,-8.40000000e-02,4.26937091e+04,6.38500154e+04,-8.61874949e+05
8.40000000e-02,-8.40000000e-02,4.23497317e+04,1.05196483e+05,-8.25014930e+05
8.80000000e-02,-8.40000000e-02,4.18521372e+04,1.40726022e+05,-7.85457943e+05
9.20000000e-02,-8.40000000e-02,4.12239235e+04,1.70641782e+05,-7.44220999e+05
9.60000000e-02,-8.40000000e-02,4.04870030e+04,1.95265416e+05,-7.02196152e+05
1.00000000e-01,-8.40000000e-02,3.96618002e+04,2.15002179e+05,-6.60139886e+05
1.04000000e-01,-8.40000000e-02,3.87669856e+04,2.30308916e+05,-6.18672172e+05
1.08000000e-01,-8.40000000e-02,3.78193289e+04,2.41666568e+05,-5.78282832e+05
1.12000000e-01,-8.40000000e-02,3.68336530e+04,2.49557938e+05,-5.39342857e+05
1.16000000e-01,-8.40000000e-02,3.58228654e+04,2.54450787e+05,-5.02118589e+05
1.20000000e-01,-8.40000000e-02,3.47980467e+04,2.56785878e+05,-4.66787077e+05
1.24000000e-01,-8.40000000e-02,3.37685783e+04,2.56969285e+05,-4.33451356e+05
1.28000000e-01,-8.40000000e-02,3.27422924e+04,2.55368185e+05,-4.02154787e+05
1.32000000e-01,-8.40000000e-02,3.17256329e+04,2.52309362e+05,-3.72893975e+05
1.36000000e-01,-8.40000000e-02,3.07238175e+04,2.48079681e+05,-3.45629994e+05
1.40000000e-01,-8.40000000e-02,2.97409954e+04,2.42927941e+05,-3.20297889e+05
1.44000000e-01,-8.40000000e-02,2.87803940e+04,2.37067586e+05,-2.96814502e+05
1.48000000e-01,-8.40000000e-02,2.78444547e+04,2.30679906e+05,-2.75084800e+05
1.52000000e-01,-8.40000000e-02,2.69349548e+04,2.23917424e+05,-2.55006861e+05
1.56000000e-01,-8.40000000e-02,2.60531153e+04,2.16907288e+05,-2.36475723e+05
1.60000000e-01,-8.40000000e-02,2.51996965e+04,2.09754510e+05,-2.19386293e+05
1.64000000e-01,-8.40000000e-02,2.43750793e+04,2.02544985e+05,-2.03635475e+05
1.68000000e-01,-8.40000000e-02,2.35793366e+04,1.95348239e+05,-1.89123684e+05
1.72000000e-01,-8.40000000e-02,2.28122933e+04,1.88219887e+05,-1.75755858e+05
1.76000000e-01,-8.40000000e-02,2.20735775e+04,1.81203802e+05,-1.63442108e+05
1.80000000e-01,-8.40000000e-02,2.13626629e+04,1.74334011e+05,-1.52098062e+05
1.84000000e-01,-8.40000000e-02,2.06789054e+04,1.67636337e+05,-1.41644999e+05
1.88000000e-01,-8.40000000e-02,2.00215722e+04,1.61129803e+05,-1.32009827e+05
1.92000000e-01,-8.40000000e-02,1.93898670e+04,1.54827835e+05,-1.23124944e+05
1.96000000e-01,-8.40000000e-02,1.87829496e+04,1.48739280e+05,-1.14928021e+05
2.00000000e-01,-8.40000000e-02,1.81999527e+04,nan,nan
-2.00000000e-01,-8.00000000e-02,-1.86281063e+04,nan,nan
-1.96000000e-01,-8.00000000e-02,-1.92416476e+04,1.56699073e+05,1.14216843e+05
-1.92000000e-01,-8.00000000e-02,-1.98816989e+04,1.63465136e+05,1.22570383e+05
-1.88000000e-01,-8.00000000e-02,-2.05493687e+04,1.70507709e+05,1.31650337e+05
-1.84000000e-01,-8.00000000e-02,-2.12457606e+04,1.77823638e+05,1.41526170e+05
-1.80000000e-01,-8.00000000e-02,-2.19719578e+04,1.85405515e+05,1.52273858e+05
-1.76000000e-01,-8.00000000e-02,-2.27290047e+04,1.93240605e+05,1.63976304e+05
-1.72000000e-01,-8.00000000e-02,-2.35178827e+04,2.01309562e+05,1.76723699e+05
-1.68000000e-01,-8.00000000e-02,-2.43394812e+04,2.09584896e+05,1.90613798e+05
-1.64000000e-01,-8.00000000e-02,-2.51945618e+04,2.18029149e+05,2.05752060e+05
-1.60000000e-01,-8.00000000e-02,-2.60837144e+04,2.26592755e+05,2.22251597e+05
-1.56000000e-01,-8.00000000e-02,-2.70073039e+04,2.35211531e+05,2.40232839e+05
-1.52000000e-01,-8.00000000e-02,-2.79654066e+04,2.43803777e+05,2.59822831e+05
-1.48000000e-01,-8.00000000e-02,-2.89577341e+04,2.52266947e+05,2.81154015e+05
-1.44000000e-01,-8.00000000e-02,-2.99835422e+04,2.60473901e+05,3.04362352e+05
-1.40000000e-01,-8.00000000e-02,-3.10415253e+04,2.68268736e+05,3.29584577e+05
-1.36000000e-01,-8.00000000e-02,-3.21296921e+04,2.75462268e+05,3.56954378e+05
-1.32000000e-01,-8.00000000e-02,-3.32452234e+04,2.81827281e+05,3.86597209e+05
-1.28000000e-01,-8.00000000e-02,-3.43843103e+04,2.87093723e+05,4.18623472e+05
-1.24000000e-01,-8.00000000e-02,-3.55419732e+04,2.90944181e+05,4.53119753e+05
-1.20000000e-01,-8.00000000e-02,-3.67118638e+04,2.93010038e+05,4.90137827e+05
-1.16000000e-01,-8.00000000e-02,-3.78860535e+04,2.92868943e+05,5.29681201e+05
-1.12000000e-01,-8.00000000e-02,-3.90548153e+04,2.90044353e+05,5.71689109e+05
-1.08000000e-01,-8.00000000e-02,-4.02064083e+04,2.84008127e+05,6.16018038e+05
-1.04000000e-01,-8.00000000e-02,-4.13268803e+04,2.74187296e+05,6.62421242e+05
-1.00000000e-01,-8.00000000e-02,-4.23999067e+04,2.59976244e+05,7.10527122e+05
-9.60000000e-02,-8.00000000e-02,-4.34066903e+04,2.40755450e+05,7.59817926e+05
-9.20000000e-02,-8.00000000e-02,-4.43259503e+04,2.15917753e+05,8.09610934e+05
-8.80000000e-02,-8.00000000e-02,-4.51340323e+04,1.84902476e+05,8.59044954e+05
-8.40000000e-02,-8.00000000e-02,-4.58051701e+04,1.47236927e+05,9.07075581e+05
-8.00000000e-02,-8.00000000e-02,-4.63119277e+04,1.02583511e+05,9.52482918e+05
-7.60000000e-02,-8.00000000e-02,-4.66258382e+04,5.07891983e+04,9.93895196e+05
-7.20000000e-02,-8.00000000e-02,-4.67182413e+04,-8.06744887e+03,1.02983069e+06
-6.80000000e-02,-8.00000000e-02,-4.65612986e+04,-7.36377154e+04,1.05875835e+06
-6.40000000e-02,-8.00000000e-02,-4.61291396e+04,-1.45279185e+05,1.07917494e+06
-6.00000000e-02,-8.00000000e-02,-4.53990651e+04,-2.22053112e+05,1.08969292e+06
-5.60000000e-02,-8.00000000e-02,-4.43527147e+04,-3.02746634e+05,1.08913086e+06
-5.20000000e-02,-8.00000000e-02,-4.29770921e+04,-3.85920523e+05,1.07659547e+06
-4.80000000e-02,-8.00000000e-02,-4.12653505e+04,-4.69979177e+05,1.05154475e+06
-4.40000000e-02,-8.00000000e-02,-3.92172587e+04,-5.53255693e+05,1.01382328e+06
-4.00000000e-02,-8.00000000e-02,-3.68393050e+04,-6.34102051e+05,9.63664744e+05
-3.60000000e-02,-8.00000000e-02,-3.41444422e+04,-7.10973398e+05,9.01662080e+05
-3.20000000e-02,-8.00000000e-02,-3.11515178e+04,-7.82496583e+05,8.28710357e+05
-2.80000000e-02,-8.00000000e-02,-2.78844696e+04,-8.47515951e+05,7.45931873e+05
-2.40000000e-02,-8.00000000e-02,-2.43713902e+04,-9.05113455e+05,6.54594561e+05
-2.00000000e-02,-8.00000000e-02,-2.06435619e+04,-9.54604236e+05,5.56034679e+05
-1.60000000e-02,-8.00000000e-02,-1.67345563e+04,-9.95512222e+05,4.51592653e+05
-1.20000000e-02,-8.00000000e-02,-1.26794642e+04,-1.02753248e+06,3.42567739e+05
-8.00000000e-03,-8.00000000e-02,-8.51429646e+03,-1.05048785e+06,2.30193783e+05
-4.00000000e-03,-8.00000000e-02,-4.27556139e+03,-1.06428706e+06,1.15635208e+05
0.00000000e+00,-8.00000000e-02,0.00000000e+00,-1.06889035e+06,-0.00000000e+00
4.00000000e-03,-8.00000000e-02,4.27556139e+03,-1.06428706e+06,-1.15635208e+05
8.00000000e-03,-8.00000000e-02,8.51429646e+03,-1.05048785e+06,-2.30193783e+05
1.20000000e-02,-8.00000000e-02,1.26794642e+04,-1.02753248e+06,-3.42567739e+05
1.60000000e-02,-8.00000000e-02,1.67345563e+04,-9.95512222e+05,-4.51592653e+05
2.00000000e-02,-8.00000000e-02,2.06435619e+04,-9.54604236e+05,-5.56034679e+05
2.40000000e-02,-8.00000000e-02,2.43713902e+04,-9.05113455e+05,-6.54594561e+05
2.80000000e-02,-8.00000000e-02,2.78844696e+04,-8.47515951e+05,-7.45931873e+05
3.20000000e-02,-8.00000000e-02,3.11515178e+04,-7.82496583e+05,-8.28710357e+05
3.60000000e-02,-8.00000000e-02,3.41444422e+04,-7.10973398e+05,-9.01662080e+05
4.00000000e-02,-8.00000000e-02,3.68393050e+04,-6.34102051e+05,-9.63664744e+05
4.40000000e-02,-8.00000000e-02,3.92172587e+04,-5.53255693e+05,-1.01382328e+06
4.80000000e-02,-8.00000000e-02,4.12653505e+04,-4.69979177e+05,-1.05154475e+06
5.20000000e-02,-8.00000000e-02,4.29770921e+04,-3.85920523e+05,-1.07659547e+06
5.60000000e-02,-8.00000000e-02,4.43527147e+04,-3.02746634e+05,-1.08913086e+06
6.00000000e-02,-8.00000000e-02,4.53990651e+04,-2.22053112e+05,-1.08969292e+06
6.40000000e-02,-8.00000000e-02,4.61291396e+04,-1.45279185e+05,-1.07917494e+06
6.80000000e-02,-8.00000000e-02,4.65612986e+04,-7.36377154e+04,-1.05875835e+06
7.20000000e-02,-8.00000000e-02,4.67182413e+04,-8.06744887e+03,-1.02983069e+06
7.60000000e-02,-8.00000000e-02,4.66258382e+04,5.07891983e+04,-9.93895196e+05
8.00000000e-02,-8.00000000e-02,4.63119277e+04,1.02583511e+05,-9.52482918e+05
8.40000000e-02,-8.00000000e-02,4.58051701e+04,1.47236927e+05,-9.07075581e+05
8.80000000e-02,-8.00000000e-02,4.51340323e+04,1.84902476e+05,-8.59044954e+05
9.20000000e-02,-8.00000000e-02,4.43259503e+04,2.15917753e+05,-8.09610934e+05
9.60000000e-02,-8.00000000e-02,4.34066903e+04,2.40755450e+05,-7.59817926e+05
1.00000000e-01,-8.00000000e-02,4.23999067e+04,2.59976244e+05,-7.10527122e+05
1.04000000e-01,-8.00000000e-02,4.13268803e+04,2.74187296e+05,-6.62421242e+05
1.08000000e-01,-8.00000000e-02,4.02064083e+04,2.84008127e+05,-6.16018038e+05
1.12000000e-01,-8.00000000e-02,3.90548153e+04,2.90044353e+05,-5.71689109e+05
1.16000000e-01,-8.00000000e-02,3.78860535e+04,2.92868943e+05,-5.29681201e+05
1.20000000e-01,-8.00000000e-02,3.67118638e+04,2.93010038e+05,-4.90137827e+05
1.24000000e-01,-8.00000000e-02,3.55419732e+04,2.90944181e+05,-4.53119753e+05
1.28000000e-01,-8.00000000e-02,3.43843103e+04,2.87093723e+05,-4.18623472e+05
1.32000000e-01,-8.00000000e-02,3.32452234e+04,2.81827281e+05,-3.86597209e+05
1.36000000e-01,-8.00000000e-02,3.21296921e+04,2.75462268e+05,-3.56954378e+05
1.40000000e-01,-8.00000000e-02,3.10415253e+04,2.68268736e+05,-3.29584577e+05
1.44000000e-01,-8.00000000e-02,2.99835422e+04,2.60473901e+05,-3.04362352e+05
1.48000000e-01,-8.00000000e-02,2.89577341e+04,2.52266947e+05,-2.81154015e+05
1.52000000e-01,-8.00000000e-02,2.79654066e+04,2.43803777e+05,-2.59822831e+05
1.56000000e-01,-8.00000000e-02,2.70073039e+04,2.35211531e+05,-2.40232839e+05
1.60000000e-01,-8.00000000e-02,2.60837144e+04,2.26592755e+05,-2.22251597e+05
1.64000000e-01,-8.00000000e-02,2.51945618e+04,2.18029149e+05,-2.05752060e+05
1.68000000e-01,-8.00000000e-02,2.43394812e+04,2.09584896e+05,-1.90613798e+05
1.72000000e-01,-8.00000000e-02,2.35178827e+04,2.01309562e+05,-1.76723699e+05
1.76000000e-01,-8.00000000e-02,2.27290047e+04,1.93240605e+05,-1.63976304e+05
1.80000000e-01,-8.00000000e-02,2.19719578e+04,1.85405515e+05,-1.52273858e+05
1.84000000e-01,-8.00000000e-02,2.12457606e+04,1.77823638e+05,-1.41526170e+05
1.88000000e-01,-8.00000000e-02,2.05493687e+04,1.70507709e+05,-1.31650337e+05
1.92000000e-01,-8.00000000e-02,1.98816989e+04,1.63465136e+05,-1.22570383e+05
1.96000000e-01,-8.00000000e-02,1.92416476e+04,1.56699073e+05,-1.14216843e+05
2.00000000e-01,-8.00000000e-02,1.86281063e+04,nan,nan
-2.00000000e-01,-7.60000000e-02,-1.90521633e+04,nan,nan
-1.96000000e-01,-7.60000000e-02,-1.96966843e+04,1.64783342e+05,1.13083135e+05
-1.92000000e-01,-7.60000000e-02,-2.03704300e+04,1.72261330e+05,1.21557837e+05
-1.88000000e-01,-7.60000000e-02,-2.10747749e+04,1.80085590e+05,1.30795021e+05
-1.84000000e-01,-7.60000000e-02,-2.18111148e+04,1.88259858e+05,1.40871380e+05
-1.80000000e-01,-7.60000000e-02,-2.25808538e+04,1.96784146e+05,1.51871462e+05
-1.76000000e-01,-7.60000000e-02,-2.33853879e+04,2.05653643e+05,1.63888321e+05
-1.72000000e-01,-7.60000000e-02,-2.42260829e+04,2.14857381e+05,1.77024151e+05
-1.68000000e-01,-7.60000000e-02,-2.51042470e+04,2.24376601e+05,1.91390875e+05
-1.64000000e-01,-7.60000000e-02,-2.60210957e+04,2.34182784e+05,2.07110637e+05
-1.60000000e-01,-7.60000000e-02,-2.69777092e+04,2.44235288e+05,2.24316144e+05
-1.56000000e-01,-7.60000000e-02,-2.79749780e+04,2.54478521e+05,2.43150759e+05
-1.52000000e-01,-7.60000000e-02,-2.90135374e+04,2.64838600e+05,2.63768260e+05
-1.48000000e-01,-7.60000000e-02,-3.00936868e+04,2.75219427e+05,2.86332086e+05
-1.44000000e-01,-7.60000000e-02,-3.12152928e+04,2.85498149e+05,3.11013920e+05
-1.40000000e-01,-7.60000000e-02,-3.23776720e+04,2.95519968e+05,3.37991346e+05
-1.36000000e-01,-7.60000000e-02,-3.35794526e+04,3.05092312e+05,3.67444309e+05
-1.32000000e-01,-7.60000000e-02,-3.48184105e+04,3.13978455e+05,3.99550020e+05
-1.28000000e-01,-7.60000000e-02,-3.60912802e+04,3.21890729e+05,4.34475907e+05
-1.24000000e-01,-7.60000000e-02,-3.73935364e+04,3.28483639e+05,4.72370148e+05
-1.20000000e-01,-7.60000000e-02,-3.87191493e+04,3.33347326e+05,5.13349322e+05
-1.16000000e-01,-7.60000000e-02,-4.00603150e+04,3.36002070e+05,5.57482698e+05
-1.12000000e-01,-7.60000000e-02,-4.14071659e+04,3.35894774e+05,6.04772836e+05
-1.08000000e-01,-7.60000000e-02,-4.27474732e+04,3.32398701e+05,6.55132311e+05
-1.04000000e-01,-7.60000000e-02,-4.40663555e+04,3.24818000e+05,7.08356811e+05
-1.00000000e-01,-7.60000000e-02,-4.53460172e+04,3.12398863e+05,7.64095381e+05
-9.60000000e-02,-7.60000000e-02,-4.65655464e+04,2.94349228e+05,8.21819390e+05
-9.20000000e-02,-7.60000000e-02,-4.77008110e+04,2.69868809e+05,8.80792840e+05
-8.80000000e-02,-7.60000000e-02,-4.87244969e+04,2.38190669e+05,9.40047741e+05
-8.40000000e-02,-7.60000000e-02,-4.96063364e+04,1.98634447e+05,9.98369479e+05
-8.00000000e-02,-7.60000000e-02,-5.03135724e+04,1.50669631e+05,1.05429784e+06
-7.60000000e-02,-7.60000000e-02,-5.08116934e+04,9.39849650e+04,1.10614953e+06
-7.20000000e-02,-7.60000000e-02,-5.10654522e+04,2.85575447e+04,1.15206681e+06
-6.80000000e-02,-7.60000000e-02,-5.10401538e+04,-4.52872406e+04,1.19009459e+06
-6.40000000e-02,-7.60000000e-02,-5.07031542e+04,-1.26835080e+05,1.21828374e+06
-6.00000000e-02,-7.60000000e-02,-5.00254731e+04,-2.14971256e+05,1.23481374e+06
-5.60000000e-02,-7.60000000e-02,-4.89833842e+04,-3.08205454e+05,1.23812200e+06
-5.20000000e-02,-7.60000000e-02,-4.75598295e+04,-4.04735108e+05,1.22702368e+06
-4.80000000e-02,-7.60000000e-02,-4.57455033e+04,-5.02543062e+05,1.20080473e+06
-4.40000000e-02,-7.60000000e-02,-4.35394850e+04,-5.99518816e+05,1.15927354e+06
-4.00000000e-02,-7.60000000e-02,-4.09493528e+04,-6.93587806e+05,1.10276311e+06
-3.60000000e-02,-7.60000000e-02,-3.79907825e+04,-7.82831361e+05,1.03208396e+06
-3.20000000e-02,-7.60000000e-02,-3.46867019e+04,-8.65581868e+05,9.48436575e+05
-2.80000000e-02,-7.60000000e-02,-3.10661276e+04,-9.40482630e+05,8.53298458e+05
-2.40000000e-02,-7.60000000e-02,-2.71628409e+04,-1.00650855e+06,7.48303775e+05
-2.00000000e-02,-7.60000000e-02,-2.30140592e+04,-1.06295041e+06,6.35132336e+05
-1.60000000e-02,-7.60000000e-02,-1.86592376e+04,-1.10937056e+06,5.15420969e+05
-1.20000000e-02,-7.60000000e-02,-1.41390947e+04,-1.14554099e+06,3.90704847e+05
-8.00000000e-03,-7.60000000e-02,-9.49490966e+03,-1.17137511e+06,2.62390924e+05
-4.00000000e-03,-7.60000000e-02,-4.76809380e+03,-1.18686371e+06,1.31761156e+05
0.00000000e+00,-7.60000000e-02,0.00000000e+00,-1.19202345e+06,-0.00000000e+00
4.00000000e-03,-7.60000000e-02,4.76809380e+03,-1.18686371e+06,-1.31761156e+05
8.00000000e-03,-7.60000000e-02,9.49490966e+03,-1.17137511e+06,-2.62390924e+05
1.20000000e-02,-7.60000000e-02,1.41390947e+04,-1.14554099e+06,-3.90704847e+05
1.60000000e-02,-7.60000000e-02,1.86592376e+04,-1.10937056e+06,-5.15420969e+05
2.00000000e-02,-7.60000000e-02,2.30140592e+04,-1.06295041e+06,-6.35132336e+05
2.40000000e-02,-7.60000000e-02,2.71628409e+04,-1.00650855e+06,-7.48303775e+05
2.80000000e-02,-7.60000000e-02,3.10661276e+04,-9.40482630e+05,-8.53298458e+05
3.20000000e-02,-7.60000000e-02,3.46867019e+04,-8.65581868e+05,-9.48436575e+05
3.60000000e-02,-7.60000000e-02,3.79907825e+04,-7.82831361e+05,-1.03208396e+06
4.00000000e-02,-7.60000000e-02,4.09493528e+04,-6.93587806e+05,-1.10276311e+06
4.40000000e-02,-7.60000000e-02,4.35394850e+04,-5.99518816e+05,-1.15927354e+06
4.80000000e-02,-7.60000000e-02,4.57455033e+04,-5.02543062e+05,-1.20080473e+06
5.20000000e-02,-7.60000000e-02,4.75598295e+04,-4.04735108e+05,-1.22702368e+06
5.60000000e-02,-7.60000000e-02,4.89833842e+04,-3.08205454e+05,-1.23812200e+06
6.00000000e-02,-7.60000000e-02,5.00254731e+04,-2.14971256e+05,-1.23481374e+06
6.40000000e-02,-7.60000000e-02,5.07031542e+04,-1.26835080e+05,-1.21828374e+06
6.80000000e-02,-7.60000000e-02,5.10401538e+04,-4.52872406e+04,-1.19009459e+06
7.20000000e-02,-7.60000000e-02,5.10654522e+04,2.85575447e+04,-1.15206681e+06
7.60000000e-02,-7.60000000e-02,5.08116934e+04,9.39849650e+04,-1.10614953e+06
8.00000000e-02,-7.60000000e-02,5.03135724e+04,1.50669631e+05,-1.05429784e+06
8.40000000e-02,-7.60000000e-02,4.96063364e+04,1.98634447e+05,-9.98369479e+05
8.80000000e-02,-7.60000000e-02,4.87244969e+04,2.38190669e+05,-9.40047741e+05
9.20000000e-02,-7.60000000e-02,4.77008110e+04,2.69868809e+05,-8.80792840e+05
9.60000000e-02,-7.60000000e-02,4.65655464e+04,2.94349228e+05,-8.21819390e+05
1.00000000e-01,-7.60000000e-02,4.53460172e+04,3.12398863e+05,-7.64095381e+05
1.04000000e-01,-7.60000000e-02,4.40663555e+04,3.24818000e+05,-7.08356811e+05
1.08000000e-01,-7.60000000e-02,4.27474732e+04,3.32398701e+05,-6.55132311e+05
1.12000000e-01,-7.60000000e-02,4.14071659e+04,3.35894774e+05,-6.04772836e+05
1.16000000e-01,-7.60000000e-02,4.00603150e+04,3.36002070e+05,-5.57482698e+05
1.20000000e-01,-7.60000000e-02,3.87191493e+04,3.33347326e+05,-5.13349322e+05
1.24000000e-01,-7.60000000e-02,3.73935364e+04,3.28483639e+05,-4.72370148e+05
1.28000000e-01,-7.60000000e-02,3.60912802e+04,3.21890729e+05,-4.34475907e+05
1.32000000e-01,-7.60000000e-02,3.48184105e+04,3.13978455e+05,-3.99550020e+05
1.36000000e-01,-7.60000000e-02,3.35794526e+04,3.05092312e+05,-3.67444309e+05
1.40000000e-01,-7.60000000e-02,3.23776720e+04,2.95519968e+05,-3.37991346e+05
1.44000000e-01,-7.60000000e-02,3.12152928e+04,2.85498149e+05,-3.11013920e+05
1.48000000e-01,-7.60000000e-02,3.00936868e+04,2.75219427e+05,-2.86332086e+05
1.52000000e-01,-7.60000000e-02,2.90135374e+04,2.64838600e+05,-2.63768260e+05
1.56000000e-01,-7.60000000e-02,2.79749780e+04,2.54478521e+05,-2.43150759e+05
1.60000000e-01,-7.60000000e-02,2.69777092e+04,2.44235288e+05,-2.24316144e+05
1.64000000e-01,-7.60000000e-02,2.60210957e+04,2.34182784e+05,-2.07110637e+05
1.68000000e-01,-7.60000000e-02,2.51042470e+04,2.24376601e+05,-1.91390875e+05
1.72000000e-01,-7.60000000e-02,2.42260829e+04,2.14857381e+05,-1.77024151e+05
1.76000000e-01,-7.60000000e-02,2.33853879e+04,2.05653643e+05,-1.63888321e+05
1.80000000e-01,-7.60000000e-02,2.25808538e+04,1.96784146e+05,-1.51871462e+05
1.84000000e-01,-7.60000000e-02,2.18111148e+04,1.88259858e+05,-1.40871380e+05
1.88000000e-01,-7.60000000e-02,2.10747749e+04,1.80085590e+05,-1.30795021e+05
1.92000000e-01,-7.60000000e-02,2.03704300e+04,1.72261330e+05,-1.21557837e+05
1.96000000e-01,-7.60000000e-02,1.96966843e+04,1.64783342e+05,-1.13083135e+05
2.00000000e-01,-7.60000000e-02,1.90521633e+04,nan,nan
-2.00000000e-01,-7.20000000e-02,-1.94705178e+04,nan,nan
-1.96000000e-01,-7.20000000e-02,-2.01463127e+04,1.72955478e+05,1.11499372e+05
-1.92000000e-01,-7.20000000e-02,-2.08541616e+04,1.81177022e+05,1.20054677e+05
-1.88000000e-01,-7.20000000e-02,-2.15957289e+04,1.89821252e+05,1.29405258e+05
-1.84000000e-01,-7.20000000e-02,-2.23727316e+04,1.98900080e+05,1.39634983e+05
-1.80000000e-01,-7.20000000e-02,-2.31869295e+04,2.08422456e+05,1.50837005e+05
-1.76000000e-01,-7.20000000e-02,-2.40401112e+04,2.18393294e+05,1.63114688e+05
-1.72000000e-01,-7.20000000e-02,-2.49340759e+04,2.28812116e+05,1.76582561e+05
-1.68000000e-01,-7.20000000e-02,-2.58706082e+04,2.39671382e+05,1.91367289e+05
-1.64000000e-01,-7.20000000e-02,-2.68514469e+04,2.50954418e+05,2.07608594e+05
-1.60000000e-01,-7.20000000e-02,-2.78782435e+04,2.62632877e+05,2.25460098e+05
-1.56000000e-01,-7.20000000e-02,-2.89525099e+04,2.74663647e+05,2.45089990e+05
-1.52000000e-01,-7.20000000e-02,-3.00755527e+04,2.86985104e+05,2.66681403e+05
-1.48000000e-01,-7.20000000e-02,-3.12483908e+04,2.99512608e+05,2.90432353e+05
-1.44000000e-01,-7.20000000e-02,-3.24716536e+04,3.12133161e+05,3.16555035e+05
-1.40000000e-01,-7.20000000e-02,-3.37454560e+04,3.24699125e+05,3.45274191e+05
-1.36000000e-01,-7.20000000e-02,-3.50692466e+04,3.37020943e+05,3.76824224e+05
-1.32000000e-01,-7.20000000e-02,-3.64416236e+04,3.48858879e+05,4.11444597e+05
-1.28000000e-01,-7.20000000e-02,-3.78601176e+04,3.59913852e+05,4.49372992e+05
-1.24000000e-01,-7.20000000e-02,-3.93209344e+04,3.69817595e+05,4.90835583e+05
-1.20000000e-01,-7.20000000e-02,-4.08186584e+04,3.78122588e+05,5.36033696e+05
-1.16000000e-01,-7.20000000e-02,-4.23459151e+04,3.84292458e+05,5.85126075e+05
-1.12000000e-01,-7.20000000e-02,-4.38929980e+04,3.87693966e+05,6.38206022e+05
-1.08000000e-01,-7.20000000e-02,-4.54474668e+04,3.87592102e+05,6.95272808e+05
-1.04000000e-01,-7.20000000e-02,-4.69937348e+04,3.83150366e+05,7.56197158e+05
-1.00000000e-01,-7.20000000e-02,-4.85126698e+04,3.73438822e+05,8.20681239e+05
-9.60000000e-02,-7.20000000e-02,-4.99812454e+04,3.57452909e+05,8.88214644e+05
-9.20000000e-02,-7.20000000e-02,-5.13722930e+04,3.34146104e+05,9.58029264e+05
-8.80000000e-02,-7.20000000e-02,-5.26544142e+04,3.02479115e+05,1.02905780e+06
-8.40000000e-02,-7.20000000e-02,-5.37921260e+04,2.61487029e+05,1.09990268e+06
-8.00000000e-02,-7.20000000e-02,-5.47463105e+04,2.10363560e+05,1.16882384e+06
-7.60000000e-02,-7.20000000e-02,-5.54750344e+04,1.48558168e+05,1.23375503e+06
-7.20000000e-02,-7.20000000e-02,-5.59347758e+04,7.58776116e+04,1.29235725e+06
-6.80000000e-02,-7.20000000e-02,-5.60820553e+04,-7.42078792e+03,1.34211508e+06
-6.40000000e-02,-7.20000000e-02,-5.58754095e+04,-1.00560032e+05,1.38047546e+06
-6.00000000e-02,-7.20000000e-02,-5.52775751e+04,-2.02214854e+05,1.40502015e+06
-5.60000000e-02,-7.20000000e-02,-5.42576907e+04,-3.10536695e+05,1.41365388e+06
-5.20000000e-02,-7.20000000e-02,-5.27932815e+04,-4.23237794e+05,1.40478274e+06
-4.80000000e-02,-7.20000000e-02,-5.08717883e+04,-5.37729321e+05,1.37745458e+06
-4.40000000e-02,-7.20000000e-02,-4.84914470e+04,-6.51297312e+05,1.33143695e+06
-4.00000000e-02,-7.20000000e-02,-4.56614098e+04,-7.61291623e+05,1.26721850e+06
-3.60000000e-02,-7.20000000e-02,-4.24011140e+04,-8.65299933e+05,1.18593429e+06
-3.20000000e-02,-7.20000000e-02,-3.87390104e+04,-9.61282090e+05,1.08922956e+06
-2.80000000e-02,-7.20000000e-02,-3.47108572e+04,-1.04764875e+06,9.79087428e+05
-2.40000000e-02,-7.20000000e-02,-3.03578204e+04,-1.12327958e+06,8.57649319e+05
-2.00000000e-02,-7.20000000e-02,-2.57246206e+04,-1.18748704e+06,7.27054553e+05
-1.60000000e-02,-7.20000000e-02,-2.08579240e+04,-1.23993971e+06,5.89317856e+05
-1.20000000e-02,-7.20000000e-02,-1.58051029e+04,-1.28056252e+06,4.46254408e+05
-8.00000000e-03,-7.20000000e-02,-1.06134238e+04,-1.30943154e+06,2.99453420e+05
-4.00000000e-03,-7.20000000e-02,-5.32965064e+03,-1.32667798e+06,1.50294843e+05
0.00000000e+00,-7.20000000e-02,0.00000000e+00,-1.33241266e+06,-0.00000000e+00
4.00000000e-03,-7.20000000e-02,5.32965064e+03,-1.32667798e+06,-1.50294843e+05
8.00000000e-03,-7.20000000e-02,1.06134238e+04,-1.30943154e+06,-2.99453420e+05
1.20000000e-02,-7.20000000e-02,1.58051029e+04,-1.28056252e+06,-4.46254408e+05
1.60000000e-02,-7.20000000e-02,2.08579240e+04,-1.23993971e+06,-5.89317856e+05
2.00000000e-02,-7.20000000e-02,2.57246206e+04,-1.18748704e+06,-7.27054553e+05
2.40000000e-02,-7.20000000e-02,3.03578204e+04,-1.12327958e+06,-8.57649319e+05
2.80000000e-02,-7.20000000e-02,3.47108572e+04,-1.04764875e+06,-9.79087428e+05
3.20000000e-02,-7.20000000e-02,3.87390104e+04,-9.61282090e+05,-1.08922956e+06
3.60000000e-02,-7.20000000e-02,4.24011140e+04,-8.65299933e+05,-1.18593429e+06
4.00000000e-02,-7.20000000e-02,4.56614098e+04,-7.61291623e+05,-1.26721850e+06
4.40000000e-02,-7.20000000e-02,4.84914470e+04,-6.51297312e+05,-1.33143695e+06
4.80000000e-02,-7.20000000e-02,5.08717883e+04,-5.37729321e+05,-1.37745458e+06
5.20000000e-02,-7.20000000e-02,5.27932815e+04,-4.23237794e+05,-1.40478274e+06
5.60000000e-02,-7.20000000e-02,5.42576907e+04,-3.10536695e+05,-1.41365388e+06
6.00000000e-02,-7.20000000e-02,5.52775751e+04,-2.02214854e+05,-1.40502015e+06
6.40000000e-02,-7.20000000e-02,5.58754095e+04,-1.00560032e+05,-1.38047546e+06
6.80000000e-02,-7.20000000e-02,5.60820553e+04,-7.42078792e+03,-1.34211508e+06
7.20000000e-02,-7.20000000e-02,5.59347758e+04,7.58776116e+04,-1.29235725e+06
7.60000000e-02,-7.20000000e-02,5.54750344e+04,1.48558168e+05,-1.23375503e+06
8.00000000e-02,-7.20000000e-02,5.47463105e+04,2.10363560e+05,-1.16882384e+06
8.40000000e-02,-7.20000000e-02,5.37921260e+04,2.61487029e+05,-1.09990268e+06
8.80000000e-02,-7.20000000e-02,5.26544142e+04,3.02479115e+05,-1.02905780e+06
9.20000000e-02,-7.20000000e-02,5.13722930e+04,3.34146104e+05,-9.58029264e+05
9.60000000e-02,-7.20000000e-02,4.99812454e+04,3.57452909e+05,-8.88214644e+05
1.00000000e-01,-7.20000000e-02,4.85126698e+04,3.73438822e+05,-8.20681239e+05
1.04000000e-01,-7.20000000e-02,4.69937348e+04,3.83150366e+05,-7.56197158e+05
1.08000000e-01,-7.20000000e-02,4.54474668e+04,3.87592102e+05,-6.95272808e+05
1.12000000e-01,-7.20000000e-02,4.38929980e+04,3.87693966e+05,-6.38206022e+05
1.16000000e-01,-7.20000000e-02,4.23459151e+04,3.84292458e+05,-5.85126075e+05
1.20000000e-01,-7.20000000e-02,4.08186584e+04,3.78122588e+05,-5.36033696e+05
1.24000000e-01,-7.20000000e-02,3.93209344e+04,3.69817595e+05,-4.90835583e+05
1.28000000e-01,-7.20000000e-02,3.78601176e+04,3.59913852e+05,-4.49372992e+05
1.32000000e-01,-7.20000000e-02,3.64416236e+04,3.48858879e+05,-4.11444597e+05
1.36000000e-01,-7.20000000e-02,3.50692466e+04,3.37020943e+05,-3.76824224e+05
1.40000000e-01,-7.20000000e-02,3.37454560e+04,3.24699125e+05,-3.45274191e+05
1.44000000e-01,-7.20000000e-02,3.24716536e+04,3.12133161e+05,-3.16555035e+05
1.48000000e-01,-7.20000000e-02,3.12483908e+04,2.99512608e+05,-2.90432353e+05
1.52000000e-01,-7.20000000e-02,3.00755527e+04,2.86985104e+05,-2.66681403e+05
1.56000000e-01,-7.20000000e-02,2.89525099e+04,2.74663647e+05,-2.45089990e+05
1.60000000e-01,-7.20000000e-02,2.78782435e+04,2.62632877e+05,-2.25460098e+05
1.64000000e-01,-7.20000000e-02,2.68514469e+04,2.50954418e+05,-2.07608594e+05
1.68000000e-01,-7.20000000e-02,2.58706082e+04,2.39671382e+05,-1.91367289e+05
1.72000000e-01,-7.20000000e-02,2.49340759e+04,2.28812116e+05,-1.76582561e+05
1.76000000e-01,-7.20000000e-02,2.40401112e+04,2.18393294e+05,-1.63114688e+05
1.80000000e-01,-7.20000000e-02,2.31869295e+04,2.08422456e+05,-1.50837005e+05
1.84000000e-01,-7.20000000e-02,2.23727316e+04,1.98900080e+05,-1.39634983e+05
1.88000000e-01,-7.20000000e-02,2.15957289e+04,1.89821252e+05,-1.29405258e+05
1.92000000e-01,-7.20000000e-02,2.08541616e+04,1.81177022e+05,-1.20054677e+05
1.96000000e-01,-7.20000000e-02,2.01463127e+04,1.72955478e+05,-1.11499372e+05
2.00000000e-01,-7.20000000e-02,1.94705178e+04,nan,nan
-2.00000000e-01,-6.80000000e-02,-1.98814744e+04,nan,nan
-1.96000000e-01,-6.80000000e-02,-2.05886793e+04,1.81174133e+05,1.09440073e+05
-1.92000000e-01,-6.80000000e-02,-2.13308675e+04,1.90167216e+05,1.18030306e+05
-1.88000000e-01,-6.80000000e-02,-2.21100170e+04,1.99665896e+05,1.27444377e+05
-1.84000000e-01,-6.80000000e-02,-2.29281946e+04,2.09691605e+05,1.37773104e+05
-1.80000000e-01,-6.80000000e-02,-2.37875498e+04,2.20263850e+05,1.49118082e+05
-1.76000000e-01,-6.80000000e-02,-2.46903054e+04,2.31399200e+05,1.61592915e+05
-1.72000000e-01,-6.80000000e-02,-2.56387434e+04,2.43109983e+05,1.75324547e+05
-1.68000000e-01,-6.80000000e-02,-2.66351853e+04,2.55402633e+05,1.90454662e+05
-1.64000000e-01,-6.80000000e-02,-2.76819645e+04,2.68275592e+05,2.07141141e+05
-1.60000000e-01,-6.80000000e-02,-2.87813900e+04,2.81716684e+05,2.25559511e+05
-1.56000000e-01,-6.80000000e-02,-2.99356980e+04,2.95699826e+05,2.45904329e+05
-1.52000000e-01,-6.80000000e-02,-3.11469886e+04,3.10180963e+05,2.68390387e+05
-1.48000000e-01,-6.80000000e-02,-3.24171457e+04,3.25093059e+05,2.93253581e+05
-1.44000000e-01,-6.80000000e-02,-3.37477331e+04,3.40339987e+05,3.20751236e+05
-1.40000000e-01,-6.80000000e-02,-3.51398656e+04,3.55789157e+05,3.51161589e+05
-1.36000000e-01,-6.80000000e-02,-3.65940464e+04,3.71262718e+05,3.84782023e+05
-1.32000000e-01,-6.80000000e-02,-3.81099673e+04,3.86527223e+05,4.21925538e+05
-1.28000000e-01,-6.80000000e-02,-3.96862641e+04,4.01281716e+05,4.62914768e+05
-1.24000000e-01,-6.80000000e-02,-4.13202210e+04,4.15144343e+05,5.08072698e+05
-1.20000000e-01,-6.80000000e-02,-4.30074189e+04,4.27637818e+05,5.57709057e+05
-1.16000000e-01,-6.80000000e-02,-4.47413236e+04,4.38174396e+05,6.12101173e+05
-1.12000000e-01,-6.80000000e-02,-4.65128141e+04,4.46041508e+05,6.71468020e+05
-1.08000000e-01,-6.80000000e-02,-4.83096556e+04,4.50389837e+05,7.35936185e+05
-1.04000000e-01,-6.80000000e-02,-5.01159328e+04,4.50226431e+05,8.05496800e+05
-1.00000000e-01,-6.80000000e-02,-5.19114671e+04,4.44416349e+05,8.79953122e+05
-9.60000000e-02,-6.80000000e-02,-5.36712635e+04,4.31697253e+05,9.58859688e+05
-9.20000000e-02,-6.80000000e-02,-5.53650451e+04,4.10711970e+05,1.04145591e+06
-8.80000000e-02,-6.80000000e-02,-5.69569593e+04,3.80064087e+05,1.12659960e+06
-8.40000000e-02,-6.80000000e-02,-5.84055578e+04,3.38400487e+05,1.21270948e+06
-8.00000000e-02,-6.80000000e-02,-5.96641632e+04,2.84521982e+05,1.29772882e+06
-7.60000000e-02,-6.80000000e-02,-6.06817337e+04,2.17518371e+05,1.37912576e+06
-7.20000000e-02,-6.80000000e-02,-6.14043102e+04,1.36917591e+05,1.45394563e+06
-6.80000000e-02,-6.80000000e-02,-6.17770744e+04,4.28309665e+04,1.51892797e+06
-6.40000000e-02,-6.80000000e-02,-6.17469579e+04,-6.39300114e+04,1.57069201e+06
-6.00000000e-02,-6.80000000e-02,-6.12656343e+04,-1.81792834e+05,1.60598132e+06
-5.60000000e-02,-6.80000000e-02,-6.02926152e+04,-3.08442858e+05,1.62194174e+06
-5.20000000e-02,-6.80000000e-02,-5.87980914e+04,-4.40934404e+05,1.61639258e+06
-4.80000000e-02,-6.80000000e-02,-5.67651400e+04,-5.75888859e+05,1.58804400e+06
-4.40000000e-02,-6.80000000e-02,-5.41909806e+04,-7.09754896e+05,1.53661818e+06
-4.00000000e-02,-6.80000000e-02,-5.10871008e+04,-8.39090461e+05,1.46284970e+06
-3.60000000e-02,-6.80000000e-02,-4.74782569e+04,-9.60820302e+05,1.36836523e+06
-3.20000000e-02,-6.80000000e-02,-4.34005384e+04,-1.07242873e+06,1.25546843e+06
-2.80000000e-02,-6.80000000e-02,-3.88988270e+04,-1.17206287e+06,1.12687310e+06
-2.40000000e-02,-6.80000000e-02,-3.40240354e+04,-1.25854143e+06,9.85432545e+05
-2.00000000e-02,-6.80000000e-02,-2.88304956e+04,-1.33128187e+06,8.33906703e+05
-1.60000000e-02,-6.80000000e-02,-2.33737805e+04,-1.39017070e+06,6.74793693e+05
-1.20000000e-02,-6.80000000e-02,-1.77091300e+04,-1.43540543e+06,5.10236823e+05
-8.00000000e-03,-6.80000000e-02,-1.18905370e+04,-1.46733468e+06,3.42004237e+05
-4.00000000e-03,-6.80000000e-02,-5.97045254e+03,-1.48631713e+06,1.71529829e+05
0.00000000e+00,-6.80000000e-02,0.00000000e+00,-1.49261314e+06,-0.00000000e+00
4.00000000e-03,-6.80000000e-02,5.97045254e+03,-1.48631713e+06,-1.71529829e+05
8.00000000e-03,-6.80000000e-02,1.18905370e+04,-1.46733468e+06,-3.42004237e+05
1.20000000e-02,-6.80000000e-02,1.77091300e+04,-1.43540543e+06,-5.10236823e+05
1.60000000e-02,-6.80000000e-02,2.33737805e+04,-1.39017070e+06,-6.74793693e+05
2.00000000e-02,-6.80000000e-02,2.88304956e+04,-1.33128187e+06,-8.33906703e+05
2.40000000e-02,-6.80000000e-02,3.40240354e+04,-1.25854143e+06,-9.85432545e+05
2.80000000e-02,-6.80000000e-02,3.88988270e+04,-1.17206287e+06,-1.12687310e+06
3.20000000e-02,-6.80000000e-02,4.34005384e+04,-1.07242873e+06,-1.25546843e+06
3.60000000e-02,-6.80000000e-02,4.74782569e+04,-9.60820302e+05,-1.36836523e+06
4.00000000e-02,-6.80000000e-02,5.10871008e+04,-8.39090461e+05,-1.46284970e+06
4.40000000e-02,-6.80000000e-02,5.41909806e+04,-7.09754896e+05,-1.53661818e+06
4.80000000e-02,-6.80000000e-02,5.67651400e+04,-5.75888859e+05,-1.58804400e+06
5.20000000e-02,-6.80000000e-02,5.87980914e+04,-4.40934404e+05,-1.61639258e+06
5.60000000e-02,-6.80000000e-02,6.02926152e+04,-3.08442858e+05,-1.62194174e+06
6.00000000e-02,-6.80000000e-02,6.12656343e+04,-1.81792834e+05,-1.60598132e+06
6.40000000e-02,-6.80000000e-02,6.17469579e+04,-6.39300114e+04,-1.57069201e+06
6.80000000e-02,-6.80000000e-02,6.17770744e+04,4.28309665e+04,-1.51892797e+06
7.20000000e-02,-6.80000000e-02,6.14043102e+04,1.36917591e+05,-1.45394563e+06
7.60000000e-02,-6.80000000e-02,6.06817337e+04,2.17518371e+05,-1.37912576e+06
8.00000000e-02,-6.80000000e-02,5.96641632e+04,2.84521982e+05,-1.29772882e+06
8.40000000e-02,-6.80000000e-02,5.84055578e+04,3.38400487e+05,-1.21270948e+06
8.80000000e-02,-6.80000000e-02,5.69569593e+04,3.80064087e+05,-1.12659960e+06
9.20000000e-02,-6.80000000e-02,5.53650451e+04,4.10711970e+05,-1.04145591e+06
9.60000000e-02,-6.80000000e-02,5.36712635e+04,4.31697253e+05,-9.58859688e+05
1.00000000e-01,-6.80000000e-02,5.19114671e+04,4.44416349e+05,-8.79953122e+05
1.04000000e-01,-6.80000000e-02,5.01159328e+04,4.50226431e+05,-8.05496800e+05
1.08000000e-01,-6.80000000e-02,4.83096556e+04,4.50389837e+05,-7.35936185e+05
1.12000000e-01,-6.80000000e-02,4.65128141e+04,4.46041508e+05,-6.71468020e+05
1.16000000e-01,-6.80000000e-02,4.47413236e+04,4.38174396e+05,-6.12101173e+05
1.20000000e-01,-6.80000000e-02,4.30074189e+04,4.27637818e+05,-5.57709057e+05
1.24000000e-01,-6.80000000e-02,4.13202210e+04,4.15144343e+05,-5.08072698e+05
1.28000000e-01,-6.80000000e-02,3.96862641e+04,4.01281716e+05,-4.62914768e+05
1.32000000e-01,-6.80000000e-02,3.81099673e+04,3.86527223e+05,-4.21925538e+05
1.36000000e-01,-6.80000000e-02,3.65940464e+04,3.71262718e+05,-3.84782023e+05
1.40000000e-01,-6.80000000e-02,3.51398656e+04,3.55789157e+05,-3.51161589e+05
1.44000000e-01,-6.80000000e-02,3.37477331e+04,3.40339987e+05,-3.20751236e+05
1.48000000e-01,-6.80000000e-02,3.24171457e+04,3.25093059e+05,-2.93253581e+05
1.52000000e-01,-6.80000000e-02,3.11469886e+04,3.10180963e+05,-2.68390387e+05
1.56000000e-01,-6.80000000e-02,2.99356980e+04,2.95699826e+05,-2.45904329e+05
1.60000000e-01,-6.80000000e-02,2.87813900e+04,2.81716684e+05,-2.25559511e+05
1.64000000e-01,-6.80000000e-02,2.76819645e+04,2.68275592e+05,-2.07141141e+05
1.68000000e-01,-6.80000000e-02,2.66351853e+04,2.55402633e+05,-1.90454662e+05
1.72000000e-01,-6.80000000e-02,2.56387434e+04,2.43109983e+05,-1.75324547e+05
1.76000000e-01,-6.80000000e-02,2.46903054e+04,2.31399200e+05,-1.61592915e+05
1.80000000e-01,-6.80000000e-02,2.37875498e+04,2.20263850e+05,-1.49118082e+05
1.84000000e-01,-6.80000000e-02,2.29281946e+04,2.09691605e+05,-1.37773104e+05
1.88000000e-01,-6.80000000e-02,2.21100170e+04,1.99665896e+05,-1.27444377e+05
1.92000000e-01,-6.80000000e-02,2.13308675e+04,1.90167216e+05,-1.18030306e+05
1.96000000e-01,-6.80000000e-02,2.05886793e+04,1.81174133e+05,-1.09440073e+05
2.00000000e-01,-6.80000000e-02,1.98814744e+04,nan,nan
-2.00000000e-01,-6.40000000e-02,-2.02832578e+04,nan,nan
-1.96000000e-01,-6.40000000e-02,-2.10218333e+04,1.89393278e+05,1.06882482e+05
-1.92000000e-01,-6.40000000e-02,-2.17984040e+04,1.99181325e+05,1.15456956e+05
-1.88000000e-01,-6.40000000e-02,-2.26152839e+04,2.09564051e+05,1.24878590e+05
-1.84000000e-01,-6.40000000e-02,-2.34749164e+04,2.20573785e+05,1.35244731e+05
-1.80000000e-01,-6.40000000e-02,-2.43798742e+04,2.32242267e+05,1.46665018e+05
-1.76000000e-01,-6.40000000e-02,-2.53328546e+04,2.44599758e+05,1.59262957e+05
-1.72000000e-01,-6.40000000e-02,-2.63366722e+04,2.57673863e+05,1.73177660e+05
-1.68000000e-01,-6.40000000e-02,-2.73942455e+04,2.71487976e+05,1.88565754e+05
-1.64000000e-01,-6.40000000e-02,-2.85085760e+04,2.86059266e+05,2.05603436e+05
-1.60000000e-01,-6.40000000e-02,-2.96827196e+04,3.01396065e+05,2.24488661e+05
-1.56000000e-01,-6.40000000e-02,-3.09197446e+04,3.17494524e+05,2.45443392e+05
-1.52000000e-01,-6.40000000e-02,-3.22226758e+04,3.34334355e+05,2.68715843e+05
-1.48000000e-01,-6.40000000e-02,-3.35944194e+04,3.51873456e+05,2.94582562e+05
-1.44000000e-01,-6.40000000e-02,-3.50376634e+04,3.70041169e+05,3.23350153e+05
-1.40000000e-01,-6.40000000e-02,-3.65547488e+04,3.88729912e+05,3.55356336e+05
-1.36000000e-01,-6.40000000e-02,-3.81475027e+04,4.07784892e+05,3.90969918e+05
-1.32000000e-01,-6.40000000e-02,-3.98170279e+04,4.26991623e+05,4.30589072e+05
-1.28000000e-01,-6.40000000e-02,-4.15634357e+04,4.46061011e+05,4.74637129e+05
-1.24000000e-01,-6.40000000e-02,-4.33855160e+04,4.64611885e+05,5.23554804e+05
-1.20000000e-01,-6.40000000e-02,-4.52803308e+04,4.82151063e+05,5.77787487e+05
-1.16000000e-01,-6.40000000e-02,-4.72427245e+04,4.98051421e+05,6.37765902e+05
-1.12000000e-01,-6.40000000e-02,-4.92647422e+04,5.11528979e+05,7.03878106e+05
-1.08000000e-01,-6.40000000e-02,-5.13349563e+04,5.21620883e+05,7.76430634e+05
-1.04000000e-01,-6.40000000e-02,-5.34377092e+04,5.27167302e+05,8.55596603e+05
-1.00000000e-01,-6.40000000e-02,-5.55522947e+04,5.26801710e+05,9.41349108e+05
-9.60000000e-02,-6.40000000e-02,-5.76521229e+04,5.18955693e+05,1.03337952e+06
-9.20000000e-02,-6.40000000e-02,-5.97039403e+04,5.01886020e+05,1.13100262e+06
-8.80000000e-02,-6.40000000e-02,-6.16672111e+04,4.73732687e+05,1.23305429e+06
-8.40000000e-02,-6.40000000e-02,-6.34938018e+04,4.32616249e+05,1.33779273e+06
-8.00000000e-02,-6.40000000e-02,-6.51281411e+04,3.76779846e+05,1.44282049e+06
-7.60000000e-02,-6.40000000e-02,-6.65080405e+04,3.04774979e+05,1.54505075e+06
-7.20000000e-02,-6.40000000e-02,-6.75663409e+04,2.15679818e+05,1.64074509e+06
-6.80000000e-02,-6.40000000e-02,-6.82334791e+04,1.09325589e+05,1.72564771e+06
-6.40000000e-02,-6.40000000e-02,-6.84409456e+04,-1.35066812e+04,1.79523051e+06
-6.00000000e-02,-6.40000000e-02,-6.81254256e+04,-1.50965130e+05,1.84504186e+06
-5.60000000e-02,-6.40000000e-02,-6.72332246e+04,-3.00125432e+05,1.87112365e+06
-5.20000000e-02,-6.40000000e-02,-6.57244222e+04,-4.57135530e+05,1.87043277e+06
-4.80000000e-02,-6.40000000e-02,-6.35761403e+04,-6.17503719e+05,1.84118668e+06
-4.40000000e-02,-6.40000000e-02,-6.07843924e+04,-7.76491609e+05,1.78305822e+06
-4.00000000e-02,-6.40000000e-02,-5.73642075e+04,-9.29544581e+05,1.69717434e+06
-3.60000000e-02,-6.40000000e-02,-5.33480358e+04,-1.07268120e+06,1.58591910e+06
-3.20000000e-02,-6.40000000e-02,-4.87827578e+04,-1.20277422e+06,1.45258725e+06
-2.80000000e-02,-6.40000000e-02,-4.37258420e+04,-1.31768464e+06,1.30096427e+06
-2.40000000e-02,-6.40000000e-02,-3.82412807e+04,-1.41624597e+06,1.13491429e+06
-2.00000000e-02,-6.40000000e-02,-3.23958743e+04,-1.49812589e+06,9.58041232e+05
-1.60000000e-02,-6.40000000e-02,-2.62562736e+04,-1.56360959e+06,7.73460524e+05
-1.20000000e-02,-6.40000000e-02,-1.98869975e+04,-1.61335198e+06,5.83690210e+05
-8.00000000e-03,-6.40000000e-02,-1.33494577e+04,-1.64813853e+06,3.90649638e+05
-4.00000000e-03,-6.40000000e-02,-6.70188927e+03,-1.66868222e+06,1.95742678e+05
0.00000000e+00,-6.40000000e-02,0.00000000e+00,-1.67547232e+06,-0.00000000e+00
4.00000000e-03,-6.40000000e-02,6.70188927e+03,-1.66868222e+06,-1.95742678e+05
8.00000000e-03,-6.40000000e-02,1.33494577e+04,-1.64813853e+06,-3.90649638e+05
1.20000000e-02,-6.40000000e-02,1.98869975e+04,-1.61335198e+06,-5.83690210e+05
1.60000000e-02,-6.40000000e-02,2.62562736e+04,-1.56360959e+06,-7.73460524e+05
2.00000000e-02,-6.40000000e-02,3.23958743e+04,-1.49812589e+06,-9.58041232e+05
2.40000000e-02,-6.40000000e-02,3.82412807e+04,-1.41624597e+06,-1.13491429e+06
2.80000000e-02,-6.40000000e-02,4.37258420e+04,-1.31768464e+06,-1.30096427e+06
3.20000000e-02,-6.40000000e-02,4.87827578e+04,-1.20277422e+06,-1.45258725e+06
3.60000000e-02,-6.40000000e-02,5.33480358e+04,-1.07268120e+06,-1.58591910e+06
4.00000000e-02,-6.40000000e-02,5.73642075e+04,-9.29544581e+05,-1.69717434e+06
4.40000000e-02,-6.40000000e-02,6.07843924e+04,-7.76491609e+05,-1.78305822e+06
4.80000000e-02,-6.40000000e-02,6.35761403e+04,-6.17503719e+05,-1.84118668e+06
5.20000000e-02,-6.40000000e-02,6.57244222e+04,-4.57135530e+05,-1.87043277e+06
5.60000000e-02,-6.40000000e-02,6.72332246e+04,-3.00125432e+05,-1.87112365e+06
6.00000000e-02,-6.40000000e-02,6.81254256e+04,-1.50965130e+05,-1.84504186e+06
6.40000000e-02,-6.40000000e-02,6.84409456e+04,-1.35066812e+04,-1.79523051e+06
6.80000000e-02,-6.40000000e-02,6.82334791e+04,1.09325589e+05,-1.72564771e+06
7.20000000e-02,-6.40000000e-02,6.75663409e+04,2.15679818e+05,-1.64074509e+06
7.60000000e-02,-6.40000000e-02,6.65080405e+04,3.04774979e+05,-1.54505075e+06
8.00000000e-02,-6.40000000e-02,6.51281411e+04,3.76779846e+05,-1.44282049e+06
8.40000000e-02,-6.40000000e-02,6.34938018e+04,4.32616249e+05,-1.33779273e+06
8.80000000e-02,-6.40000000e-02,6.16672111e+04,4.73732687e+05,-1.23305429e+06
9.20000000e-02,-6.40000000e-02,5.97039403e+04,5.01886020e+05,-1.13100262e+06
9.60000000e-02,-6.40000000e-02,5.76521229e+04,5.18955693e+05,-1.03337952e+06
1.00000000e-01,-6.40000000e-02,5.55522947e+04,5.26801710e+05,-9.41349108e+05
1.04000000e-01,-6.40000000e-02,5.34377092e+04,5.27167302e+05,-8.55596603e+05
1.08000000e-01,-6.40000000e-02,5.13349563e+04,5.21620883e+05,-7.76430634e+05
1.12000000e-01,-6.40000000e-02,4.92647422e+04,5.11528979e+05,-7.03878106e+05
1.16000000e-01,-6.40000000e-02,4.72427245e+04,4.98051421e+05,-6.37765902e+05
1.20000000e-01,-6.40000000e-02,4.52803308e+04,4.82151063e+05,-5.77787487e+05
1.24000000e-01,-6.40000000e-02,4.33855160e+04,4.64611885e+05,-5.23554804e+05
1.28000000e-01,-6.40000000e-02,4.15634357e+04,4.46061011e+05,-4.74637129e+05
1.32000000e-01,-6.40000000e-02,3.98170279e+04,4.26991623e+05,-4.30589072e+05
1.36000000e-01,-6.40000000e-02,3.81475027e+04,4.07784892e+05,-3.90969918e+05
1.40000000e-01,-6.40000000e-02,3.65547488e+04,3.88729912e+05,-3.55356336e+05
1.44000000e-01,-6.40000000e-02,3.50376634e+04,3.70041169e+05,-3.23350153e+05
1.48000000e-01,-6.40000000e-02,3.35944194e+04,3.51873456e+05,-2.94582562e+05
1.52000000e-01,-6.40000000e-02,3.22226758e+04,3.34334355e+05,-2.68715843e+05
1.56000000e-01,-6.40000000e-02,3.09197446e+04,3.17494524e+05,-2.45443392e+05
1.60000000e-01,-6.40000000e-02,2.96827196e+04,3.01396065e+05,-2.24488661e+05
1.64000000e-01,-6.40000000e-02,2.85085760e+04,2.86059266e+05,-2.05603436e+05
1.68000000e-01,-6.40000000e-02,2.73942455e+04,2.71487976e+05,-1.88565754e+05
1.72000000e-01,-6.40000000e-02,2.63366722e+04,2.57673863e+05,-1.73177660e+05
1.76000000e-01,-6.40000000e-02,2.53328546e+04,2.44599758e+05,-1.59262957e+05
1.80000000e-01,-6.40000000e-02,2.43798742e+04,2.32242267e+05,-1.46665018e+05
1.84000000e-01,-6.40000000e-02,2.34749164e+04,2.20573785e+05,-1.35244731e+05
1.88000000e-01,-6.40000000e-02,2.26152839e+04,2.09564051e+05,-1.24878590e+05
1.92000000e-01,-6.40000000e-02,2.17984040e+04,1.99181325e+05,-1.15456956e+05
1.96000000e-01,-6.40000000e-02,2.10218333e+04,1.89393278e+05,-1.06882482e+05
2.00000000e-01,-6.40000000e-02,2.02832578e+04,nan,nan
-2.00000000e-01,-6.00000000e-02,-2.06740240e+04,nan,nan
-1.96000000e-01,-6.00000000e-02,-2.14437391e+04,1.97562386e+05,1.03807280e+05
-1.92000000e-01,-6.00000000e-02,-2.22545231e+04,2.08163324e+05,1.12310540e+05
-1.88000000e-01,-6.00000000e-02,-2.31090457e+04,2.19453671e+05,1.21678005e+05
-1.84000000e-01,-6.00000000e-02,-2.40101525e+04,2.31478033e+05,1.32012910e+05
-1.80000000e-01,-6.00000000e-02,-2.49608700e+04,2.44282076e+05,1.43432282e+05
-1.76000000e-01,-6.00000000e-02,-2.59644091e+04,2.57911842e+05,1.56068870e+05
-1.72000000e-01,-6.00000000e-02,-2.70241647e+04,2.72412780e+05,1.70073338e+05
-1.68000000e-01,-6.00000000e-02,-2.81437113e+04,2.87828409e+05,1.85616726e+05
-1.64000000e-01,-6.00000000e-02,-2.93267920e+04,3.04198499e+05,2.02893186e+05
-1.60000000e-01,-6.00000000e-02,-3.05772993e+04,3.21556639e+05,2.22123012e+05
-1.56000000e-01,-6.00000000e-02,-3.18992451e+04,3.39927009e+05,2.43555919e+05
-1.52000000e-01,-6.00000000e-02,-3.32967154e+04,3.59320134e+05,2.67474532e+05
-1.48000000e-01,-6.00000000e-02,-3.47738062e+04,3.79727369e+05,2.94197980e+05
-1.44000000e-01,-6.00000000e-02,-3.63345343e+04,4.01113761e+05,3.24085426e+05
-1.40000000e-01,-6.00000000e-02,-3.79827163e+04,4.23408922e+05,3.57539243e+05
-1.36000000e-01,-6.00000000e-02,-3.97218057e+04,4.46495454e+05,3.95007439e+05
-1.32000000e-01,-6.00000000e-02,-4.15546799e+04,4.70194434e+05,4.36984692e+05
-1.28000000e-01,-6.00000000e-02,-4.34833612e+04,4.94247448e+05,4.84011103e+05
-1.24000000e-01,-6.00000000e-02,-4.55086595e+04,5.18294701e+05,5.36667413e+05
-1.20000000e-01,-6.00000000e-02,-4.76297188e+04,5.41848916e+05,5.95564973e+05
-1.16000000e-01,-6.00000000e-02,-4.98434508e+04,5.64265014e+05,6.61328202e+05
-1.12000000e-01,-6.00000000e-02,-5.21438389e+04,5.84706240e+05,7.34566636e+05
-1.08000000e-01,-6.00000000e-02,-5.45211007e+04,6.02108334e+05,8.15833097e+05
-1.04000000e-01,-6.00000000e-02,-5.69607056e+04,6.15144904e+05,9.05564038e+05
-1.00000000e-01,-6.00000000e-02,-5.94422599e+04,6.22199266e+05,1.00399818e+06
-9.60000000e-02,-6.00000000e-02,-6.19382997e+04,6.21350763e+05,1.11107047e+06
-9.20000000e-02,-6.00000000e-02,-6.44130661e+04,6.10386739e+05,1.22628090e+06
-8.80000000e-02,-6.00000000e-02,-6.68213936e+04,5.86854200e+05,1.34854249e+06
-8.40000000e-02,-6.00000000e-02,-6.91078997e+04,5.48166688e+05,1.47602024e+06
-8.00000000e-02,-6.00000000e-02,-7.12067271e+04,4.91780003e+05,1.60598376e+06
-7.60000000e-02,-6.00000000e-02,-7.30421397e+04,4.15442969e+05,1.73470826e+06
-7.20000000e-02,-6.00000000e-02,-7.45302709e+04,3.17514550e+05,1.85746921e+06
-6.80000000e-02,-6.00000000e-02,-7.55822561e+04,1.97316391e+05,1.96867902e+06
-6.40000000e-02,-6.00000000e-02,-7.61088020e+04,5.54641351e+04,2.06220213e+06
-6.00000000e-02,-6.00000000e-02,-7.60259692e+04,-1.05899696e+05,2.13185303e+06
-5.60000000e-02,-6.00000000e-02,-7.52616044e+04,-2.83051948e+05,2.17203116e+06
-5.20000000e-02,-6.00000000e-02,-7.37615536e+04,-4.70871376e+05,2.17839122e+06
-4.80000000e-02,-6.00000000e-02,-7.14946334e+04,-6.63263405e+05,2.14840881e+06
-4.40000000e-02,-6.00000000e-02,-6.84554463e+04,-8.53767234e+05,2.08170429e+06
-4.00000000e-02,-6.00000000e-02,-6.46644955e+04,-1.03622959e+06,1.98003935e+06
-3.60000000e-02,-6.00000000e-02,-6.01656096e+04,-1.20540739e+06,1.84698676e+06
-3.20000000e-02,-6.00000000e-02,-5.50212364e+04,-1.35738356e+06,1.68735950e+06
-2.80000000e-02,-6.00000000e-02,-4.93065412e+04,-1.48973584e+06,1.50653779e+06
-2.40000000e-02,-6.00000000e-02,-4.31033497e+04,-1.60146447e+06,1.30983504e+06
-2.00000000e-02,-6.00000000e-02,-3.64948255e+04,-1.69273563e+06,1.10200632e+06
-1.60000000e-02,-6.00000000e-02,-2.95614647e+04,-1.76452173e+06,8.86947362e+05
-1.20000000e-02,-6.00000000e-02,-2.23786516e+04,-1.81821632e+06,6.67582718e+05
-8.00000000e-03,-6.00000000e-02,-1.50157341e+04,-1.85528221e+06,4.45909895e+05
-4.00000000e-03,-6.00000000e-02,-7.53639397e+03,-1.87696676e+06,2.23155238e+05
0.00000000e+00,-6.00000000e-02,0.00000000e+00,-1.88409849e+06,-0.00000000e+00
4.00000000e-03,-6.00000000e-02,7.53639397e+03,-1.87696676e+06,-2.23155238e+05
8.00000000e-03,-6.00000000e-02,1.50157341e+04,-1.85528221e+06,-4.45909895e+05
1.20000000e-02,-6.00000000e-02,2.23786516e+04,-1.81821632e+06,-6.67582718e+05
1.60000000e-02,-6.00000000e-02,2.95614647e+04,-1.76452173e+06,-8.86947362e+05
2.00000000e-02,-6.00000000e-02,3.64948255e+04,-1.69273563e+06,-1.10200632e+06
2.40000000e-02,-6.00000000e-02,4.31033497e+04,-1.60146447e+06,-1.30983504e+06
2.80000000e-02,-6.00000000e-02,4.93065412e+04,-1.48973584e+06,-1.50653779e+06
3.20000000e-02,-6.00000000e-02,5.50212364e+04,-1.35738356e+06,-1.68735950e+06
3.60000000e-02,-6.00000000e-02,6.01656096e+04,-1.20540739e+06,-1.84698676e+06
4.00000000e-02,-6.00000000e-02,6.46644955e+04,-1.03622959e+06,-1.98003935e+06
4.40000000e-02,-6.00000000e-02,6.84554463e+04,-8.53767234e+05,-2.08170429e+06
4.80000000e-02,-6.00000000e-02,7.14946334e+04,-6.63263405e+05,-2.14840881e+06
5.20000000e-02,-6.00000000e-02,7.37615536e+04,-4.70871376e+05,-2.17839122e+06
5.60000000e-02,-6.00000000e-02,7.52616044e+04,-2.83051948e+05,-2.17203116e+06
6.00000000e-02,-6.00000000e-02,7.60259692e+04,-1.05899696e+05,-2.13185303e+06
6.40000000e-02,-6.00000000e-02,7.61088020e+04,5.54641351e+04,-2.06220213e+06
6.80000000e-02,-6.00000000e-02,7.55822561e+04,1.97316391e+05,-1.96867902e+06
7.20000000e-02,-6.00000000e-02,7.45302709e+04,3.17514550e+05,-1.85746921e+06
7.60000000e-02,-6.00000000e-02,7.30421397e+04,4.15442969e+05,-1.73470826e+06
8.00000000e-02,-6.00000000e-02,7.12067271e+04,4.91780003e+05,-1.60598376e+06
8.40000000e-02,-6.00000000e-02,6.91078997e+04,5.48166688e+05,-1.47602024e+06
8.80000000e-02,-6.00000000e-02,6.68213936e+04,5.86854200e+05,-1.34854249e+06
9.20000000e-02,-6.00000000e-02,6.44130661e+04,6.10386739e+05,-1.22628090e+06
9.60000000e-02,-6.00000000e-02,6.19382997e+04,6.21350763e+05,-1.11107047e+06
1.00000000e-01,-6.00000000e-02,5.94422599e+04,6.22199266e+05,-1.00399818e+06
1.04000000e-01,-6.00000000e-02,5.69607056e+04,6.15144904e+05,-9.05564038e+05
1.08000000e-01,-6.00000000e-02,5.45211007e+04,6.02108334e+05,-8.15833097e+05
1.12000000e-01,-6.00000000e-02,5.21438389e+04,5.84706240e+05,-7.34566636e+05
1.16000000e-01,-6.00000000e-02,4.98434508e+04,5.64265014e+05,-6.61328202e+05
1.20000000e-01,-6.00000000e-02,4.76297188e+04,5.41848916e+05,-5.95564973e+05
1.24000000e-01,-6.00000000e-02,4.55086595e+04,5.18294701e+05,-5.36667413e+05
1.28000000e-01,-6.00000000e-02,4.34833612e+04,4.94247448e+05,-4.84011103e+05
1.32000000e-01,-6.00000000e-02,4.15546799e+04,4.70194434e+05,-4.36984692e+05
1.36000000e-01,-6.00000000e-02,3.97218057e+04,4.46495454e+05,-3.95007439e+05
1.40000000e-01,-6.00000000e-02,3.79827163e+04,4.23408922e+05,-3.57539243e+05
1.44000000e-01,-6.00000000e-02,3.63345343e+04,4.01113761e+05,-3.24085426e+05
1.48000000e-01,-6.00000000e-02,3.47738062e+04,3.79727369e+05,-2.94197980e+05
1.52000000e-01,-6.00000000e-02,3.32967154e+04,3.59320134e+05,-2.67474532e+05
1.56000000e-01,-6.00000000e-02,3.18992451e+04,3.39927009e+05,-2.43555919e+05
1.60000000e-01,-6.00000000e-02,3.05772993e+04,3.21556639e+05,-2.22123012e+05
1.64000000e-01,-6.00000000e-02,2.93267920e+04,3.04198499e+05,-2.02893186e+05
1.68000000e-01,-6.00000000e-02,2.81437113e+04,2.87828409e+05,-1.85616726e+05
1.72000000e-01,-6.00000000e-02,2.70241647e+04,2.72412780e+05,-1.70073338e+05
1.76000000e-01,-6.00000000e-02,2.59644091e+04,2.57911842e+05,-1.56068870e+05
1.80000000e-01,-6.00000000e-02,2.49608700e+04,2.44282076e+05,-1.43432282e+05
1.84000000e-01,-6.00000000e-02,2.40101525e+04,2.31478033e+05,-1.32012910e+05
1.88000000e-01,-6.00000000e-02,2.31090457e+04,2.19453671e+05,-1.21678005e+05
1.92000000e-01,-6.00000000e-02,2.22545231e+04,2.08163324e+05,-1.12310540e+05
1.96000000e-01,-6.00000000e-02,2.14437391e+04,1.97562386e+05,-1.03807280e+05
2.00000000e-01,-6.00000000e-02,2.06740240e+04,nan,nan
-2.00000000e-01,-5.60000000e-02,-2.10518744e+04,nan,nan
-1.96000000e-01,-5.60000000e-02,-2.18522915e+04,2.05626743e+05,1.00199321e+05
-1.92000000e-01,-5.60000000e-02,-2.26968883e+04,2.17052050e+05,1.08571533e+05
-1.88000000e-01,-5.60000000e-02,-2.35887079e+04,2.29266421e+05,1.17817684e+05
-1.84000000e-01,-5.60000000e-02,-2.45310197e+04,2.42328062e+05,1.28046025e+05
-1.80000000e-01,-5.60000000e-02,-2.55273324e+04,2.56298226e+05,1.39380018e+05
-1.76000000e-01,-5.60000000e-02,-2.65814055e+04,2.71240815e+05,1.51960650e+05
-1.72000000e-01,-5.60000000e-02,-2.76972589e+04,2.87221719e+05,1.65949089e+05
-1.68000000e-01,-5.60000000e-02,-2.88791793e+04,3.04307824e+05,1.81529735e+05
-1.64000000e-01,-5.60000000e-02,-3.01317215e+04,3.22565553e+05,1.98913707e+05
-1.60000000e-01,-5.60000000e-02,-3.14597037e+04,3.42058798e+05,2.18342799e+05
-1.56000000e-01,-5.60000000e-02,-3.28681919e+04,3.62846043e+05,2.40093926e+05
-1.52000000e-01,-5.60000000e-02,-3.43624720e+04,3.84976417e+05,2.64484074e+05
-1.48000000e-01,-5.60000000e-02,-3.59480032e+04,4.08484351e+05,2.91875691e+05
-1.44000000e-01,-5.60000000e-02,-3.76303469e+04,4.33382432e+05,3.22682441e+05
-1.40000000e-01,-5.60000000e-02,-3.94150627e+04,4.59651925e+05,3.57375099e+05
-1.36000000e-01,-5.60000000e-02,-4.13075623e+04,4.87230341e+05,3.96487236e+05
-1.32000000e-01,-5.60000000e-02,-4.33129054e+04,5.15995287e+05,4.40620117e+05
-1.28000000e-01,-5.60000000e-02,-4.54355246e+04,5.45743732e+05,4.90445906e+05
-1.24000000e-01,-5.60000000e-02,-4.76788553e+04,5.76165755e+05,5.46707820e+05
-1.20000000e-01,-5.60000000e-02,-5.00448506e+04,6.06811852e+05,6.10215255e+05
-1.16000000e-01,-5.60000000e-02,-5.25333501e+04,6.37053084e+05,6.81831073e+05
-1.12000000e-01,-5.60000000e-02,-5.51412753e+04,6.66033874e+05,7.62447236e+05
-1.08000000e-01,-5.60000000e-02,-5.78616211e+04,6.92618284e+05,8.52943734e+05
-1.04000000e-01,-5.60000000e-02,-6.06822215e+04,7.15332382e+05,9.54124556e+05
-1.00000000e-01,-5.60000000e-02,-6.35842801e+04,7.32308138e+05,1.06662349e+06
-9.60000000e-02,-5.60000000e-02,-6.65406866e+04,7.41238421e+05,1.19077246e+06
-9.20000000e-02,-5.60000000e-02,-6.95141875e+04,7.39358049e+05,1.32642697e+06
-8.80000000e-02,-5.60000000e-02,-7.24555510e+04,7.23472023e+05,1.47274832e+06
-8.40000000e-02,-5.60000000e-02,-7.53019637e+04,6.90057518e+05,1.62795233e+06
-8.00000000e-02,-5.60000000e-02,-7.79760112e+04,6.35467868e+05,1.78905064e+06
-7.60000000e-02,-5.60000000e-02,-8.03857066e+04,5.56260426e+05,1.95163312e+06
-7.20000000e-02,-5.60000000e-02,-8.24260946e+04,4.49650572e+05,2.10976379e+06
-6.80000000e-02,-5.60000000e-02,-8.39829112e+04,3.14058510e+05,2.25607915e+06
-6.40000000e-02,-5.60000000e-02,-8.49385627e+04,1.49667330e+05,2.38217160e+06
-6.00000000e-02,-5.60000000e-02,-8.51802499e+04,-4.11360981e+04,2.47929558e+06
-5.60000000e-02,-5.60000000e-02,-8.46094739e+04,-2.53587238e+05,2.53934709e+06
-5.20000000e-02,-5.60000000e-02,-8.31515520e+04,-4.80757884e+05,2.55595568e+06
-4.80000000e-02,-5.60000000e-02,-8.07634108e+04,-7.14190653e+05,2.52543998e+06
-4.40000000e-02,-5.60000000e-02,-7.74380267e+04,-9.44861064e+05,2.44736606e+06
-4.00000000e-02,-5.60000000e-02,-7.32045223e+04,-1.16426211e+06,2.32454137e+06
-3.60000000e-02,-5.60000000e-02,-6.81239299e+04,-1.36536105e+06,2.16244430e+06
-3.20000000e-02,-5.60000000e-02,-6.22816339e+04,-1.54322319e+06,1.96825791e+06
-2.80000000e-02,-5.60000000e-02,-5.57781443e+04,-1.69520910e+06,1.74976918e+06
-2.40000000e-02,-5.60000000e-02,-4.87199611e+04,-1.82077744e+06,1.51438439e+06
-2.00000000e-02,-5.60000000e-02,-4.12119248e+04,-1.92101357e+06,1.26842318e+06
-1.60000000e-02,-5.60000000e-02,-3.33518525e+04,-1.99803319e+06,1.01674375e+06
-1.20000000e-02,-5.60000000e-02,-2.52276593e+04,-2.05438945e+06,7.62665035e+05
-8.00000000e-03,-5.60000000e-02,-1.69167369e+04,-2.09256601e+06,5.08108343e+05
-4.00000000e-03,-5.60000000e-02,-8.48713118e+03,-2.11459211e+06,2.53875777e+05
0.00000000e+00,-5.60000000e-02,0.00000000e+00,-2.12178279e+06,-0.00000000e+00
4.00000000e-03,-5.60000000e-02,8.48713118e+03,-2.11459211e+06,-2.53875777e+05
8.00000000e-03,-5.60000000e-02,1.69167369e+04,-2.09256601e+06,-5.08108343e+05
1.20000000e-02,-5.60000000e-02,2.52276593e+04,-2.05438945e+06,-7.62665035e+05
1.60000000e-02,-5.60000000e-02,3.33518525e+04,-1.99803319e+06,-1.01674375e+06
2.00000000e-02,-5.60000000e-02,4.12119248e+04,-1.92101357e+06,-1.26842318e+06
2.40000000e-02,-5.60000000e-02,4.87199611e+04,-1.82077744e+06,-1.51438439e+06
2.80000000e-02,-5.60000000e-02,5.57781443e+04,-1.69520910e+06,-1.74976918e+06
3.20000000e-02,-5.60000000e-02,6.22816339e+04,-1.54322319e+06,-1.96825791e+06
3.60000000e-02,-5.60000000e-02,6.81239299e+04,-1.36536105e+06,-2.16244430e+06
4.00000000e-02,-5.60000000e-02,7.32045223e+04,-1.16426211e+06,-2.32454137e+06
4.40000000e-02,-5.60000000e-02,7.74380267e+04,-9.44861064e+05,-2.44736606e+06
4.80000000e-02,-5.60000000e-02,8.07634108e+04,-7.14190653e+05,-2.52543998e+06
5.20000000e-02,-5.60000000e-02,8.31515520e+04,-4.80757884e+05,-2.55595568e+06
5.60000000e-02,-5.60000000e-02,8.46094739e+04,-2.53587238e+05,-2.53934709e+06
6.00000000e-02,-5.60000000e-02,8.51802499e+04,-4.11360981e+04,-2.47929558e+06
6.40000000e-02,-5.60000000e-02,8.49385627e+04,1.49667330e+05,-2.38217160e+06
6.80000000e-02,-5.60000000e-02,8.39829112e+04,3.14058510e+05,-2.25607915e+06
7.20000000e-02,-5.60000000e-02,8.24260946e+04,4.49650572e+05,-2.10976379e+06
7.60000000e-02,-5.60000000e-02,8.03857066e+04,5.56260426e+05,-1.95163312e+06
8.00000000e-02,-5.60000000e-02,7.79760112e+04,6.35467868e+05,-1.78905064e+06
8.40000000e-02,-5.60000000e-02,7.53019637e+04,6.90057518e+05,-1.62795233e+06
8.80000000e-02,-5.60000000e-02,7.24555510e+04,7.23472023e+05,-1.47274832e+06
9.20000000e-02,-5.60000000e-02,6.95141875e+04,7.39358049e+05,-1.32642697e+06
9.60000000e-02,-5.60000000e-02,6.65406866e+04,7.41238421e+05,-1.19077246e+06
1.00000000e-01,-5.60000000e-02,6.35842801e+04,7.32308138e+05,-1.06662349e+06
1.04000000e-01,-5.60000000e-02,6.06822215e+04,7.15332382e+05,-9.54124556e+05
1.08000000e-01,-5.60000000e-02,5.78616211e+04,6.92618284e+05,-8.52943734e+05
1.12000000e-01,-5.60000000e-02,5.51412753e+04,6.66033874e+05,-7.62447236e+05
1.16000000e-01,-5.60000000e-02,5.25333501e+04,6.37053084e+05,-6.81831073e+05
1.20000000e-01,-5.60000000e-02,5.00448506e+04,6.06811852e+05,-6.10215255e+05
1.24000000e-01,-5.60000000e-02,4.76788553e+04,5.76165755e+05,-5.46707820e+05
1.28000000e-01,-5.60000000e-02,4.54355246e+04,5.45743732e+05,-4.90445906e+05
1.32000000e-01,-5.60000000e-02,4.33129054e+04,5.15995287e+05,-4.40620117e+05
1.36000000e-01,-5.60000000e-02,4.13075623e+04,4.87230341e+05,-3.96487236e+05
1.40000000e-01,-5.60000000e-02,3.94150627e+04,4.59651925e+05,-3.57375099e+05
1.44000000e-01,-5.60000000e-02,3.76303469e+04,4.33382432e+05,-3.22682441e+05
1.48000000e-01,-5.60000000e-02,3.59480032e+04,4.08484351e+05,-2.91875691e+05
1.52000000e-01,-5.60000000e-02,3.43624720e+04,3.84976417e+05,-2.64484074e+05
1.56000000e-01,-5.60000000e-02,3.28681919e+04,3.62846043e+05,-2.40093926e+05
1.60000000e-01,-5.60000000e-02,3.14597037e+04,3.42058798e+05,-2.18342799e+05
1.64000000e-01,-5.60000000e-02,3.01317215e+04,3.22565553e+05,-1.98913707e+05
1.68000000e-01,-5.60000000e-02,2.88791793e+04,3.04307824e+05,-1.81529735e+05
1.72000000e-01,-5.60000000e-02,2.76972589e+04,2.87221719e+05,-1.65949089e+05
1.76000000e-01,-5.60000000e-02,2.65814055e+04,2.71240815e+05,-1.51960650e+05
1.80000000e-01,-5.60000000e-02,2.55273324e+04,2.56298226e+05,-1.39380018e+05
1.84000000e-01,-5.60000000e-02,2.45310197e+04,2.42328062e+05,-1.28046025e+05
1.88000000e-01,-5.60000000e-02,2.35887079e+04,2.29266421e+05,-1.17817684e+05
1.92000000e-01,-5.60000000e-02,2.26968883e+04,2.17052050e+05,-1.08571533e+05
1.96000000e-01,-5.60000000e-02,2.18522915e+04,2.05626743e+05,-1.00199321e+05
2.00000000e-01,-5.60000000e-02,2.10518744e+04,nan,nan
-2.00000000e-01,-5.20000000e-02,-2.14148721e+04,nan,nan
-1.96000000e-01,-5.20000000e-02,-2.22453337e+04,2.13527906e+05,9.60483567e+04
-1.92000000e-01,-5.20000000e-02,-2.31230954e+04,2.25781688e+05,1.04225863e+05
-1.88000000e-01,-5.20000000e-02,-2.40515872e+04,2.38928164e+05,1.13278739e+05
-1.84000000e-01,-5.20000000e-02,-2.50345207e+04,2.53040367e+05,1.23319126e+05
-1.80000000e-01,-5.20000000e-02,-2.60759101e+04,2.68196701e+05,1.34475671e+05
-1.76000000e-01,-5.20000000e-02,-2.71800943e+04,2.84480912e+05,1.46896208e+05
-1.72000000e-01,-5.20000000e-02,-2.83517574e+04,3.01981865e+05,1.60750886e+05
-1.68000000e-01,-5.20000000e-02,-2.95959492e+04,3.20793027e+05,1.76235834e+05
-1.64000000e-01,-5.20000000e-02,-3.09181016e+04,3.41011563e+05,1.93577422e+05
-1.60000000e-01,-5.20000000e-02,-3.23240417e+04,3.62736859e+05,2.13037213e+05
-1.56000000e-01,-5.20000000e-02,-3.38199965e+04,3.86068284e+05,2.34917689e+05
-1.52000000e-01,-5.20000000e-02,-3.54125880e+04,4.11101898e+05,2.59568822e+05
-1.48000000e-01,-5.20000000e-02,-3.71088117e+04,4.37925736e+05,2.87395542e+05
-1.44000000e-01,-5.20000000e-02,-3.89159939e+04,4.66613169e+05,3.18866110e+05
-1.40000000e-01,-5.20000000e-02,-4.08417171e+04,4.97213717e+05,3.54521317e+05
-1.36000000e-01,-5.20000000e-02,-4.28937036e+04,5.29740472e+05,3.94984299e+05
-1.32000000e-01,-5.20000000e-02,-4.50796408e+04,5.64153104e+05,4.40970528e+05
-1.28000000e-01,-5.20000000e-02,-4.74069284e+04,6.00335151e+05,4.93297203e+05
-1.24000000e-01,-5.20000000e-02,-4.98823220e+04,6.38064050e+05,5.52890736e+05
-1.20000000e-01,-5.20000000e-02,-5.25114408e+04,6.76972169e+05,6.20790269e+05
-1.16000000e-01,-5.20000000e-02,-5.52980994e+04,7.16496995e+05,6.98144044e+05
-1.12000000e-01,-5.20000000e-02,-5.82434168e+04,7.55818900e+05,7.86193975e+05
-1.08000000e-01,-5.20000000e-02,-6.13446506e+04,7.93785654e+05,8.86241747e+05
-1.04000000e-01,-5.20000000e-02,-6.45937020e+04,8.28824660e+05,9.99587384e+05
-1.00000000e-01,-5.20000000e-02,-6.79752479e+04,8.58847166e+05,1.12742862e+06
-9.60000000e-02,-5.20000000e-02,-7.14644793e+04,8.81154243e+05,1.27070726e+06
-9.20000000e-02,-5.20000000e-02,-7.50244818e+04,8.92362607e+05,1.42988826e+06
-8.80000000e-02,-5.20000000e-02,-7.86033802e+04,8.88379559e+05,1.60466112e+06
-8.40000000e-02,-5.20000000e-02,-8.21315183e+04,8.64469000e+05,1.79356416e+06
-8.00000000e-02,-5.20000000e-02,-8.55191322e+04,8.15460797e+05,1.99355502e+06
-7.60000000e-02,-5.20000000e-02,-8.86552047e+04,7.36156123e+05,2.19958782e+06
-7.20000000e-02,-5.20000000e-02,-9.14083812e+04,6.21960583e+05,2.40430585e+06
-6.80000000e-02,-5.20000000e-02,-9.36308893e+04,4.69724201e+05,2.59800660e+06
-6.40000000e-02,-5.20000000e-02,-9.51661748e+04,2.78680560e+05,2.76905292e+06
-6.00000000e-02,-5.20000000e-02,-9.58603338e+04,5.12757895e+04,2.90485343e+06
-5.60000000e-02,-5.20000000e-02,-9.55763811e+04,-2.06391844e+05,2.99338818e+06
-5.20000000e-02,-5.20000000e-02,-9.42091990e+04,-4.84778486e+05,3.02503340e+06
-4.80000000e-02,-5.20000000e-02,-9.16981532e+04,-7.71853032e+05,2.99423188e+06
-4.40000000e-02,-5.20000000e-02,-8.80343748e+04,-1.05466584e+06,2.90049551e+06
-4.00000000e-02,-5.20000000e-02,-8.32608265e+04,-1.32115134e+06,2.74839587e+06
-3.60000000e-02,-5.20000000e-02,-7.74651641e+04,-1.56169085e+06,2.54654293e+06
-3.20000000e-02,-5.20000000e-02,-7.07672997e+04,-1.77005867e+06,2.30589664e+06
-2.80000000e-02,-5.20000000e-02,-6.33046947e+04,-1.94360936e+06,2.03792576e+06
-2.40000000e-02,-5.20000000e-02,-5.52184249e+04,-2.08281047e+06,1.75306827e+06
-2.00000000e-02,-5.20000000e-02,-4.66422109e+04,-2.19037627e+06,1.45974193e+06
-1.60000000e-02,-5.20000000e-02,-3.76954147e+04,-2.27027987e+06,1.16393170e+06
-1.20000000e-02,-5.20000000e-02,-2.84799719e+04,-2.32685173e+06,8.69235758e+05
-8.00000000e-03,-5.20000000e-02,-1.90806009e+04,-2.36407147e+06,5.77202600e+05
-4.00000000e-03,-5.20000000e-02,-9.56740018e+03,-2.38507511e+06,2.87811666e+05
0.00000000e+00,-5.20000000e-02,0.00000000e+00,-2.39185005e+06,-0.00000000e+00
4.00000000e-03,-5.20000000e-02,9.56740018e+03,-2.38507511e+06,-2.87811666e+05
8.00000000e-03,-5.20000000e-02,1.90806009e+04,-2.36407147e+06,-5.77202600e+05
1.20000000e-02,-5.20000000e-02,2.84799719e+04,-2.32685173e+06,-8.69235758e+05
1.60000000e-02,-5.20000000e-02,3.76954147e+04,-2.27027987e+06,-1.16393170e+06
2.00000000e-02,-5.20000000e-02,4.66422109e+04,-2.19037627e+06,-1.45974193e+06
2.40000000e-02,-5.20000000e-02,5.52184249e+04,-2.08281047e+06,-1.75306827e+06
2.80000000e-02,-5.20000000e-02,6.33046947e+04,-1.94360936e+06,-2.03792576e+06
3.20000000e-02,-5.20000000e-02,7.07672997e+04,-1.77005867e+06,-2.30589664e+06
3.60000000e-02,-5.20000000e-02,7.74651641e+04,-1.56169085e+06,-2.54654293e+06
4.00000000e-02,-5.20000000e-02,8.32608265e+04,-1.32115134e+06,-2.74839587e+06
4.40000000e-02,-5.20000000e-02,8.80343748e+04,-1.05466584e+06,-2.90049551e+06
4.80000000e-02,-5.20000000e-02,9.16981532e+04,-7.71853032e+05,-2.99423188e+06
5.20000000e-02,-5.20000000e-02,9.42091990e+04,-4.84778486e+05,-3.02503340e+06
5.60000000e-02,-5.20000000e-02,9.55763811e+04,-2.06391844e+05,-2.99338818e+06
6.00000000e-02,-5.20000000e-02,9.58603338e+04,5.12757895e+04,-2.90485343e+06
6.40000000e-02,-5.20000000e-02,9.51661748e+04,2.78680560e+05,-2.76905292e+06
6.80000000e-02,-5.20000000e-02,9.36308893e+04,4.69724201e+05,-2.59800660e+06
7.20000000e-02,-5.20000000e-02,9.14083812e+04,6.21960583e+05,-2.40430585e+06
7.60000000e-02,-5.20000000e-02,8.86552047e+04,7.36156123e+05,-2.19958782e+06
8.00000000e-02,-5.20000000e-02,8.55191322e+04,8.15460797e+05,-1.99355502e+06
8.40000000e-02,-5.20000000e-02,8.21315183e+04,8.64469000e+05,-1.79356416e+06
8.80000000e-02,-5.20000000e-02,7.86033802e+04,8.88379559e+05,-1.60466112e+06
9.20000000e-02,-5.20000000e-02,7.50244818e+04,8.92362607e+05,-1.42988826e+06
9.60000000e-02,-5.20000000e-02,7.14644793e+04,8.81154243e+05,-1.27070726e+06
1.00000000e-01,-5.20000000e-02,6.79752479e+04,8.58847166e+05,-1.12742862e+06
1.04000000e-01,-5.20000000e-02,6.45937020e+04,8.28824660e+05,-9.99587384e+05
1.08000000e-01,-5.20000000e-02,6.13446506e+04,7.93785654e+05,-8.86241747e+05
1.12000000e-01,-5.20000000e-02,5.82434168e+04,7.55818900e+05,-7.86193975e+05
1.16000000e-01,-5.20000000e-02,5.52980994e+04,7.16496995e+05,-6.98144044e+05
1.20000000e-01,-5.20000000e-02,5.25114408e+04,6.76972169e+05,-6.20790269e+05
1.24000000e-01,-5.20000000e-02,4.98823220e+04,6.38064050e+05,-5.52890736e+05
1.28000000e-01,-5.20000000e-02,4.74069284e+04,6.00335151e+05,-4.93297203e+05
1.32000000e-01,-5.20000000e-02,4.50796408e+04,5.64153104e+05,-4.40970528e+05
1.36000000e-01,-5.20000000e-02,4.28937036e+04,5.29740472e+05,-3.94984299e+05
1.40000000e-01,-5.20000000e-02,4.08417171e+04,4.97213717e+05,-3.54521317e+05
1.44000000e-01,-5.20000000e-02,3.89159939e+04,4.66613169e+05,-3.18866110e+05
1.48000000e-01,-5.20000000e-02,3.71088117e+04,4.37925736e+05,-2.87395542e+05
1.52000000e-01,-5.20000000e-02,3.54125880e+04,4.11101898e+05,-2.59568822e+05
1.56000000e-01,-5.20000000e-02,3.38199965e+04,3.86068284e+05,-2.34917689e+05
1.60000000e-01,-5.20000000e-02,3.23240417e+04,3.62736859e+05,-2.13037213e+05
1.64000000e-01,-5.20000000e-02,3.09181016e+04,3.41011563e+05,-1.93577422e+05
1.68000000e-01,-5.20000000e-02,2.95959492e+04,3.20793027e+05,-1.76235834e+05
1.72000000e-01,-5.20000000e-02,2.83517574e+04,3.01981865e+05,-1.60750886e+05
1.76000000e-01,-5.20000000e-02,2.71800943e+04,2.84480912e+05,-1.46896208e+05
1.80000000e-01,-5.20000000e-02,2.60759101e+04,2.68196701e+05,-1.34475671e+05
1.84000000e-01,-5.20000000e-02,2.50345207e+04,2.53040367e+05,-1.23319126e+05
1.88000000e-01,-5.20000000e-02,2.40515872e+04,2.38928164e+05,-1.13278739e+05
1.92000000e-01,-5.20000000e-02,2.31230954e+04,2.25781688e+05,-1.04225863e+05
1.96000000e-01,-5.20000000e-02,2.22453337e+04,2.13527906e+05,-9.60483567e+04
2.00000000e-01,-5.20000000e-02,2.14148721e+04,nan,nan
-2.00000000e-01,-4.80000000e-02,-2.17610608e+04,nan,nan
-1.96000000e-01,-4.80000000e-02,-2.26206784e+04,2.21204311e+05,9.13497426e+04
-1.92000000e-01,-4.80000000e-02,-2.35306953e+04,2.34282432e+05,9.92657834e+04
-1.88000000e-01,-4.80000000e-02,-2.44949378e+04,2.48359684e+05,1.08049402e+05
-1.84000000e-01,-4.80000000e-02,-2.55175727e+04,2.63524994e+05,1.17815264e+05
-1.80000000e-01,-4.80000000e-02,-2.66031378e+04,2.79875308e+05,1.28695636e+05
-1.76000000e-01,-4.80000000e-02,-2.77565752e+04,2.97516030e+05,1.40843411e+05
-1.72000000e-01,-4.80000000e-02,-2.89832660e+04,3.16561346e+05,1.54435704e+05
-1.68000000e-01,-4.80000000e-02,-3.02890660e+04,3.37134360e+05,1.69678101e+05
-1.64000000e-01,-4.80000000e-02,-3.16803409e+04,3.59366931e+05,1.86809708e+05
-1.60000000e-01,-4.80000000e-02,-3.31640014e+04,3.83399065e+05,2.06109124e+05
-1.56000000e-01,-4.80000000e-02,-3.47475334e+04,4.09377653e+05,2.27901498e+05
-1.52000000e-01,-4.80000000e-02,-3.64390226e+04,4.37454271e+05,2.52566841e+05
-1.48000000e-01,-4.80000000e-02,-3.82471676e+04,4.67781639e+05,2.80549768e+05
-1.44000000e-01,-4.80000000e-02,-4.01812757e+04,5.00508207e+05,3.12370826e+05
-1.40000000e-01,-4.80000000e-02,-4.22512332e+04,5.35770114e+05,3.48639537e+05
-1.36000000e-01,-4.80000000e-02,-4.44674366e+04,5.73679552e+05,3.90069164e+05
-1.32000000e-01,-4.80000000e-02,-4.68406697e+04,6.14308191e+05,4.37493056e+05
-1.28000000e-01,-4.80000000e-02,-4.93819022e+04,6.57663940e+05,4.91882103e+05
-1.24000000e-01,-4.80000000e-02,-5.21019812e+04,7.03658821e+05,5.54362291e+05
-1.20000000e-01,-4.80000000e-02,-5.50111727e+04,7.52065160e+05,6.26230549e+05
-1.16000000e-01,-4.80000000e-02,-5.81185025e+04,8.02456790e+05,7.08965712e+05
-1.12000000e-01,-4.80000000e-02,-6.14308271e+04,8.54131577e+05,8.04229514e+05
-1.08000000e-01,-4.80000000e-02,-6.49515551e+04,9.06011693e+05,9.13849653e+05
-1.04000000e-01,-4.80000000e-02,-6.86789206e+04,9.56519259e+05,1.03977303e+06
-1.00000000e-01,-4.80000000e-02,-7.26037091e+04,1.00342802e+06,1.18397228e+06
-9.60000000e-02,-4.80000000e-02,-7.67063447e+04,1.04369806e+06,1.34828285e+06
-9.20000000e-02,-4.80000000e-02,-8.09532936e+04,1.07331191e+06,1.53414296e+06
-8.80000000e-02,-4.80000000e-02,-8.52928400e+04,1.08714792e+06,1.74220702e+06
-8.40000000e-02,-4.80000000e-02,-8.96504770e+04,1.07895142e+06,1.97181137e+06
-8.00000000e-02,-4.80000000e-02,-9.39244514e+04,1.04149153e+06,2.22029686e+06
-7.60000000e-02,-4.80000000e-02,-9.79824092e+04,9.67011253e+05,2.48224778e+06
-7.20000000e-02,-4.80000000e-02,-1.01660541e+05,8.48069352e+05,2.74879488e+06
-6.80000000e-02,-4.80000000e-02,-1.04766964e+05,6.78805583e+05,3.00724208e+06
-6.40000000e-02,-4.80000000e-02,-1.07090986e+05,4.56514158e+05,3.24136380e+06
-6.00000000e-02,-4.80000000e-02,-1.08419077e+05,1.83199154e+05,3.43269720e+06
-5.60000000e-02,-4.80000000e-02,-1.08556579e+05,-1.33407262e+05,3.56292614e+06
-5.20000000e-02,-4.80000000e-02,-1.07351819e+05,-4.79914180e+05,3.61700953e+06
-4.80000000e-02,-4.80000000e-02,-1.04717266e+05,-8.38728551e+05,3.58621531e+06
-4.40000000e-02,-4.80000000e-02,-1.00641991e+05,-1.19069707e+06,3.47000369e+06
-4.00000000e-02,-4.80000000e-02,-9.51916893e+04,-1.51821468e+06,3.27601383e+06
-3.60000000e-02,-4.80000000e-02,-8.84962733e+04,-1.80786028e+06,3.01815397e+06
-3.20000000e-02,-4.80000000e-02,-8.07288070e+04,-2.05184037e+06,2.71354092e+06
-2.80000000e-02,-4.80000000e-02,-7.20815504e+04,-2.24803748e+06,2.37934523e+06
-2.40000000e-02,-4.80000000e-02,-6.27445072e+04,-2.39896127e+06,2.03038211e+06
-2.00000000e-02,-4.80000000e-02,-5.28898602e+04,-2.51015014e+06,1.67779667e+06
-1.60000000e-02,-4.80000000e-02,-4.26633061e+04,-2.58853936e+06,1.32874984e+06
-1.20000000e-02,-4.80000000e-02,-3.21815453e+04,-2.64111854e+06,9.86785579e+05
-8.00000000e-03,-4.80000000e-02,-2.15343577e+04,-2.67399010e+06,6.52540268e+05
-4.00000000e-03,-4.80000000e-02,-1.07896245e+04,-2.69179471e+06,3.24546471e+05
0.00000000e+00,-4.80000000e-02,0.00000000e+00,-2.69740613e+06,-0.00000000e+00
4.00000000e-03,-4.80000000e-02,1.07896245e+04,-2.69179471e+06,-3.24546471e+05
8.00000000e-03,-4.80000000e-02,2.15343577e+04,-2.67399010e+06,-6.52540268e+05
1.20000000e-02,-4.80000000e-02,3.21815453e+04,-2.64111854e+06,-9.86785579e+05
1.60000000e-02,-4.80000000e-02,4.26633061e+04,-2.58853936e+06,-1.32874984e+06
2.00000000e-02,-4.80000000e-02,5.28898602e+04,-2.51015014e+06,-1.67779667e+06
2.40000000e-02,-4.80000000e-02,6.27445072e+04,-2.39896127e+06,-2.03038211e+06
2.80000000e-02,-4.80000000e-02,7.20815504e+04,-2.24803748e+06,-2.37934523e+06
3.20000000e-02,-4.80000000e-02,8.07288070e+04,-2.05184037e+06,-2.71354092e+06
3.60000000e-02,-4.80000000e-02,8.84962733e+04,-1.80786028e+06,-3.01815397e+06
4.00000000e-02,-4.80000000e-02,9.51916893e+04,-1.51821468e+06,-3.27601383e+06
4.40000000e-02,-4.80000000e-02,1.00641991e+05,-1.19069707e+06,-3.47000369e+06
4.80000000e-02,-4.80000000e-02,1.04717266e+05,-8.38728551e+05,-3.58621531e+06
5.20000000e-02,-4.80000000e-02,1.07351819e+05,-4.79914180e+05,-3.61700953e+06
5.60000000e-02,-4.80000000e-02,1.08556579e+05,-1.33407262e+05,-3.56292614e+06
6.00000000e-02,-4.80000000e-02,1.08419077e+05,1.83199154e+05,-3.43269720e+06
6.40000000e-02,-4.80000000e-02,1.07090986e+05,4.56514158e+05,-3.24136380e+06
6.80000000e-02,-4.80000000e-02,1.04766964e+05,6.78805583e+05,-3.00724208e+06
7.20000000e-02,-4.80000000e-02,1.01660541e+05,8.48069352e+05,-2.74879488e+06
7.60000000e-02,-4.80000000e-02,9.79824092e+04,9.67011253e+05,-2.48224778e+06
8.00000000e-02,-4.80000000e-02,9.39244514e+04,1.04149153e+06,-2.22029686e+06
8.40000000e-02,-4.80000000e-02,8.96504770e+04,1.07895142e+06,-1.97181137e+06
8.80000000e-02,-4.80000000e-02,8.52928400e+04,1.08714792e+06,-1.74220702e+06
9.20000000e-02,-4.80000000e-02,8.09532936e+04,1.07331191e+06,-1.53414296e+06
9.60000000e-02,-4.80000000e-02,7.67063447e+04,1.04369806e+06,-1.34828285e+06
1.00000000e-01,-4.80000000e-02,7.26037091e+04,1.00342802e+06,-1.18397228e+06
1.04000000e-01,-4.80000000e-02,6.86789206e+04,9.56519259e+05,-1.03977303e+06
1.08000000e-01,-4.80000000e-02,6.49515551e+04,9.06011693e+05,-9.13849653e+05
1.12000000e-01,-4.80000000e-02,6.14308271e+04,8.54131577e+05,-8.04229514e+05
1.16000000e-01,-4.80000000e-02,5.81185025e+04,8.02456790e+05,-7.08965712e+05
1.20000000e-01,-4.80000000e-02,5.50111727e+04,7.52065160e+05,-6.26230549e+05
1.24000000e-01,-4.80000000e-02,5.21019812e+04,7.03658821e+05,-5.54362291e+05
1.28000000e-01,-4.80000000e-02,4.93819022e+04,6.57663940e+05,-4.91882103e+05
1.32000000e-01,-4.80000000e-02,4.68406697e+04,6.14308191e+05,-4.37493056e+05
1.36000000e-01,-4.80000000e-02,4.44674366e+04,5.73679552e+05,-3.90069164e+05
1.40000000e-01,-4.80000000e-02,4.22512332e+04,5.35770114e+05,-3.48639537e+05
1.44000000e-01,-4.80000000e-02,4.01812757e+04,5.00508207e+05,-3.12370826e+05
1.48000000e-01,-4.80000000e-02,3.82471676e+04,4.67781639e+05,-2.80549768e+05
1.52000000e-01,-4.80000000e-02,3.64390226e+04,4.37454271e+05,-2.52566841e+05
1.56000000e-01,-4.80000000e-02,3.47475334e+04,4.09377653e+05,-2.27901498e+05
1.60000000e-01,-4.80000000e-02,3.31640014e+04,3.83399065e+05,-2.06109124e+05
1.64000000e-01,-4.80000000e-02,3.16803409e+04,3.59366931e+05,-1.86809708e+05
1.68000000e-01,-4.80000000e-02,3.02890660e+04,3.37134360e+05,-1.69678101e+05
1.72000000e-01,-4.80000000e-02,2.89832660e+04,3.16561346e+05,-1.54435704e+05
1.76000000e-01,-4.80000000e-02,2.77565752e+04,2.97516030e+05,-1.40843411e+05
1.80000000e-01,-4.80000000e-02,2.66031378e+04,2.79875308e+05,-1.28695636e+05
1.84000000e-01,-4.80000000e-02,2.55175727e+04,2.63524994e+05,-1.17815264e+05
1.88000000e-01,-4.80000000e-02,2.44949378e+04,2.48359684e+05,-1.08049402e+05
1.92000000e-01,-4.80000000e-02,2.35306953e+04,2.34282432e+05,-9.92657834e+04
1.96000000e-01,-4.80000000e-02,2.26206784e+04,2.21204311e+05,-9.13497426e+04
2.00000000e-01,-4.80000000e-02,2.17610608e+04,nan,nan
-2.00000000e-01,-4.40000000e-02,-2.20884854e+04,nan,nan
-1.96000000e-01,-4.40000000e-02,-2.29761316e+04,2.28592033e+05,8.61050777e+04
-1.92000000e-01,-4.40000000e-02,-2.39172216e+04,2.42481347e+05,9.36906810e+04
-1.88000000e-01,-4.40000000e-02,-2.49159824e+04,2.57477644e+05,1.02126054e+05
-1.84000000e-01,-4.40000000e-02,-2.59770428e+04,2.73686601e+05,1.11526783e+05
-1.80000000e-01,-4.40000000e-02,-2.71054752e+04,2.91224848e+05,1.22026886e+05
-1.76000000e-01,-4.40000000e-02,-2.83068416e+04,3.10220981e+05,1.33782140e+05
-1.72000000e-01,-4.40000000e-02,-2.95872431e+04,3.30816554e+05,1.46974095e+05
-1.68000000e-01,-4.40000000e-02,-3.09533740e+04,3.53167031e+05,1.61814877e+05
-1.64000000e-01,-4.40000000e-02,-3.24125793e+04,3.77442586e+05,1.78552972e+05
-1.60000000e-01,-4.40000000e-02,-3.39729147e+04,4.03828649e+05,1.97480192e+05
-1.56000000e-01,-4.40000000e-02,-3.56432085e+04,4.32526001e+05,2.18940055e+05
-1.52000000e-01,-4.40000000e-02,-3.74331227e+04,4.63750168e+05,2.43337866e+05
-1.48000000e-01,-4.40000000e-02,-3.93532098e+04,4.97729721e+05,2.71152831e+05
-1.44000000e-01,-4.40000000e-02,-4.14149605e+04,5.34702939e+05,3.02952553e+05
-1.40000000e-01,-4.40000000e-02,-4.36308333e+04,5.74912054e+05,3.39410311e+05
-1.36000000e-01,-4.40000000e-02,-4.60142569e+04,6.18593990e+05,3.81325463e+05
-1.32000000e-01,-4.40000000e-02,-4.85795853e+04,6.65966043e+05,4.29647285e+05
-1.28000000e-01,-4.40000000e-02,-5.13419852e+04,7.17204386e+05,4.85502313e+05
-1.24000000e-01,-4.40000000e-02,-5.43172204e+04,7.72412497e+05,5.50224833e+05
-1.20000000e-01,-4.40000000e-02,-5.75212852e+04,8.31575589e+05,6.25389434e+05
-1.16000000e-01,-4.40000000e-02,-6.09698251e+04,8.94495959e+05,7.12843139e+05
-1.12000000e-01,-4.40000000e-02,-6.46772529e+04,9.60702842e+05,8.14732427e+05
-1.08000000e-01,-4.40000000e-02,-6.86554478e+04,1.02932917e+06,9.33516873e+05
-1.04000000e-01,-4.40000000e-02,-7.29118863e+04,1.09894729e+06,1.07195560e+06
-1.00000000e-01,-4.40000000e-02,-7.74470261e+04,1.16735698e+06,1.23304472e+06
-9.60000000e-02,-4.40000000e-02,-8.22507422e+04,1.23132492e+06,1.41987289e+06
-9.20000000e-02,-4.40000000e-02,-8.72976255e+04,1.28628678e+06,1.63534889e+06
-8.80000000e-02,-4.40000000e-02,-9.25410364e+04,1.32604797e+06,1.88174204e+06
-8.40000000e-02,-4.40000000e-02,-9.79060092e+04,1.34255884e+06,2.15997154e+06
-8.00000000e-02,-4.40000000e-02,-1.03281507e+05,1.32589721e+06,2.46859868e+06
-7.60000000e-02,-4.40000000e-02,-1.08513187e+05,1.26465415e+06,2.80254197e+06
-7.20000000e-02,-4.40000000e-02,-1.13398740e+05,1.14695489e+06,3.15167633e+06
-6.80000000e-02,-4.40000000e-02,-1.17688826e+05,9.62293115e+05,3.49970633e+06
-6.40000000e-02,-4.40000000e-02,-1.21097085e+05,7.04135680e+05,3.82396390e+06
-6.00000000e-02,-4.40000000e-02,-1.23321911e+05,3.72838129e+05,4.09690435e+06
-5.60000000e-02,-4.40000000e-02,-1.24079790e+05,-2.20795209e+04,4.28979117e+06
-5.20000000e-02,-4.40000000e-02,-1.23145275e+05,-4.61489312e+05,4.37819540e+06
-4.80000000e-02,-4.40000000e-02,-1.20387876e+05,-9.18858871e+05,4.34774656e+06
-4.40000000e-02,-4.40000000e-02,-1.15794404e+05,-1.36486732e+06,4.19785856e+06
-4.00000000e-02,-4.40000000e-02,-1.09468937e+05,-1.77300106e+06,3.94171217e+06
-3.60000000e-02,-4.40000000e-02,-1.01610396e+05,-2.12416375e+06,3.60249366e+06
-3.20000000e-02,-4.40000000e-02,-9.24756271e+04,-2.40886742e+06,3.20760742e+06
-2.80000000e-02,-4.40000000e-02,-8.23394565e+04,-2.62676817e+06,2.78313856e+06
-2.40000000e-02,-4.40000000e-02,-7.14614817e+04,-2.78435903e+06,2.35012863e+06
-2.00000000e-02,-4.40000000e-02,-6.00645843e+04,-2.89200855e+06,1.92303943e+06
-1.60000000e-02,-4.40000000e-02,-4.83254134e+04,-2.96129097e+06,1.50991662e+06
-1.20000000e-02,-4.40000000e-02,-3.63742566e+04,-3.00306129e+06,1.11348382e+06
-8.00000000e-03,-4.40000000e-02,-2.43009230e+04,-3.02631057e+06,7.32524774e+05
-4.00000000e-03,-4.40000000e-02,-1.21637720e+04,-3.03761538e+06,3.63177392e+05
0.00000000e+00,-4.40000000e-02,0.00000000e+00,-3.04094299e+06,-0.00000000e+00
4.00000000e-03,-4.40000000e-02,1.21637720e+04,-3.03761538e+06,-3.63177392e+05
8.00000000e-03,-4.40000000e-02,2.43009230e+04,-3.02631057e+06,-7.32524774e+05
1.20000000e-02,-4.40000000e-02,3.63742566e+04,-3.00306129e+06,-1.11348382e+06
1.60000000e-02,-4.40000000e-02,4.83254134e+04,-2.96129097e+06,-1.50991662e+06
2.00000000e-02,-4.40000000e-02,6.00645843e+04,-2.89200855e+06,-1.92303943e+06
2.40000000e-02,-4.40000000e-02,7.14614817e+04,-2.78435903e+06,-2.35012863e+06
2.80000000e-02,-4.40000000e-02,8.23394565e+04,-2.62676817e+06,-2.78313856e+06
3.20000000e-02,-4.40000000e-02,9.24756271e+04,-2.40886742e+06,-3.20760742e+06
3.60000000e-02,-4.40000000e-02,1.01610396e+05,-2.12416375e+06,-3.60249366e+06
4.00000000e-02,-4.40000000e-02,1.09468937e+05,-1.77300106e+06,-3.94171217e+06
4.40000000e-02,-4.40000000e-02,1.15794404e+05,-1.36486732e+06,-4.19785856e+06
4.80000000e-02,-4.40000000e-02,1.20387876e+05,-9.18858871e+05,-4.34774656e+06
5.20000000e-02,-4.40000000e-02,1.23145275e+05,-4.61489312e+05,-4.37819540e+06
5.60000000e-02,-4.40000000e-02,1.24079790e+05,-2.20795209e+04,-4.28979117e+06
6.00000000e-02,-4.40000000e-02,1.23321911e+05,3.72838129e+05,-4.09690435e+06
6.40000000e-02,-4.40000000e-02,1.21097085e+05,7.04135680e+05,-3.82396390e+06
6.80000000e-02,-4.40000000e-02,1.17688826e+05,9.62293115e+05,-3.49970633e+06
7.20000000e-02,-4.40000000e-02,1.13398740e+05,1.14695489e+06,-3.15167633e+06
7.60000000e-02,-4.40000000e-02,1.08513187e+05,1.26465415e+06,-2.80254197e+06
8.00000000e-02,-4.40000000e-02,1.03281507e+05,1.32589721e+06,-2.46859868e+06
8.40000000e-02,-4.40000000e-02,9.79060092e+04,1.34255884e+06,-2.15997154e+06
8.80000000e-02,-4.40000000e-02,9.25410364e+04,1.32604797e+06,-1.88174204e+06
9.20000000e-02,-4.40000000e-02,8.72976255e+04,1.28628678e+06,-1.63534889e+06
9.60000000e-02,-4.40000000e-02,8.22507422e+04,1.23132492e+06,-1.41987289e+06
1.00000000e-01,-4.40000000e-02,7.74470261e+04,1.16735698e+06,-1.23304472e+06
1.04000000e-01,-4.40000000e-02,7.29118863e+04,1.09894729e+06,-1.07195560e+06
1.08000000e-01,-4.40000000e-02,6.86554478e+04,1.02932917e+06,-9.33516873e+05
1.12000000e-01,-4.40000000e-02,6.46772529e+04,9.60702842e+05,-8.14732427e+05
1.16000000e-01,-4.40000000e-02,6.09698251e+04,8.94495959e+05,-7.12843139e+05
1.20000000e-01,-4.40000000e-02,5.75212852e+04,8.31575589e+05,-6.25389434e+05
1.24000000e-01,-4.40000000e-02,5.43172204e+04,7.72412497e+05,-5.50224833e+05
1.28000000e-01,-4.40000000e-02,5.13419852e+04,7.17204386e+05,-4.85502313e+05
1.32000000e-01,-4.40000000e-02,4.85795853e+04,6.65966043e+05,-4.29647285e+05
1.36000000e-01,-4.40000000e-02,4.60142569e+04,6.18593990e+05,-3.81325463e+05
1.40000000e-01,-4.40000000e-02,4.36308333e+04,5.74912054e+05,-3.39410311e+05
1.44000000e-01,-4.40000000e-02,4.14149605e+04,5.34702939e+05,-3.02952553e+05
1.48000000e-01,-4.40000000e-02,3.93532098e+04,4.97729721e+05,-2.71152831e+05
1.52000000e-01,-4.40000000e-02,3.74331227e+04,4.63750168e+05,-2.43337866e+05
1.56000000e-01,-4.40000000e-02,3.56432085e+04,4.32526001e+05,-2.18940055e+05
1.60000000e-01,-4.40000000e-02,3.39729147e+04,4.03828649e+05,-1.97480192e+05
1.64000000e-01,-4.40000000e-02,3.24125793e+04,3.77442586e+05,-1.78552972e+05
1.68000000e-01,-4.40000000e-02,3.09533740e+04,3.53167031e+05,-1.61814877e+05
1.72000000e-01,-4.40000000e-02,2.95872431e+04,3.30816554e+05,-1.46974095e+05
1.76000000e-01,-4.40000000e-02,2.83068416e+04,3.10220981e+05,-1.33782140e+05
1.80000000e-01,-4.40000000e-02,2.71054752e+04,2.91224848e+05,-1.22026886e+05
1.84000000e-01,-4.40000000e-02,2.59770428e+04,2.73686601e+05,-1.11526783e+05
1.88000000e-01,-4.40000000e-02,2.49159824e+04,2.57477644e+05,-1.02126054e+05
1.92000000e-01,-4.40000000e-02,2.39172216e+04,2.42481347e+05,-9.36906810e+04
1.96000000e-01,-4.40000000e-02,2.29761316e+04,2.28592033e+05,-8.61050777e+04
2.00000000e-01,-4.40000000e-02,2.20884854e+04,nan,nan
-2.00000000e-01,-4.00000000e-02,-2.23952151e+04,nan,nan
-1.96000000e-01,-4.00000000e-02,-2.33095190e+04,2.35625697e+05,8.03227627e+04
-1.92000000e-01,-4.00000000e-02,-2.42802207e+04,2.50303408e+05,8.75077950e+04
-1.88000000e-01,-4.00000000e-02,-2.53119463e+04,2.66195786e+05,9.55141444e+04
-1.84000000e-01,-4.00000000e-02,-2.64097870e+04,2.83425826e+05,1.04456506e+05
-1.80000000e-01,-4.00000000e-02,-2.75793529e+04,3.02130665e+05,1.14468497e+05
-1.76000000e-01,-4.00000000e-02,-2.88268323e+04,3.22463239e+05,1.25706238e+05
-1.72000000e-01,-4.00000000e-02,-3.01590588e+04,3.44594082e+05,1.38352702e+05
-1.68000000e-01,-4.00000000e-02,-3.15835850e+04,3.68713236e+05,1.52622994e+05
-1.64000000e-01,-4.00000000e-02,-3.31087647e+04,3.95032247e+05,1.68770786e+05
-1.60000000e-01,-4.00000000e-02,-3.47438429e+04,4.23786148e+05,1.87096166e+05
-1.56000000e-01,-4.00000000e-02,-3.64990539e+04,4.55235327e+05,2.07955253e+05
-1.52000000e-01,-4.00000000e-02,-3.83857256e+04,4.89667046e+05,2.31771968e+05
-1.48000000e-01,-4.00000000e-02,-4.04163902e+04,5.27396327e+05,2.59052461e+05
-1.44000000e-01,-4.00000000e-02,-4.26048962e+04,5.68765687e+05,2.90402812e+05
-1.40000000e-01,-4.00000000e-02,-4.49665157e+04,6.14143023e+05,3.26550695e+05
-1.36000000e-01,-4.00000000e-02,-4.75180403e+04,6.63916526e+05,3.68371838e+05
-1.32000000e-01,-4.00000000e-02,-5.02778479e+04,7.18485041e+05,4.16922166e+05
-1.28000000e-01,-4.00000000e-02,-5.32659207e+04,7.78241488e+05,4.73476520e+05
-1.24000000e-01,-4.00000000e-02,-5.65037798e+04,8.43545943e+05,5.39574692e+05
-1.20000000e-01,-4.00000000e-02,-6.00142882e+04,9.14683465e+05,6.17075016e+05
-1.16000000e-01,-4.00000000e-02,-6.38212476e+04,9.91799783e+05,7.08214712e+05
-1.12000000e-01,-4.00000000e-02,-6.79486865e+04,1.07480531e+06,8.15674091e+05
-1.08000000e-01,-4.00000000e-02,-7.24196901e+04,1.16323487e+06,9.42637919e+05
-1.04000000e-01,-4.00000000e-02,-7.72545654e+04,1.25604710e+06,1.09284065e+06
-1.00000000e-01,-4.00000000e-02,-8.24680669e+04,1.35134530e+06,1.27057134e+06
-9.60000000e-02,-4.00000000e-02,-8.80653278e+04,1.44600223e+06,1.48059679e+06
-9.20000000e-02,-4.00000000e-02,-9.40360847e+04,1.53518107e+06,1.72793656e+06
-8.80000000e-02,-4.00000000e-02,-1.00346776e+05,1.61177057e+06,2.01739047e+06
-8.40000000e-02,-4.00000000e-02,-1.06930249e+05,1.66580806e+06,2.35268470e+06
-8.00000000e-02,-4.00000000e-02,-1.13673241e+05,1.68406197e+06,2.73508576e+06
-7.60000000e-02,-4.00000000e-02,-1.20402745e+05,1.65008890e+06,3.16137658e+06
-7.20000000e-02,-4.00000000e-02,-1.26873952e+05,1.54523371e+06,3.62127036e+06
-6.80000000e-02,-4.00000000e-02,-1.32764615e+05,1.35109315e+06,4.09474183e+06
-6.40000000e-02,-4.00000000e-02,-1.37682697e+05,1.05371217e+06,4.55038688e+06
-6.00000000e-02,-4.00000000e-02,-1.41194312e+05,6.49026421e+05,4.94652304e+06
-5.60000000e-02,-4.00000000e-02,-1.42874909e+05,1.47883789e+05,5.23665040e+06
-5.20000000e-02,-4.00000000e-02,-1.42377382e+05,-4.21958787e+05,5.37932701e+06
-4.80000000e-02,-4.00000000e-02,-1.39499238e+05,-1.01906539e+06,5.34960348e+06
-4.40000000e-02,-4.00000000e-02,-1.34224859e+05,-1.59673147e+06,5.14685621e+06
-4.00000000e-02,-4.00000000e-02,-1.26725387e+05,-2.11357958e+06,4.79476540e+06
-3.60000000e-02,-4.00000000e-02,-1.17316223e+05,-2.54196503e+06,4.33343728e+06
-3.20000000e-02,-4.00000000e-02,-1.06389666e+05,-2.87119547e+06,3.80792230e+06
-2.80000000e-02,-4.00000000e-02,-9.43466588e+04,-3.10551627e+06,3.25828876e+06
-2.40000000e-02,-4.00000000e-02,-8.15455362e+04,-3.25906040e+06,2.71410556e+06
-2.00000000e-02,-4.00000000e-02,-6.82741757e+04,-3.35036215e+06,2.19327969e+06
-1.60000000e-02,-4.00000000e-02,-5.47426391e+04,-3.39809497e+06,1.70362901e+06
-1.20000000e-02,-4.00000000e-02,-4.10894159e+04,-3.41851039e+06,1.24548068e+06
-8.00000000e-03,-4.00000000e-02,-2.73945559e+04,-3.42429654e+06,8.14190667e+05
-4.00000000e-03,-4.00000000e-02,-1.36950436e+04,-3.42431949e+06,4.02117667e+05
0.00000000e+00,-4.00000000e-02,0.00000000e+00,-3.42376091e+06,-0.00000000e+00
4.00000000e-03,-4.00000000e-02,1.36950436e+04,-3.42431949e+06,-4.02117667e+05
8.00000000e-03,-4.00000000e-02,2.73945559e+04,-3.42429654e+06,-8.14190667e+05
1.20000000e-02,-4.00000000e-02,4.10894159e+04,-3.41851039e+06,-1.24548068e+06
1.60000000e-02,-4.00000000e-02,5.47426391e+04,-3.39809497e+06,-1.70362901e+06
2.00000000e-02,-4.00000000e-02,6.82741757e+04,-3.35036215e+06,-2.19327969e+06
2.40000000e-02,-4.00000000e-02,8.15455362e+04,-3.25906040e+06,-2.71410556e+06
2.80000000e-02,-4.00000000e-02,9.43466588e+04,-3.10551627e+06,-3.25828876e+06
3.20000000e-02,-4.00000000e-02,1.06389666e+05,-2.87119547e+06,-3.80792230e+06
3.60000000e-02,-4.00000000e-02,1.17316223e+05,-2.54196503e+06,-4.33343728e+06
4.00000000e-02,-4.00000000e-02,1.26725387e+05,-2.11357958e+06,-4.79476540e+06
4.40000000e-02,-4.00000000e-02,1.34224859e+05,-1.59673147e+06,-5.14685621e+06
4.80000000e-02,-4.00000000e-02,1.39499238e+05,-1.01906539e+06,-5.34960348e+06
5.20000000e-02,-4.00000000e-02,1.42377382e+05,-4.21958787e+05,-5.37932701e+06
5.60000000e-02,-4.00000000e-02,1.42874909e+05,1.47883789e+05,-5.23665040e+06
6.00000000e-02,-4.00000000e-02,1.41194312e+05,6.49026421e+05,-4.94652304e+06
6.40000000e-02,-4.00000000e-02,1.37682697e+05,1.05371217e+06,-4.55038688e+06
6.80000000e-02,-4.00000000e-02,1.32764615e+05,1.35109315e+06,-4.09474183e+06
7.20000000e-02,-4.00000000e-02,1.26873952e+05,1.54523371e+06,-3.62127036e+06
7.60000000e-02,-4.00000000e-02,1.20402745e+05,1.65008890e+06,-3.16137658e+06
8.00000000e-02,-4.00000000e-02,1.13673241e+05,1.68406197e+06,-2.73508576e+06
8.40000000e-02,-4.00000000e-02,1.06930249e+05,1.66580806e+06,-2.35268470e+06
8.80000000e-02,-4.00000000e-02,1.00346776e+05,1.61177057e+06,-2.01739047e+06
9.20000000e-02,-4.00000000e-02,9.40360847e+04,1.53518107e+06,-1.72793656e+06
9.60000000e-02,-4.00000000e-02,8.80653278e+04,1.44600223e+06,-1.48059679e+06
1.00000000e-01,-4.00000000e-02,8.24680669e+04,1.35134530e+06,-1.27057134e+06
1.04000000e-01,-4.00000000e-02,7.72545654e+04,1.25604710e+06,-1.09284065e+06
1.08000000e-01,-4.00000000e-02,7.24196901e+04,1.16323487e+06,-9.42637919e+05
1.12000000e-01,-4.00000000e-02,6.79486865e+04,1.07480531e+06,-8.15674091e+05
1.16000000e-01,-4.00000000e-02,6.38212476e+04,9.91799783e+05,-7.08214712e+05
1.20000000e-01,-4.00000000e-02,6.00142882e+04,9.14683465e+05,-6.17075016e+05
1.24000000e-01,-4.00000000e-02,5.65037798e+04,8.43545943e+05,-5.39574692e+05
1.28000000e-01,-4.00000000e-02,5.32659207e+04,7.78241488e+05,-4.73476520e+05
1.32000000e-01,-4.00000000e-02,5.02778479e+04,7.18485041e+05,-4.16922166e+05
1.36000000e-01,-4.00000000e-02,4.75180403e+04,6.63916526e+05,-3.68371838e+05
1.40000000e-01,-4.00000000e-02,4.49665157e+04,6.14143023e+05,-3.26550695e+05
1.44000000e-01,-4.00000000e-02,4.26048962e+04,5.68765687e+05,-2.90402812e+05
1.48000000e-01,-4.00000000e-02,4.04163902e+04,5.27396327e+05,-2.59052461e+05
1.52000000e-01,-4.00000000e-02,3.83857256e+04,4.89667046e+05,-2.31771968e+05
1.56000000e-01,-4.00000000e-02,3.64990539e+04,4.55235327e+05,-2.07955253e+05
1.60000000e-01,-4.00000000e-02,3.47438429e+04,4.23786148e+05,-1.87096166e+05
1.64000000e-01,-4.00000000e-02,3.31087647e+04,3.95032247e+05,-1.68770786e+05
1.68000000e-01,-4.00000000e-02,3.15835850e+04,3.68713236e+05,-1.52622994e+05
1.72000000e-01,-4.00000000e-02,3.01590588e+04,3.44594082e+05,-1.38352702e+05
1.76000000e-01,-4.00000000e-02,2.88268323e+04,3.22463239e+05,-1.25706238e+05
1.80000000e-01,-4.00000000e-02,2.75793529e+04,3.02130665e+05,-1.14468497e+05
1.84000000e-01,-4.00000000e-02,2.64097870e+04,2.83425826e+05,-1.04456506e+05
1.88000000e-01,-4.00000000e-02,2.53119463e+04,2.66195786e+05,-9.55141444e+04
1.92000000e-01,-4.00000000e-02,2.42802207e+04,2.50303408e+05,-8.75077950e+04
1.96000000e-01,-4.00000000e-02,2.33095190e+04,2.35625697e+05,-8.03227627e+04
2.00000000e-01,-4.00000000e-02,2.23952151e+04,nan,nan
-2.00000000e-01,-3.60000000e-02,-2.26793678e+04,nan,nan
-1.96000000e-01,-3.60000000e-02,-2.36187137e+04,2.42239522e+05,7.40184383e+04
-1.92000000e-01,-3.60000000e-02,-2.46172840e+04,2.57672728e+05,8.07327982e+04
-1.88000000e-01,-3.60000000e-02,-2.56800956e+04,2.74426356e+05,8.82289630e+04
-1.84000000e-01,-3.60000000e-02,-2.68126948e+04,2.92640953e+05,9.66187466e+04
-1.80000000e-01,-3.60000000e-02,-2.80212232e+04,3.12474580e+05,1.06032982e+05
-1.76000000e-01,-3.60000000e-02,-2.93124915e+04,3.34105186e+05,1.16625269e+05
-1.72000000e-01,-3.60000000e-02,-3.06940647e+04,3.57733311e+05,1.28576565e+05
-1.68000000e-01,-3.60000000e-02,-3.21743580e+04,3.83585115e+05,1.42100811e+05
-1.64000000e-01,-3.60000000e-02,-3.37627456e+04,4.11915758e+05,1.57451870e+05
-1.60000000e-01,-3.60000000e-02,-3.54696840e+04,4.43013117e+05,1.74932110e+05
-1.56000000e-01,-3.60000000e-02,-3.73068505e+04,4.77201803e+05,1.94903037e+05
-1.52000000e-01,-3.60000000e-02,-3.92872984e+04,5.14847375e+05,2.17798538e+05
-1.48000000e-01,-3.60000000e-02,-4.14256295e+04,5.56360565e+05,2.44141408e+05
-1.44000000e-01,-3.60000000e-02,-4.37381830e+04,6.02201172e+05,2.74564015e+05
-1.40000000e-01,-3.60000000e-02,-4.62432389e+04,6.52881081e+05,3.09834195e+05
-1.36000000e-01,-3.60000000e-02,-4.89612316e+04,7.08965462e+05,3.50887737e+05
-1.32000000e-01,-3.60000000e-02,-5.19149626e+04,7.71070725e+05,3.98869089e+05
-1.28000000e-01,-3.60000000e-02,-5.51297974e+04,8.39856912e+05,4.55182271e+05
-1.24000000e-01,-3.60000000e-02,-5.86338179e+04,9.16010993e+05,5.21554245e+05
-1.20000000e-01,-3.60000000e-02,-6.24578853e+04,1.00021561e+06,6.00113070e+05
-1.16000000e-01,-3.60000000e-02,-6.66355428e+04,1.09309503e+06,6.93482910e+05
-1.12000000e-01,-3.60000000e-02,-7.12026456e+04,1.19512605e+06,8.04896704e+05
-1.08000000e-01,-3.60000000e-02,-7.61965512e+04,1.30649574e+06,9.38324392e+05
-1.04000000e-01,-3.60000000e-02,-8.16546115e+04,1.42688071e+06,1.09860830e+06
-1.00000000e-01,-3.60000000e-02,-8.76115968e+04,1.55511312e+06,1.29158517e+06
-9.60000000e-02,-3.60000000e-02,-9.40955165e+04,1.68869014e+06,1.52415230e+06
-9.20000000e-02,-3.60000000e-02,-1.01121118e+05,1.82308046e+06,1.80419730e+06
-8.80000000e-02,-3.60000000e-02,-1.08680160e+05,1.95079611e+06,2.14025048e+06
-8.40000000e-02,-3.60000000e-02,-1.16727487e+05,2.06025413e+06,2.54063287e+06
-8.00000000e-02,-3.60000000e-02,-1.25162193e+05,2.13458909e+06,3.01177200e+06
-7.60000000e-02,-3.60000000e-02,-1.33804200e+05,2.15083874e+06,3.55529879e+06
-7.20000000e-02,-3.60000000e-02,-1.42368903e+05,2.08032013e+06,4.16366046e+06
-6.80000000e-02,-3.60000000e-02,-1.50446761e+05,1.89140963e+06,4.81454680e+06
-6.40000000e-02,-3.60000000e-02,-1.57500180e+05,1.55591689e+06,5.46571046e+06
-6.00000000e-02,-3.60000000e-02,-1.62894096e+05,1.05910165e+06,6.05363879e+06
-5.60000000e-02,-3.60000000e-02,-1.65972993e+05,4.10724446e+05,6.50067917e+06
-5.20000000e-02,-3.60000000e-02,-1.66179891e+05,-3.48536227e+05,6.73296319e+06
-4.80000000e-02,-3.60000000e-02,-1.63184704e+05,-1.15132967e+06,6.70438094e+06
-4.40000000e-02,-3.60000000e-02,-1.56969254e+05,-1.91970540e+06,6.41428364e+06
-4.00000000e-02,-3.60000000e-02,-1.47827060e+05,-2.58641998e+06,5.90745751e+06
-3.60000000e-02,-3.60000000e-02,-1.36277894e+05,-3.11100686e+06,5.25636747e+06
-3.20000000e-02,-3.60000000e-02,-1.22939006e+05,-3.48401594e+06,4.53712514e+06
-2.80000000e-02,-3.60000000e-02,-1.08405767e+05,-3.72058491e+06,3.81149991e+06
-2.40000000e-02,-3.60000000e-02,-9.31743262e+04,-3.84936809e+06,3.11971909e+06
-2.00000000e-02,-3.60000000e-02,-7.76108218e+04,-3.90248510e+06,2.48170861e+06
-1.60000000e-02,-3.60000000e-02,-6.19544454e+04,-3.90908998e+06,1.90217009e+06
-1.20000000e-02,-3.60000000e-02,-4.63381020e+04,-3.89249963e+06,1.37603543e+06
-8.00000000e-03,-3.60000000e-02,-3.08144483e+04,-3.86967359e+06,8.92720145e+05
-4.00000000e-03,-3.60000000e-02,-1.53807133e+04,-3.85180604e+06,4.38886254e+05
0.00000000e+00,-3.60000000e-02,0.00000000e+00,-3.84517832e+06,-0.00000000e+00
4.00000000e-03,-3.60000000e-02,1.53807133e+04,-3.85180604e+06,-4.38886254e+05
8.00000000e-03,-3.60000000e-02,3.08144483e+04,-3.86967359e+06,-8.92720145e+05
1.20000000e-02,-3.60000000e-02,4.63381020e+04,-3.89249963e+06,-1.37603543e+06
1.60000000e-02,-3.60000000e-02,6.19544454e+04,-3.90908998e+06,-1.90217009e+06
2.00000000e-02,-3.60000000e-02,7.76108218e+04,-3.90248510e+06,-2.48170861e+06
2.40000000e-02,-3.60000000e-02,9.31743262e+04,-3.84936809e+06,-3.11971909e+06
2.80000000e-02,-3.60000000e-02,1.08405767e+05,-3.72058491e+06,-3.81149991e+06
3.20000000e-02,-3.60000000e-02,1.22939006e+05,-3.48401594e+06,-4.53712514e+06
3.60000000e-02,-3.60000000e-02,1.36277894e+05,-3.11100686e+06,-5.25636747e+06
4.00000000e-02,-3.60000000e-02,1.47827060e+05,-2.58641998e+06,-5.90745751e+06
4.40000000e-02,-3.60000000e-02,1.56969254e+05,-1.91970540e+06,-6.41428364e+06
4.80000000e-02,-3.60000000e-02,1.63184704e+05,-1.15132967e+06,-6.70438094e+06
5.20000000e-02,-3.60000000e-02,1.66179891e+05,-3.48536227e+05,-6.73296319e+06
5.60000000e-02,-3.60000000e-02,1.65972993e+05,4.10724446e+05,-6.50067917e+06
6.00000000e-02,-3.60000000e-02,1.62894096e+05,1.05910165e+06,-6.05363879e+06
6.40000000e-02,-3.60000000e-02,1.57500180e+05,1.55591689e+06,-5.46571046e+06
6.80000000e-02,-3.60000000e-02,1.50446761e+05,1.89140963e+06,-4.81454680e+06
7.20000000e-02,-3.60000000e-02,1.42368903e+05,2.08032013e+06,-4.16366046e+06
7.60000000e-02,-3.60000000e-02,1.33804200e+05,2.15083874e+06,-3.55529879e+06
8.00000000e-02,-3.60000000e-02,1.25162193e+05,2.13458909e+06,-3.01177200e+06
8.40000000e-02,-3.60000000e-02,1.16727487e+05,2.06025413e+06,-2.54063287e+06
8.80000000e-02,-3.60000000e-02,1.08680160e+05,1.95079611e+06,-2.14025048e+06
9.20000000e-02,-3.60000000e-02,1.01121118e+05,1.82308046e+06,-1.80419730e+06
9.60000000e-02,-3.60000000e-02,9.40955165e+04,1.68869014e+06,-1.52415230e+06
1.00000000e-01,-3.60000000e-02,8.76115968e+04,1.55511312e+06,-1.29158517e+06
1.04000000e-01,-3.60000000e-02,8.16546115e+04,1.42688071e+06,-1.09860830e+06
1.08000000e-01,-3.60000000e-02,7.61965512e+04,1.30649574e+06,-9.38324392e+05
1.12000000e-01,-3.60000000e-02,7.12026456e+04,1.19512605e+06,-8.04896704e+05
1.16000000e-01,-3.60000000e-02,6.66355428e+04,1.09309503e+06,-6.93482910e+05
1.20000000e-01,-3.60000000e-02,6.24578853e+04,1.00021561e+06,-6.00113070e+05
1.24000000e-01,-3.60000000e-02,5.86338179e+04,9.16010993e+05,-5.21554245e+05
1.28000000e-01,-3.60000000e-02,5.51297974e+04,8.39856912e+05,-4.55182271e+05
1.32000000e-01,-3.60000000e-02,5.19149626e+04,7.71070725e+05,-3.98869089e+05
1.36000000e-01,-3.60000000e-02,4.89612316e+04,7.08965462e+05,-3.50887737e+05
1.40000000e-01,-3.60000000e-02,4.62432389e+04,6.52881081e+05,-3.09834195e+05
1.44000000e-01,-3.60000000e-02,4.37381830e+04,6.02201172e+05,-2.74564015e+05
1.48000000e-01,-3.60000000e-02,4.14256295e+04,5.56360565e+05,-2.44141408e+05
1.52000000e-01,-3.60000000e-02,3.92872984e+04,5.14847375e+05,-2.17798538e+05
1.56000000e-01,-3.60000000e-02,3.73068505e+04,4.77201803e+05,-1.94903037e+05
1.60000000e-01,-3.60000000e-02,3.54696840e+04,4.43013117e+05,-1.74932110e+05
1.64000000e-01,-3.60000000e-02,3.37627456e+04,4.11915758e+05,-1.57451870e+05
1.68000000e-01,-3.60000000e-02,3.21743580e+04,3.83585115e+05,-1.42100811e+05
1.72000000e-01,-3.60000000e-02,3.06940647e+04,3.57733311e+05,-1.28576565e+05
1.76000000e-01,-3.60000000e-02,2.93124915e+04,3.34105186e+05,-1.16625269e+05
1.80000000e-01,-3.60000000e-02,2.80212232e+04,3.12474580e+05,-1.06032982e+05
1.84000000e-01,-3.60000000e-02,2.68126948e+04,2.92640953e+05,-9.66187466e+04
1.88000000e-01,-3.60000000e-02,2.56800956e+04,2.74426356e+05,-8.82289630e+04
1.92000000e-01,-3.60000000e-02,2.46172840e+04,2.57672728e+05,-8.07327982e+04
1.96000000e-01,-3.60000000e-02,2.36187137e+04,2.42239522e+05,-7.40184383e+04
2.00000000e-01,-3.60000000e-02,2.26793678e+04,nan,nan
-2.00000000e-01,-3.20000000e-02,-2.29391352e+04,nan,nan
-1.96000000e-01,-3.20000000e-02,-2.39016665e+04,2.48368483e+05,6.72152767e+04
-1.92000000e-01,-3.20000000e-02,-2.49260831e+04,2.64513933e+05,7.33902059e+04
-1.88000000e-01,-3.20000000e-02,-2.60177780e+04,2.82081735e+05,8.02962032e+04
-1.84000000e-01,-3.20000000e-02,-2.71827370e+04,3.01229845e+05,8.80400887e+04
-1.80000000e-01,-3.20000000e-02,-2.84276167e+04,3.22137188e+05,9.67473530e+04
-1.76000000e-01,-3.20000000e-02,-2.97598345e+04,3.45006823e+05,1.06565967e+05
-1.72000000e-01,-3.20000000e-02,-3.11876713e+04,3.70069623e+05,1.17671083e+05
-1.68000000e-01,-3.20000000e-02,-3.27203915e+04,3.97588542e+05,1.30270850e+05
-1.64000000e-01,-3.20000000e-02,-3.43683796e+04,4.27863546e+05,1.44613666e+05
-1.60000000e-01,-3.20000000e-02,-3.61432998e+04,4.61237314e+05,1.60997224e+05
-1.56000000e-01,-3.20000000e-02,-3.80582782e+04,4.98101754e+05,1.79779889e+05
-1.52000000e-01,-3.20000000e-02,-4.01281139e+04,5.38905418e+05,2.01395035e+05
-1.48000000e-01,-3.20000000e-02,-4.23695215e+04,5.84161803e+05,2.26369222e+05
-1.44000000e-01,-3.20000000e-02,-4.48014083e+04,6.34458474e+05,2.55345321e+05
-1.40000000e-01,-3.20000000e-02,-4.74451893e+04,6.90466745e+05,2.89112064e+05
-1.36000000e-01,-3.20000000e-02,-5.03251422e+04,7.52951420e+05,3.28641937e+05
-1.32000000e-01,-3.20000000e-02,-5.34688006e+04,8.22779575e+05,3.75139933e+05
-1.28000000e-01,-3.20000000e-02,-5.69073788e+04,9.00926644e+05,4.30106382e+05
-1.24000000e-01,-3.20000000e-02,-6.06762138e+04,9.88476742e+05,4.95418006e+05
-1.20000000e-01,-3.20000000e-02,-6.48151928e+04,1.08661213e+06,5.73432331e+05
-1.16000000e-01,-3.20000000e-02,-6.93691108e+04,1.19658342e+06,6.67121615e+05
-1.12000000e-01,-3.20000000e-02,-7.43878601e+04,1.31964679e+06,7.80243064e+05
-1.08000000e-01,-3.20000000e-02,-7.99262852e+04,1.45694646e+06,9.17551638e+05
-1.04000000e-01,-3.20000000e-02,-8.60434318e+04,1.60930788e+06,1.08505844e+06
-1.00000000e-01,-3.20000000e-02,-9.28007482e+04,1.77688931e+06,1.29032841e+06
-9.60000000e-02,-3.20000000e-02,-1.00258546e+05,1.95861436e+06,1.54278933e+06
-9.20000000e-02,-3.20000000e-02,-1.08469663e+05,2.15127925e+06,1.85397957e+06
-8.80000000e-02,-3.20000000e-02,-1.17468780e+05,2.34820614e+06,2.23757500e+06
-8.40000000e-02,-3.20000000e-02,-1.27255312e+05,2.53732957e+06,2.70888216e+06
-8.00000000e-02,-3.20000000e-02,-1.37767417e+05,2.69872788e+06,3.28323913e+06
-7.60000000e-02,-3.20000000e-02,-1.48845135e+05,2.80197736e+06,3.97244707e+06
-7.20000000e-02,-3.20000000e-02,-1.60183236e+05,2.80448173e+06,4.77812668e+06
-6.80000000e-02,-3.20000000e-02,-1.71280989e+05,2.65314315e+06,5.68126870e+06
-6.40000000e-02,-3.20000000e-02,-1.81408381e+05,2.29280417e+06,6.62925108e+06
-6.00000000e-02,-3.20000000e-02,-1.89623422e+05,1.68399513e+06,7.52623531e+06
-5.60000000e-02,-3.20000000e-02,-1.94880342e+05,8.27208184e+05,8.23868338e+06
-5.20000000e-02,-3.20000000e-02,-1.96241088e+05,-2.18257016e+05,8.62730884e+06
-4.80000000e-02,-3.20000000e-02,-1.93134286e+05,-1.33774494e+06,8.60031096e+06
-4.40000000e-02,-3.20000000e-02,-1.85539128e+05,-2.39365489e+06,8.15703177e+06
-4.00000000e-02,-3.20000000e-02,-1.73985047e+05,-3.27149575e+06,7.38792627e+06
-3.60000000e-02,-3.20000000e-02,-1.59367162e+05,-3.91229740e+06,6.43084388e+06
-3.20000000e-02,-3.20000000e-02,-1.42686667e+05,-4.31606303e+06,5.41772696e+06
-2.80000000e-02,-3.20000000e-02,-1.24838658e+05,-4.52292231e+06,4.44258195e+06
-2.40000000e-02,-3.20000000e-02,-1.06503289e+05,-4.58885170e+06,3.55586950e+06
-2.00000000e-02,-3.20000000e-02,-8.81278446e+04,-4.56791115e+06,2.77399403e+06
-1.60000000e-02,-3.20000000e-02,-6.99599997e+04,-4.50376815e+06,2.09214469e+06
-1.20000000e-02,-3.20000000e-02,-5.20976994e+04,-4.42796034e+06,1.49456801e+06
-8.00000000e-03,-3.20000000e-02,-3.45363171e+04,-4.36144571e+06,9.60993047e+05
-4.00000000e-03,-3.20000000e-02,-1.72061337e+04,-4.31703963e+06,4.69936542e+05
0.00000000e+00,-3.20000000e-02,0.00000000e+00,-4.30153342e+06,-0.00000000e+00
4.00000000e-03,-3.20000000e-02,1.72061337e+04,-4.31703963e+06,-4.69936542e+05
8.00000000e-03,-3.20000000e-02,3.45363171e+04,-4.36144571e+06,-9.60993047e+05
1.20000000e-02,-3.20000000e-02,5.20976994e+04,-4.42796034e+06,-1.49456801e+06
1.60000000e-02,-3.20000000e-02,6.99599997e+04,-4.50376815e+06,-2.09214469e+06
2.00000000e-02,-3.20000000e-02,8.81278446e+04,-4.56791115e+06,-2.77399403e+06
2.40000000e-02,-3.20000000e-02,1.06503289e+05,-4.58885170e+06,-3.55586950e+06
2.80000000e-02,-3.20000000e-02,1.24838658e+05,-4.52292231e+06,-4.44258195e+06
3.20000000e-02,-3.20000000e-02,1.42686667e+05,-4.31606303e+06,-5.41772696e+06
3.60000000e-02,-3.20000000e-02,1.59367162e+05,-3.91229740e+06,-6.43084388e+06
4.00000000e-02,-3.20000000e-02,1.73985047e+05,-3.27149575e+06,-7.38792627e+06
4.40000000e-02,-3.20000000e-02,1.85539128e+05,-2.39365489e+06,-8.15703177e+06
4.80000000e-02,-3.20000000e-02,1.93134286e+05,-1.33774494e+06,-8.60031096e+06
5.20000000e-02,-3.20000000e-02,1.96241088e+05,-2.18257016e+05,-8.62730884e+06
5.60000000e-02,-3.20000000e-02,1.94880342e+05,8.27208184e+05,-8.23868338e+06
6.00000000e-02,-3.20000000e-02,1.89623422e+05,1.68399513e+06,-7.52623531e+06
6.40000000e-02,-3.20000000e-02,1.81408381e+05,2.29280417e+06,-6.62925108e+06
6.80000000e-02,-3.20000000e-02,1.71280989e+05,2.65314315e+06,-5.68126870e+06
7.20000000e-02,-3.20000000e-02,1.60183236e+05,2.80448173e+06,-4.77812668e+06
7.60000000e-02,-3.20000000e-02,1.48845135e+05,2.80197736e+06,-3.97244707e+06
8.00000000e-02,-3.20000000e-02,1.37767417e+05,2.69872788e+06,-3.28323913e+06
8.40000000e-02,-3.20000000e-02,1.27255312e+05,2.53732957e+06,-2.70888216e+06
8.80000000e-02,-3.20000000e-02,1.17468780e+05,2.34820614e+06,-2.23757500e+06
9.20000000e-02,-3.20000000e-02,1.08469663e+05,2.15127925e+06,-1.85397957e+06
9.60000000e-02,-3.20000000e-02,1.00258546e+05,1.95861436e+06,-1.54278933e+06
1.00000000e-01,-3.20000000e-02,9.28007482e+04,1.77688931e+06,-1.29032841e+06
1.04000000e-01,-3.20000000e-02,8.60434318e+04,1.60930788e+06,-1.08505844e+06
1.08000000e-01,-3.20000000e-02,7.99262852e+04,1.45694646e+06,-9.17551638e+05
1.12000000e-01,-3.20000000e-02,7.43878601e+04,1.31964679e+06,-7.80243064e+05
1.16000000e-01,-3.20000000e-02,6.93691108e+04,1.19658342e+06,-6.67121615e+05
1.20000000e-01,-3.20000000e-02,6.48151928e+04,1.08661213e+06,-5.73432331e+05
1.24000000e-01,-3.20000000e-02,6.06762138e+04,9.88476742e+05,-4.95418006e+05
1.28000000e-01,-3.20000000e-02,5.69073788e+04,9.00926644e+05,-4.30106382e+05
1.32000000e-01,-3.20000000e-02,5.34688006e+04,8.22779575e+05,-3.75139933e+05
1.36000000e-01,-3.20000000e-02,5.03251422e+04,7.52951420e+05,-3.28641937e+05
1.40000000e-01,-3.20000000e-02,4.74451893e+04,6.90466745e+05,-2.89112064e+05
1.44000000e-01,-3.20000000e-02,4.48014083e+04,6.34458474e+05,-2.55345321e+05
1.48000000e-01,-3.20000000e-02,4.23695215e+04,5.84161803e+05,-2.26369222e+05
1.52000000e-01,-3.20000000e-02,4.01281139e+04,5.38905418e+05,-2.01395035e+05
1.56000000e-01,-3.20000000e-02,3.80582782e+04,4.98101754e+05,-1.79779889e+05
1.60000000e-01,-3.20000000e-02,3.61432998e+04,4.61237314e+05,-1.60997224e+05
1.64000000e-01,-3.20000000e-02,3.43683796e+04,4.27863546e+05,-1.44613666e+05
1.68000000e-01,-3.20000000e-02,3.27203915e+04,3.97588542e+05,-1.30270850e+05
1.72000000e-01,-3.20000000e-02,3.11876713e+04,3.70069623e+05,-1.17671083e+05
1.76000000e-01,-3.20000000e-02,2.97598345e+04,3.45006823e+05,-1.06565967e+05
1.80000000e-01,-3.20000000e-02,2.84276167e+04,3.22137188e+05,-9.67473530e+04
1.84000000e-01,-3.20000000e-02,2.71827370e+04,3.01229845e+05,-8.80400887e+04
1.88000000e-01,-3.20000000e-02,2.60177780e+04,2.82081735e+05,-8.02962032e+04
1.92000000e-01,-3.20000000e-02,2.49260831e+04,2.64513933e+05,-7.33902059e+04
1.96000000e-01,-3.20000000e-02,2.39016665e+04,2.48368483e+05,-6.72152767e+04
2.00000000e-01,-3.20000000e-02,2.29391352e+04,nan,nan
-2.00000000e-01,-2.80000000e-02,-2.31728091e+04,nan,nan
-1.96000000e-01,-2.80000000e-02,-2.41564359e+04,2.53949564e+05,5.99440973e+04
-1.92000000e-01,-2.80000000e-02,-2.52044056e+04,2.70753655e+05,6.55135748e+04
-1.88000000e-01,-2.80000000e-02,-2.63224652e+04,2.89076238e+05,7.17522794e+04
-1.84000000e-01,-2.80000000e-02,-2.75170155e+04,3.09092103e+05,7.87598656e+04
-1.80000000e-01,-2.80000000e-02,-2.87952020e+04,3.31000458e+05,8.66538272e+04
-1.76000000e-01,-2.80000000e-02,-3.01650192e+04,3.55028915e+05,9.55732475e+04
-1.72000000e-01,-2.80000000e-02,-3.16354333e+04,3.81438193e+05,1.05683458e+05
-1.68000000e-01,-2.80000000e-02,-3.32165248e+04,4.10527698e+05,1.17181858e+05
-1.64000000e-01,-2.80000000e-02,-3.49196549e+04,4.42642131e+05,1.30305213e+05
-1.60000000e-01,-2.80000000e-02,-3.67576618e+04,4.78179340e+05,1.45338874e+05
-1.56000000e-01,-2.80000000e-02,-3.87450896e+04,5.17599614e+05,1.62628469e+05
-1.52000000e-01,-2.80000000e-02,-4.08984587e+04,5.61436709e+05,1.82594835e+05
-1.48000000e-01,-2.80000000e-02,-4.32365833e+04,6.10310851e+05,2.05753180e+05
-1.44000000e-01,-2.80000000e-02,-4.57809455e+04,6.64944014e+05,2.32737838e+05
-1.40000000e-01,-2.80000000e-02,-4.85561354e+04,7.26177696e+05,2.64334430e+05
-1.36000000e-01,-2.80000000e-02,-5.15903671e+04,7.94993332e+05,3.01521903e+05
-1.32000000e-01,-2.80000000e-02,-5.49160821e+04,8.72535170e+05,3.45527786e+05
-1.28000000e-01,-2.80000000e-02,-5.85706485e+04,9.60134985e+05,3.97901241e+05
-1.24000000e-01,-2.80000000e-02,-6.25971619e+04,1.05933694e+06,4.60610083e+05
-1.20000000e-01,-2.80000000e-02,-6.70453440e+04,1.17191922e+06,5.36170173e+05
-1.16000000e-01,-2.80000000e-02,-7.19725157e+04,1.29990577e+06,6.27818411e+05
-1.12000000e-01,-2.80000000e-02,-7.74445901e+04,1.44555607e+06,7.39744103e+05
-1.08000000e-01,-2.80000000e-02,-8.35369643e+04,1.61131112e+06,8.77397394e+05
-1.04000000e-01,-2.80000000e-02,-9.03350791e+04,1.79965748e+06,1.04789680e+06
-1.00000000e-01,-2.80000000e-02,-9.79342241e+04,2.01284401e+06,1.26055788e+06
-9.60000000e-02,-2.80000000e-02,-1.06437831e+05,2.25234130e+06,1.52755526e+06
-9.20000000e-02,-2.80000000e-02,-1.15952954e+05,2.51786613e+06,1.86469607e+06
-8.80000000e-02,-2.80000000e-02,-1.26580760e+05,2.80569870e+06,2.29219405e+06
-8.40000000e-02,-2.80000000e-02,-1.38398544e+05,3.10591825e+06,2.83513185e+06
-8.00000000e-02,-2.80000000e-02,-1.51428106e+05,3.39815400e+06,3.52288392e+06
-7.60000000e-02,-2.80000000e-02,-1.65583776e+05,3.64572630e+06,4.38601325e+06
-7.20000000e-02,-2.80000000e-02,-1.80593917e+05,3.78914177e+06,5.44801764e+06
-6.80000000e-02,-2.80000000e-02,-1.95896910e+05,3.74253403e+06,6.70831442e+06
-6.40000000e-02,-2.80000000e-02,-2.10534189e+05,3.40088350e+06,8.11420101e+06
-6.00000000e-02,-2.80000000e-02,-2.23103978e+05,2.66853394e+06,9.52806970e+06
-5.60000000e-02,-2.80000000e-02,-2.31882460e+05,1.51179798e+06,1.07156029e+07
-5.20000000e-02,-2.80000000e-02,-2.35198362e+05,1.30913599e+04,1.13969668e+07
-4.80000000e-02,-2.80000000e-02,-2.31987191e+05,-1.62160674e+06,1.13720116e+07
-4.40000000e-02,-2.80000000e-02,-2.22225508e+05,-3.13209010e+06,1.06400893e+07
-4.00000000e-02,-2.80000000e-02,-2.06930470e+05,-4.31260787e+06,9.40002142e+06
-3.60000000e-02,-2.80000000e-02,-1.87724645e+05,-5.08120616e+06,7.93021387e+06
-3.20000000e-02,-2.80000000e-02,-1.66280821e+05,-5.47227787e+06,6.46338186e+06
-2.80000000e-02,-2.80000000e-02,-1.43946422e+05,-5.58244237e+06,5.13526780e+06
-2.40000000e-02,-2.80000000e-02,-1.21621282e+05,-5.51795602e+06,3.99633679e+06
-2.00000000e-02,-2.80000000e-02,-9.98027740e+04,-5.36620991e+06,3.04442271e+06
-1.60000000e-02,-2.80000000e-02,-7.86916029e+04,-5.18851599e+06,2.25258662e+06
-1.20000000e-02,-2.80000000e-02,-5.82946461e+04,-5.02365128e+06,1.58589421e+06
-8.00000000e-03,-2.80000000e-02,-3.85023927e+04,-4.89430506e+06,1.00935549e+06
-4.00000000e-03,-2.80000000e-02,-1.91402056e+04,-4.81279909e+06,4.90615811e+05
0.00000000e+00,-2.80000000e-02,0.00000000e+00,-4.78505141e+06,-0.00000000e+00
4.00000000e-03,-2.80000000e-02,1.91402056e+04,-4.81279909e+06,-4.90615811e+05
8.00000000e-03,-2.80000000e-02,3.85023927e+04,-4.89430506e+06,-1.00935549e+06
1.20000000e-02,-2.80000000e-02,5.82946461e+04,-5.02365128e+06,-1.58589421e+06
1.60000000e-02,-2.80000000e-02,7.86916029e+04,-5.18851599e+06,-2.25258662e+06
2.00000000e-02,-2.80000000e-02,9.98027740e+04,-5.36620991e+06,-3.04442271e+06
2.40000000e-02,-2.80000000e-02,1.21621282e+05,-5.51795602e+06,-3.99633679e+06
2.80000000e-02,-2.80000000e-02,1.43946422e+05,-5.58244237e+06,-5.13526780e+06
3.20000000e-02,-2.80000000e-02,1.66280821e+05,-5.47227787e+06,-6.46338186e+06
3.60000000e-02,-2.80000000e-02,1.87724645e+05,-5.08120616e+06,-7.93021387e+06
4.00000000e-02,-2.80000000e-02,2.06930470e+05,-4.31260787e+06,-9.40002142e+06
4.40000000e-02,-2.80000000e-02,2.22225508e+05,-3.13209010e+06,-1.06400893e+07
4.80000000e-02,-2.80000000e-02,2.31987191e+05,-1.62160674e+06,-1.13720116e+07
5.20000000e-02,-2.80000000e-02,2.35198362e+05,1.30913599e+04,-1.13969668e+07
5.60000000e-02,-2.80000000e-02,2.31882460e+05,1.51179798e+06,-1.07156029e+07
6.00000000e-02,-2.80000000e-02,2.23103978e+05,2.66853394e+06,-9.52806970e+06
6.40000000e-02,-2.80000000e-02,2.10534189e+05,3.40088350e+06,-8.11420101e+06
6.80000000e-02,-2.80000000e-02,1.95896910e+05,3.74253403e+06,-6.70831442e+06
7.20000000e-02,-2.80000000e-02,1.80593917e+05,3.78914177e+06,-5.44801764e+06
7.60000000e-02,-2.80000000e-02,1.65583776e+05,3.64572630e+06,-4.38601325e+06
8.00000000e-02,-2.80000000e-02,1.51428106e+05,3.39815400e+06,-3.52288392e+06
8.40000000e-02,-2.80000000e-02,1.38398544e+05,3.10591825e+06,-2.83513185e+06
8.80000000e-02,-2.80000000e-02,1.26580760e+05,2.80569870e+06,-2.29219405e+06
9.20000000e-02,-2.80000000e-02,1.15952954e+05,2.51786613e+06,-1.86469607e+06
9.60000000e-02,-2.80000000e-02,1.06437831e+05,2.25234130e+06,-1.52755526e+06
1.00000000e-01,-2.80000000e-02,9.79342241e+04,2.01284401e+06,-1.26055788e+06
1.04000000e-01,-2.80000000e-02,9.03350791e+04,1.79965748e+06,-1.04789680e+06
1.08000000e-01,-2.80000000e-02,8.35369643e+04,1.61131112e+06,-8.77397394e+05
1.12000000e-01,-2.80000000e-02,7.74445901e+04,1.44555607e+06,-7.39744103e+05
1.16000000e-01,-2.80000000e-02,7.19725157e+04,1.29990577e+06,-6.27818411e+05
1.20000000e-01,-2.80000000e-02,6.70453440e+04,1.17191922e+06,-5.36170173e+05
1.24000000e-01,-2.80000000e-02,6.25971619e+04,1.05933694e+06,-4.60610083e+05
1.28000000e-01,-2.80000000e-02,5.85706485e+04,9.60134985e+05,-3.97901241e+05
1.32000000e-01,-2.80000000e-02,5.49160821e+04,8.72535170e+05,-3.45527786e+05
1.36000000e-01,-2.80000000e-02,5.15903671e+04,7.94993332e+05,-3.01521903e+05
1.40000000e-01,-2.80000000e-02,4.85561354e+04,7.26177696e+05,-2.64334430e+05
1.44000000e-01,-2.80000000e-02,4.57809455e+04,6.64944014e+05,-2.32737838e+05
1.48000000e-01,-2.80000000e-02,4.32365833e+04,6.10310851e+05,-2.05753180e+05
1.52000000e-01,-2.80000000e-02,4.08984587e+04,5.61436709e+05,-1.82594835e+05
1.56000000e-01,-2.80000000e-02,3.87450896e+04,5.17599614e+05,-1.62628469e+05
1.60000000e-01,-2.80000000e-02,3.67576618e+04,4.78179340e+05,-1.45338874e+05
1.64000000e-01,-2.80000000e-02,3.49196549e+04,4.42642131e+05,-1.30305213e+05
1.68000000e-01,-2.80000000e-02,3.32165248e+04,4.10527698e+05,-1.17181858e+05
1.72000000e-01,-2.80000000e-02,3.16354333e+04,3.81438193e+05,-1.05683458e+05
1.76000000e-01,-2.80000000e-02,3.01650192e+04,3.55028915e+05,-9.55732475e+04
1.80000000e-01,-2.80000000e-02,2.87952020e+04,3.31000458e+05,-8.66538272e+04
1.84000000e-01,-2.80000000e-02,2.75170155e+04,3.09092103e+05,-7.87598656e+04
1.88000000e-01,-2.80000000e-02,2.63224652e+04,2.89076238e+05,-7.17522794e+04
1.92000000e-01,-2.80000000e-02,2.52044056e+04,2.70753655e+05,-6.55135748e+04
1.96000000e-01,-2.80000000e-02,2.41564359e+04,2.53949564e+05,-5.99440973e+04
2.00000000e-01,-2.80000000e-02,2.31728091e+04,nan,nan
-2.00000000e-01,-2.40000000e-02,-2.33788072e+04,nan,nan
-1.96000000e-01,-2.40000000e-02,-2.43812193e+04,2.58923060e+05,5.22432851e+04
-1.92000000e-01,-2.40000000e-02,-2.54501917e+04,2.76322115e+05,5.71454611e+04
-1.88000000e-01,-2.40000000e-02,-2.65917962e+04,2.95328025e+05,6.26443481e+04
-1.84000000e-01,-2.40000000e-02,-2.78128159e+04,3.16131393e+05,6.88302783e+04
-1.80000000e-01,-2.40000000e-02,-2.91208473e+04,3.38950570e+05,7.58100903e+04
-1.76000000e-01,-2.40000000e-02,-3.05244204e+04,3.64036454e+05,8.37106899e+04
-1.72000000e-01,-2.40000000e-02,-3.20331390e+04,3.91678234e+05,9.26834997e+04
-1.68000000e-01,-2.40000000e-02,-3.36578463e+04,4.22210296e+05,1.02910053e+05
-1.64000000e-01,-2.40000000e-02,-3.54108213e+04,4.56020562e+05,1.14609071e+05
-1.60000000e-01,-2.40000000e-02,-3.73060108e+04,4.93560570e+05,1.28045460e+05
-1.56000000e-01,-2.40000000e-02,-3.93593059e+04,5.35357716e+05,1.43541846e+05
-1.52000000e-01,-2.40000000e-02,-4.15888725e+04,5.82030129e+05,1.61493437e+05
-1.48000000e-01,-2.40000000e-02,-4.40155469e+04,6.34304806e+05,1.82387328e+05
-1.44000000e-01,-2.40000000e-02,-4.66633110e+04,6.93039724e+05,2.06827748e+05
-1.40000000e-01,-2.40000000e-02,-4.95598647e+04,7.59250810e+05,2.35569333e+05
-1.36000000e-01,-2.40000000e-02,-5.27373175e+04,8.34144775e+05,2.69561328e+05
-1.32000000e-01,-2.40000000e-02,-5.62330229e+04,9.19158913e+05,3.10006766e+05
-1.28000000e-01,-2.40000000e-02,-6.00905888e+04,1.01600894e+06,3.58442353e+05
-1.24000000e-01,-2.40000000e-02,-6.43610945e+04,1.12674567e+06,4.16847202e+05
-1.20000000e-01,-2.40000000e-02,-6.91045542e+04,1.25382046e+06,4.87792003e+05
-1.16000000e-01,-2.40000000e-02,-7.43916581e+04,1.40015735e+06,5.74645269e+05
-1.12000000e-01,-2.40000000e-02,-8.03058129e+04,1.56922578e+06,6.81860432e+05
-1.08000000e-01,-2.40000000e-02,-8.69454643e+04,1.76509915e+06,8.15377714e+05
-1.04000000e-01,-2.40000000e-02,-9.44266062e+04,1.99246836e+06,9.83188354e+05
-1.00000000e-01,-2.40000000e-02,-1.02885211e+05,2.25654777e+06,1.19612610e+06
-9.60000000e-02,-2.40000000e-02,-1.12478988e+05,2.56275255e+06,1.46896886e+06
-9.20000000e-02,-2.40000000e-02,-1.23387232e+05,2.91591804e+06,1.82194166e+06
-8.80000000e-02,-2.40000000e-02,-1.35806333e+05,3.31864193e+06,2.28267978e+06
-8.40000000e-02,-2.40000000e-02,-1.49936367e+05,3.76801945e+06,2.88855806e+06
-8.00000000e-02,-2.40000000e-02,-1.65950488e+05,4.24960927e+06,3.68882999e+06
-7.60000000e-02,-2.40000000e-02,-1.83933241e+05,4.72711108e+06,4.74484434e+06
-7.20000000e-02,-2.40000000e-02,-2.03767377e+05,5.12678290e+06,6.12401128e+06
-6.80000000e-02,-2.40000000e-02,-2.24947504e+05,5.31932652e+06,7.87851597e+06
-6.40000000e-02,-2.40000000e-02,-2.46321989e+05,5.11255945e+06,9.99475798e+06
-6.00000000e-02,-2.40000000e-02,-2.65847980e+05,4.28539706e+06,1.23055562e+07
-5.60000000e-02,-2.40000000e-02,-2.80605165e+05,2.69610529e+06,1.44031337e+07
-5.20000000e-02,-2.40000000e-02,-2.87416822e+05,4.38151637e+05,1.56852882e+07
-4.80000000e-02,-2.40000000e-02,-2.84110379e+05,-2.09462242e+06,1.56628343e+07
-4.40000000e-02,-2.40000000e-02,-2.70659843e+05,-4.36564506e+06,1.43351559e+07
-4.00000000e-02,-2.40000000e-02,-2.49185218e+05,-5.98137121e+06,1.21901723e+07
-3.60000000e-02,-2.40000000e-02,-2.22808873e+05,-6.84893696e+06,9.82871652e+06
-3.20000000e-02,-2.40000000e-02,-1.94393722e+05,-7.11100910e+06,7.65701417e+06
-2.80000000e-02,-2.40000000e-02,-1.65920801e+05,-6.98996739e+06,5.84041753e+06
-2.40000000e-02,-2.40000000e-02,-1.38473983e+05,-6.67969679e+06,4.39030011e+06
-2.00000000e-02,-2.40000000e-02,-1.12483226e+05,-6.31166132e+06,3.25169309e+06
-1.60000000e-02,-2.40000000e-02,-8.79806927e+04,-5.96229666e+06,2.35363189e+06
-1.20000000e-02,-2.40000000e-02,-6.47848530e+04,-5.67119147e+06,1.63014924e+06
-8.00000000e-03,-2.40000000e-02,-4.26111610e+04,-5.45672411e+06,1.02590197e+06
-4.00000000e-03,-2.40000000e-02,-2.11310602e+04,-5.32639512e+06,4.95385645e+05
0.00000000e+00,-2.40000000e-02,0.00000000e+00,-5.28276504e+06,-0.00000000e+00
4.00000000e-03,-2.40000000e-02,2.11310602e+04,-5.32639512e+06,-4.95385645e+05
8.00000000e-03,-2.40000000e-02,4.26111610e+04,-5.45672411e+06,-1.02590197e+06
1.20000000e-02,-2.40000000e-02,6.47848530e+04,-5.67119147e+06,-1.63014924e+06
1.60000000e-02,-2.40000000e-02,8.79806927e+04,-5.96229666e+06,-2.35363189e+06
2.00000000e-02,-2.40000000e-02,1.12483226e+05,-6.31166132e+06,-3.25169309e+06
2.40000000e-02,-2.40000000e-02,1.38473983e+05,-6.67969679e+06,-4.39030011e+06
2.80000000e-02,-2.40000000e-02,1.65920801e+05,-6.98996739e+06,-5.84041753e+06
3.20000000e-02,-2.40000000e-02,1.94393722e+05,-7.11100910e+06,-7.65701417e+06
3.60000000e-02,-2.40000000e-02,2.22808873e+05,-6.84893696e+06,-9.82871652e+06
4.00000000e-02,-2.40000000e-02,2.49185218e+05,-5.98137121e+06,-1.21901723e+07
4.40000000e-02,-2.40000000e-02,2.70659843e+05,-4.36564506e+06,-1.43351559e+07
4.80000000e-02,-2.40000000e-02,2.84110379e+05,-2.09462242e+06,-1.56628343e+07
5.20000000e-02,-2.40000000e-02,2.87416822e+05,4.38151637e+05,-1.56852882e+07
5.60000000e-02,-2.40000000e-02,2.80605165e+05,2.69610529e+06,-1.44031337e+07
6.00000000e-02,-2.40000000e-02,2.65847980e+05,4.28539706e+06,-1.23055562e+07
6.40000000e-02,-2.40000000e-02,2.46321989e+05,5.11255945e+06,-9.99475798e+06
6.80000000e-02,-2.40000000e-02,2.24947504e+05,5.31932652e+06,-7.87851597e+06
7.20000000e-02,-2.40000000e-02,2.03767377e+05,5.12678290e+06,-6.12401128e+06
7.60000000e-02,-2.40000000e-02,1.83933241e+05,4.72711108e+06,-4.74484434e+06
8.00000000e-02,-2.40000000e-02,1.65950488e+05,4.24960927e+06,-3.68882999e+06
8.40000000e-02,-2.40000000e-02,1.49936367e+05,3.76801945e+06,-2.88855806e+06
8.80000000e-02,-2.40000000e-02,1.35806333e+05,3.31864193e+06,-2.28267978e+06
9.20000000e-02,-2.40000000e-02,1.23387232e+05,2.91591804e+06,-1.82194166e+06
9.60000000e-02,-2.40000000e-02,1.12478988e+05,2.56275255e+06,-1.46896886e+06
1.00000000e-01,-2.40000000e-02,1.02885211e+05,2.25654777e+06,-1.19612610e+06
1.04000000e-01,-2.40000000e-02,9.44266062e+04,1.99246836e+06,-9.83188354e+05
1.08000000e-01,-2.40000000e-02,8.69454643e+04,1.76509915e+06,-8.15377714e+05
1.12000000e-01,-2.40000000e-02,8.03058129e+04,1.56922578e+06,-6.81860432e+05
1.16000000e-01,-2.40000000e-02,7.43916581e+04,1.40015735e+06,-5.74645269e+05
1.20000000e-01,-2.40000000e-02,6.91045542e+04,1.25382046e+06,-4.87792003e+05
1.24000000e-01,-2.40000000e-02,6.43610945e+04,1.12674567e+06,-4.16847202e+05
1.28000000e-01,-2.40000000e-02,6.00905888e+04,1.01600894e+06,-3.58442353e+05
1.32000000e-01,-2.40000000e-02,5.62330229e+04,9.19158913e+05,-3.10006766e+05
1.36000000e-01,-2.40000000e-02,5.27373175e+04,8.34144775e+05,-2.69561328e+05
1.40000000e-01,-2.40000000e-02,4.95598647e+04,7.59250810e+05,-2.35569333e+05
1.44000000e-01,-2.40000000e-02,4.66633110e+04,6.93039724e+05,-2.06827748e+05
1.48000000e-01,-2.40000000e-02,4.40155469e+04,6.34304806e+05,-1.82387328e+05
1.52000000e-01,-2.40000000e-02,4.15888725e+04,5.82030129e+05,-1.61493437e+05
1.56000000e-01,-2.40000000e-02,3.93593059e+04,5.35357716e+05,-1.43541846e+05
1.60000000e-01,-2.40000000e-02,3.73060108e+04,4.93560570e+05,-1.28045460e+05
1.64000000e-01,-2.40000000e-02,3.54108213e+04,4.56020562e+05,-1.14609071e+05
1.68000000e-01,-2.40000000e-02,3.36578463e+04,4.22210296e+05,-1.02910053e+05
1.72000000e-01,-2.40000000e-02,3.20331390e+04,3.91678234e+05,-9.26834997e+04
1.76000000e-01,-2.40000000e-02,3.05244204e+04,3.64036454e+05,-8.37106899e+04
1.80000000e-01,-2.40000000e-02,2.91208473e+04,3.38950570e+05,-7.58100903e+04
1.84000000e-01,-2.40000000e-02,2.78128159e+04,3.16131393e+05,-6.88302783e+04
1.88000000e-01,-2.40000000e-02,2.65917962e+04,2.95328025e+05,-6.26443481e+04
1.92000000e-01,-2.40000000e-02,2.54501917e+04,2.76322115e+05,-5.71454611e+04
1.96000000e-01,-2.40000000e-02,2.43812193e+04,2.58923060e+05,-5.22432851e+04
2.00000000e-01,-2.40000000e-02,2.33788072e+04,nan,nan
-2.00000000e-01,-2.00000000e-02,-2.35556982e+04,nan,nan
-1.96000000e-01,-2.00000000e-02,-2.45743822e+04,2.63233893e+05,4.41584981e+04
-1.92000000e-01,-2.00000000e-02,-2.56615693e+04,2.81154718e+05,4.83371178e+04
-1.88000000e-01,-2.00000000e-02,-2.68236200e+04,3.00761056e+05,5.30300070e+04
-1.84000000e-01,-2.00000000e-02,-2.80676578e+04,3.22257845e+05,5.83161131e+04
-1.80000000e-01,-2.00000000e-02,-2.94016827e+04,3.45880870e+05,6.42890630e+04
-1.76000000e-01,-2.00000000e-02,-3.08347047e+04,3.71902325e+05,7.10603971e+04
-1.72000000e-01,-2.00000000e-02,-3.23769013e+04,4.00637557e+05,7.87636334e+04
-1.68000000e-01,-2.00000000e-02,-3.40398052e+04,4.32453269e+05,8.75594056e+04
-1.64000000e-01,-2.00000000e-02,-3.58365275e+04,4.67777538e+05,9.76420025e+04
-1.60000000e-01,-2.00000000e-02,-3.77820255e+04,5.07112115e+05,1.09247747e+05
-1.56000000e-01,-2.00000000e-02,-3.98934244e+04,5.51047591e+05,1.22665809e+05
-1.52000000e-01,-2.00000000e-02,-4.21904062e+04,6.00282192e+05,1.38252270e+05
-1.48000000e-01,-2.00000000e-02,-4.46956819e+04,6.55645162e+05,1.56448555e+05
-1.44000000e-01,-2.00000000e-02,-4.74355675e+04,7.18126018e+05,1.77805805e+05
-1.40000000e-01,-2.00000000e-02,-5.04406901e+04,7.88911276e+05,2.03017380e+05
-1.36000000e-01,-2.00000000e-02,-5.37468577e+04,8.69430764e+05,2.32962620e+05
-1.32000000e-01,-2.00000000e-02,-5.73961362e+04,9.61416195e+05,2.68766347e+05
-1.28000000e-01,-2.00000000e-02,-6.14381873e+04,1.06697542e+06,3.11880602e+05
-1.24000000e-01,-2.00000000e-02,-6.59319396e+04,1.18868659e+06,3.64198163e+05
-1.20000000e-01,-2.00000000e-02,-7.09476800e+04,1.32971728e+06,4.28211965e+05
-1.16000000e-01,-2.00000000e-02,-7.65696778e+04,1.49397420e+06,5.07241616e+05
-1.12000000e-01,-2.00000000e-02,-8.28994736e+04,1.68628852e+06,6.05759072e+05
-1.08000000e-01,-2.00000000e-02,-9.00599860e+04,1.91263904e+06,7.29862453e+05
-1.04000000e-01,-2.00000000e-02,-9.82005859e+04,2.18040587e+06,8.87973259e+05
-1.00000000e-01,-2.00000000e-02,-1.07503233e+05,2.49862451e+06,1.09187295e+06
-9.60000000e-02,-2.00000000e-02,-1.18189582e+05,2.87815686e+06,1.35825639e+06
-9.20000000e-02,-2.00000000e-02,-1.30528488e+05,3.33157706e+06,1.71106817e+06
-8.80000000e-02,-2.00000000e-02,-1.44842198e+05,3.87231510e+06,2.18500038e+06
-8.40000000e-02,-2.00000000e-02,-1.61507009e+05,4.51206845e+06,2.83062197e+06
-8.00000000e-02,-2.00000000e-02,-1.80938746e+05,5.25444028e+06,3.72150098e+06
-7.60000000e-02,-2.00000000e-02,-2.03542531e+05,6.08090760e+06,4.96278277e+06
-7.20000000e-02,-2.00000000e-02,-2.29586007e+05,6.92281340e+06,6.69732752e+06
-6.80000000e-02,-2.00000000e-02,-2.58925038e+05,7.61328072e+06,9.09565520e+06
-6.40000000e-02,-2.00000000e-02,-2.90492253e+05,7.82792374e+06,1.22929898e+07
-6.00000000e-02,-2.00000000e-02,-3.21548428e+05,7.07690969e+06,1.62046420e+07
-5.60000000e-02,-2.00000000e-02,-3.47107530e+05,4.89152992e+06,2.01891252e+07
-5.20000000e-02,-2.00000000e-02,-3.60680667e+05,1.27279193e+06,2.28648344e+07
-4.80000000e-02,-2.00000000e-02,-3.57289866e+05,-2.97173898e+06,2.28453239e+07
-4.40000000e-02,-2.00000000e-02,-3.36906755e+05,-6.60475212e+06,2.01300325e+07
-4.00000000e-02,-2.00000000e-02,-3.04451849e+05,-8.81904726e+06,1.61042502e+07
-3.60000000e-02,-2.00000000e-02,-2.66354377e+05,-9.61436427e+06,1.21483256e+07
-3.20000000e-02,-2.00000000e-02,-2.27536935e+05,-9.46057687e+06,8.90230918e+06
-2.80000000e-02,-2.00000000e-02,-1.90669762e+05,-8.84915643e+06,6.44917879e+06
-2.40000000e-02,-2.00000000e-02,-1.56743683e+05,-8.10668045e+06,4.65159847e+06
-2.00000000e-02,-2.00000000e-02,-1.25816319e+05,-7.40287814e+06,3.33636775e+06
-1.60000000e-02,-2.00000000e-02,-9.75206580e+04,-6.81005984e+06,2.35714375e+06
-1.20000000e-02,-2.00000000e-02,-7.13358401e+04,-6.35138119e+06,1.60416484e+06
-8.00000000e-03,-2.00000000e-02,-4.67096085e+04,-6.02906866e+06,9.97634565e+05
-4.00000000e-03,-2.00000000e-02,-2.31032908e+04,-5.83870106e+06,4.78442126e+05
0.00000000e+00,-2.00000000e-02,0.00000000e+00,-5.77582270e+06,-0.00000000e+00
4.00000000e-03,-2.00000000e-02,2.31032908e+04,-5.83870106e+06,-4.78442126e+05
8.00000000e-03,-2.00000000e-02,4.67096085e+04,-6.02906866e+06,-9.97634565e+05
1.20000000e-02,-2.00000000e-02,7.13358401e+04,-6.35138119e+06,-1.60416484e+06
1.60000000e-02,-2.00000000e-02,9.75206580e+04,-6.81005984e+06,-2.35714375e+06
2.00000000e-02,-2.00000000e-02,1.25816319e+05,-7.40287814e+06,-3.33636775e+06
2.40000000e-02,-2.00000000e-02,1.56743683e+05,-8.10668045e+06,-4.65159847e+06
2.80000000e-02,-2.00000000e-02,1.90669762e+05,-8.84915643e+06,-6.44917879e+06
3.20000000e-02,-2.00000000e-02,2.27536935e+05,-9.46057687e+06,-8.90230918e+06
3.60000000e-02,-2.00000000e-02,2.66354377e+05,-9.61436427e+06,-1.21483256e+07
4.00000000e-02,-2.00000000e-02,3.04451849e+05,-8.81904726e+06,-1.61042502e+07
4.40000000e-02,-2.00000000e-02,3.36906755e+05,-6.60475212e+06,-2.01300325e+07
4.80000000e-02,-2.00000000e-02,3.57289866e+05,-2.97173898e+06,-2.28453239e+07
5.20000000e-02,-2.00000000e-02,3.60680667e+05,1.27279193e+06,-2.28648344e+07
5.60000000e-02,-2.00000000e-02,3.47107530e+05,4.89152992e+06,-2.01891252e+07
6.00000000e-02,-2.00000000e-02,3.21548428e+05,7.07690969e+06,-1.62046420e+07
6.40000000e-02,-2.00000000e-02,2.90492253e+05,7.82792374e+06,-1.22929898e+07
6.80000000e-02,-2.00000000e-02,2.58925038e+05,7.61328072e+06,-9.09565520e+06
7.20000000e-02,-2.00000000e-02,2.29586007e+05,6.92281340e+06,-6.69732752e+06
7.60000000e-02,-2.00000000e-02,2.03542531e+05,6.08090760e+06,-4.96278277e+06
8.00000000e-02,-2.00000000e-02,1.80938746e+05,5.25444028e+06,-3.72150098e+06
8.40000000e-02,-2.00000000e-02,1.61507009e+05,4.51206845e+06,-2.83062197e+06
8.80000000e-02,-2.00000000e-02,1.44842198e+05,3.87231510e+06,-2.18500038e+06
9.20000000e-02,-2.00000000e-02,1.30528488e+05,3.33157706e+06,-1.71106817e+06
9.60000000e-02,-2.00000000e-02,1.18189582e+05,2.87815686e+06,-1.35825639e+06
1.00000000e-01,-2.00000000e-02,1.07503233e+05,2.49862451e+06,-1.09187295e+06
1.04000000e-01,-2.00000000e-02,9.82005859e+04,2.18040587e+06,-8.87973259e+05
1.08000000e-01,-2.00000000e-02,9.00599860e+04,1.91263904e+06,-7.29862453e+05
1.12000000e-01,-2.00000000e-02,8.28994736e+04,1.68628852e+06,-6.05759072e+05
1.16000000e-01,-2.00000000e-02,7.65696778e+04,1.49397420e+06,-5.07241616e+05
1.20000000e-01,-2.00000000e-02,7.09476800e+04,1.32971728e+06,-4.28211965e+05
1.24000000e-01,-2.00000000e-02,6.59319396e+04,1.18868659e+06,-3.64198163e+05
1.28000000e-01,-2.00000000e-02,6.14381873e+04,1.06697542e+06,-3.11880602e+05
1.32000000e-01,-2.00000000e-02,5.73961362e+04,9.61416195e+05,-2.68766347e+05
1.36000000e-01,-2.00000000e-02,5.37468577e+04,8.69430764e+05,-2.32962620e+05
1.40000000e-01,-2.00000000e-02,5.04406901e+04,7.88911276e+05,-2.03017380e+05
1.44000000e-01,-2.00000000e-02,4.74355675e+04,7.18126018e+05,-1.77805805e+05
1.48000000e-01,-2.00000000e-02,4.46956819e+04,6.55645162e+05,-1.56448555e+05
1.52000000e-01,-2.00000000e-02,4.21904062e+04,6.00282192e+05,-1.38252270e+05
1.56000000e-01,-2.00000000e-02,3.98934244e+04,5.51047591e+05,-1.22665809e+05
1.60000000e-01,-2.00000000e-02,3.77820255e+04,5.07112115e+05,-1.09247747e+05
1.64000000e-01,-2.00000000e-02,3.58365275e+04,4.67777538e+05,-9.76420025e+04
1.68000000e-01,-2.00000000e-02,3.40398052e+04,4.32453269e+05,-8.75594056e+04
1.72000000e-01,-2.00000000e-02,3.23769013e+04,4.00637557e+05,-7.87636334e+04
1.76000000e-01,-2.00000000e-02,3.08347047e+04,3.71902325e+05,-7.10603971e+04
1.80000000e-01,-2.00000000e-02,2.94016827e+04,3.45880870e+05,-6.42890630e+04
1.84000000e-01,-2.00000000e-02,2.80676578e+04,3.22257845e+05,-5.83161131e+04
1.88000000e-01,-2.00000000e-02,2.68236200e+04,3.00761056e+05,-5.30300070e+04
1.92000000e-01,-2.00000000e-02,2.56615693e+04,2.81154718e+05,-4.83371178e+04
1.96000000e-01,-2.00000000e-02,2.45743822e+04,2.63233893e+05,-4.41584981e+04
2.00000000e-01,-2.00000000e-02,2.35556982e+04,nan,nan
-2.00000000e-01,-1.60000000e-02,-2.37022255e+04,nan,nan
-1.96000000e-01,-1.60000000e-02,-2.47344873e+04,2.66832887e+05,3.57421543e+04
-1.92000000e-01,-1.60000000e-02,-2.58368886e+04,2.85193624e+05,3.91479192e+04
-1.88000000e-01,-1.60000000e-02,-2.70160363e+04,3.05307021e+05,4.29766515e+04
-1.84000000e-01,-1.60000000e-02,-2.82793448e+04,3.27390449e+05,4.72940312e+04
-1.80000000e-01,-1.60000000e-02,-2.96351598e+04,3.51694854e+05,5.21781255e+04
-1.76000000e-01,-1.60000000e-02,-3.10929036e+04,3.78511024e+05,5.77221650e+04
-1.72000000e-01,-1.60000000e-02,-3.26632480e+04,4.08177242e+05,6.40380483e+04
-1.68000000e-01,-1.60000000e-02,-3.43583216e+04,4.41088665e+05,7.12607932e+04
-1.64000000e-01,-1.60000000e-02,-3.61919574e+04,4.77708903e+05,7.95542310e+04
-1.60000000e-01,-1.60000000e-02,-3.81799928e+04,5.18584377e+05,8.91183441e+04
-1.56000000e-01,-1.60000000e-02,-4.03406324e+04,5.64362239e+05,1.00198796e+05
-1.52000000e-01,-1.60000000e-02,-4.26948907e+04,6.15812875e+05,1.13099413e+05
-1.48000000e-01,-1.60000000e-02,-4.52671354e+04,6.73858342e+05,1.28198666e+05
-1.44000000e-01,-1.60000000e-02,-4.80857574e+04,7.39608549e+05,1.45971665e+05
-1.40000000e-01,-1.60000000e-02,-5.11840038e+04,8.14407625e+05,1.67019762e+05
-1.36000000e-01,-1.60000000e-02,-5.46010184e+04,8.99893742e+05,1.92110866e+05
-1.32000000e-01,-1.60000000e-02,-5.83831537e+04,9.98076895e+05,2.22234932e+05
-1.28000000e-01,-1.60000000e-02,-6.25856336e+04,1.11144076e+06,2.58681294e+05
-1.24000000e-01,-1.60000000e-02,-6.72746798e+04,1.24307704e+06,3.03147821e+05
-1.20000000e-01,-1.60000000e-02,-7.25302499e+04,1.39686391e+06,3.57897148e+05
-1.16000000e-01,-1.60000000e-02,-7.84495911e+04,1.57770445e+06,4.25983591e+05
-1.12000000e-01,-1.60000000e-02,-8.51518855e+04,1.79184661e+06,5.11587953e+05
-1.08000000e-01,-1.60000000e-02,-9.27843640e+04,2.04731334e+06,6.20519794e+05
-1.04000000e-01,-1.60000000e-02,-1.01530392e+05,2.35447886e+06,7.60984315e+05
-1.00000000e-01,-1.60000000e-02,-1.11620195e+05,2.72683090e+06,9.44774855e+05
-9.60000000e-02,-1.60000000e-02,-1.23345039e+05,3.18194776e+06,1.18916229e+06
-9.20000000e-02,-1.60000000e-02,-1.37075777e+05,3.74266203e+06,1.51994432e+06
-8.80000000e-02,-1.60000000e-02,-1.53286336e+05,4.43819573e+06,1.97645020e+06
-8.40000000e-02,-1.60000000e-02,-1.72581343e+05,5.30452005e+06,2.61986026e+06
-8.00000000e-02,-1.60000000e-02,-1.95722496e+05,6.38177007e+06,3.54708195e+06
-7.60000000e-02,-1.60000000e-02,-2.23635503e+05,7.70293762e+06,4.91349033e+06
-7.20000000e-02,-1.60000000e-02,-2.57345997e+05,9.25965534e+06,6.96771192e+06
-6.80000000e-02,-1.60000000e-02,-2.97712746e+05,1.09149888e+07,1.00937270e+07
-6.40000000e-02,-1.60000000e-02,-3.44665908e+05,1.22215462e+07,1.48151481e+07
-6.00000000e-02,-1.60000000e-02,-3.95485116e+05,1.21815324e+07,2.15746853e+07
-5.60000000e-02,-1.60000000e-02,-4.42118167e+05,9.35629767e+06,2.98168696e+07
-5.20000000e-02,-1.60000000e-02,-4.70335497e+05,3.09435036e+06,3.63227261e+07
-4.80000000e-02,-1.60000000e-02,-4.66872970e+05,-4.82942432e+06,3.63065660e+07
-4.40000000e-02,-1.60000000e-02,-4.31700103e+05,-1.11067188e+07,2.97679062e+07
-4.00000000e-02,-1.60000000e-02,-3.78019219e+05,-1.39630781e+07,2.14914382e+07
-3.60000000e-02,-1.60000000e-02,-3.19995478e+05,-1.40508780e+07,1.46950484e+07
-3.20000000e-02,-1.60000000e-02,-2.65612196e+05,-1.28101559e+07,9.93295203e+06
-2.80000000e-02,-1.60000000e-02,-2.17514231e+05,-1.12406781e+07,6.76093079e+06
-2.40000000e-02,-1.60000000e-02,-1.75686771e+05,-9.79250783e+06,4.65349007e+06
-2.00000000e-02,-1.60000000e-02,-1.39174168e+05,-8.60611605e+06,3.22422993e+06
-1.60000000e-02,-1.60000000e-02,-1.06837843e+05,-7.69449956e+06,2.22133341e+06
-1.20000000e-02,-1.60000000e-02,-7.76181717e+04,-7.03070065e+06,1.48512455e+06
-8.00000000e-03,-1.60000000e-02,-5.05922375e+04,-6.58244682e+06,9.12778158e+05
-4.00000000e-03,-1.60000000e-02,-2.49585972e+04,-6.32402969e+06,4.34808953e+05
0.00000000e+00,-1.60000000e-02,0.00000000e+00,-6.23964929e+06,-0.00000000e+00
4.00000000e-03,-1.60000000e-02,2.49585972e+04,-6.32402969e+06,-4.34808953e+05
8.00000000e-03,-1.60000000e-02,5.05922375e+04,-6.58244682e+06,-9.12778158e+05
1.20000000e-02,-1.60000000e-02,7.76181717e+04,-7.03070065e+06,-1.48512455e+06
1.60000000e-02,-1.60000000e-02,1.06837843e+05,-7.69449956e+06,-2.22133341e+06
2.00000000e-02,-1.60000000e-02,1.39174168e+05,-8.60611605e+06,-3.22422993e+06
2.40000000e-02,-1.60000000e-02,1.75686771e+05,-9.79250783e+06,-4.65349007e+06
2.80000000e-02,-1.60000000e-02,2.17514231e+05,-1.12406781e+07,-6.76093079e+06
3.20000000e-02,-1.60000000e-02,2.65612196e+05,-1.28101559e+07,-9.93295203e+06
3.60000000e-02,-1.60000000e-02,3.19995478e+05,-1.40508780e+07,-1.46950484e+07
4.00000000e-02,-1.60000000e-02,3.78019219e+05,-1.39630781e+07,-2.14914382e+07
4.40000000e-02,-1.60000000e-02,4.31700103e+05,-1.11067188e+07,-2.97679062e+07
4.80000000e-02,-1.60000000e-02,4.66872970e+05,-4.82942432e+06,-3.63065660e+07
5.20000000e-02,-1.60000000e-02,4.70335497e+05,3.09435036e+06,-3.63227261e+07
5.60000000e-02,-1.60000000e-02,4.42118167e+05,9.35629767e+06,-2.98168696e+07
6.00000000e-02,-1.60000000e-02,3.95485116e+05,1.21815324e+07,-2.15746853e+07
6.40000000e-02,-1.60000000e-02,3.44665908e+05,1.22215462e+07,-1.48151481e+07
6.80000000e-02,-1.60000000e-02,2.97712746e+05,1.09149888e+07,-1.00937270e+07
7.20000000e-02,-1.60000000e-02,2.57345997e+05,9.25965534e+06,-6.96771192e+06
7.60000000e-02,-1.60000000e-02,2.23635503e+05,7.70293762e+06,-4.91349033e+06
8.00000000e-02,-1.60000000e-02,1.95722496e+05,6.38177007e+06,-3.54708195e+06
8.40000000e-02,-1.60000000e-02,1.72581343e+05,5.30452005e+06,-2.61986026e+06
8.80000000e-02,-1.60000000e-02,1.53286336e+05,4.43819573e+06,-1.97645020e+06
9.20000000e-02,-1.60000000e-02,1.37075777e+05,3.74266203e+06,-1.51994432e+06
9.60000000e-02,-1.60000000e-02,1.23345039e+05,3.18194776e+06,-1.18916229e+06
1.00000000e-01,-1.60000000e-02,1.11620195e+05,2.72683090e+06,-9.44774855e+05
1.04000000e-01,-1.60000000e-02,1.01530392e+05,2.35447886e+06,-7.60984315e+05
1.08000000e-01,-1.60000000e-02,9.27843640e+04,2.04731334e+06,-6.20519794e+05
1.12000000e-01,-1.60000000e-02,8.51518855e+04,1.79184661e+06,-5.11587953e+05
1.16000000e-01,-1.60000000e-02,7.84495911e+04,1.57770445e+06,-4.25983591e+05
1.20000000e-01,-1.60000000e-02,7.25302499e+04,1.39686391e+06,-3.57897148e+05
1.24000000e-01,-1.60000000e-02,6.72746798e+04,1.24307704e+06,-3.03147821e+05
1.28000000e-01,-1.60000000e-02,6.25856336e+04,1.11144076e+06,-2.58681294e+05
1.32000000e-01,-1.60000000e-02,5.83831537e+04,9.98076895e+05,-2.22234932e+05
1.36000000e-01,-1.60000000e-02,5.46010184e+04,8.99893742e+05,-1.92110866e+05
1.40000000e-01,-1.60000000e-02,5.11840038e+04,8.14407625e+05,-1.67019762e+05
1.44000000e-01,-1.60000000e-02,4.80857574e+04,7.39608549e+05,-1.45971665e+05
1.48000000e-01,-1.60000000e-02,4.52671354e+04,6.73858342e+05,-1.28198666e+05
1.52000000e-01,-1.60000000e-02,4.26948907e+04,6.15812875e+05,-1.13099413e+05
1.56000000e-01,-1.60000000e-02,4.03406324e+04,5.64362239e+05,-1.00198796e+05
1.60000000e-01,-1.60000000e-02,3.81799928e+04,5.18584377e+05,-8.91183441e+04
1.64000000e-01,-1.60000000e-02,3.61919574e+04,4.77708903e+05,-7.95542310e+04
1.68000000e-01,-1.60000000e-02,3.43583216e+04,4.41088665e+05,-7.12607932e+04
1.72000000e-01,-1.60000000e-02,3.26632480e+04,4.08177242e+05,-6.40380483e+04
1.76000000e-01,-1.60000000e-02,3.10929036e+04,3.78511024e+05,-5.77221650e+04
1.80000000e-01,-1.60000000e-02,2.96351598e+04,3.51694854e+05,-5.21781255e+04
1.84000000e-01,-1.60000000e-02,2.82793448e+04,3.27390449e+05,-4.72940312e+04
1.88000000e-01,-1.60000000e-02,2.70160363e+04,3.05307021e+05,-4.29766515e+04
1.92000000e-01,-1.60000000e-02,2.58368886e+04,2.85193624e+05,-3.91479192e+04
1.96000000e-01,-1.60000000e-02,2.47344873e+04,2.66832887e+05,-3.57421543e+04
2.00000000e-01,-1.60000000e-02,2.37022255e+04,nan,nan
-2.00000000e-01,-1.20000000e-02,-2.38173290e+04,nan,nan
-1.96000000e-01,-1.20000000e-02,-2.48603195e+04,2.69677962e+05,2.70527047e+04
-1.92000000e-01,-1.20000000e-02,-2.59747527e+04,2.88389215e+05,2.96445138e+04
-1.88000000e-01,-1.20000000e-02,-2.71674332e+04,3.08907168e+05,3.25604899e+04
-1.84000000e-01,-1.20000000e-02,-2.84460100e+04,3.31459319e+05,3.58514229e+04
-1.80000000e-01,-1.20000000e-02,-2.98191077e+04,3.56309004e+05,3.95777873e+04
-1.76000000e-01,-1.20000000e-02,-3.12964821e+04,3.83762248e+05,4.38119431e+04
-1.72000000e-01,-1.20000000e-02,-3.28892057e+04,4.14176185e+05,4.86409209e+04
-1.68000000e-01,-1.20000000e-02,-3.46098915e+04,4.47969452e+05,5.41699744e+04
-1.64000000e-01,-1.20000000e-02,-3.64729613e+04,4.85635089e+05,6.05271421e+04
-1.60000000e-01,-1.20000000e-02,-3.84949722e+04,5.27756680e+05,6.78691522e+04
-1.56000000e-01,-1.20000000e-02,-4.06950148e+04,5.75028660e+05,7.63891291e+04
-1.52000000e-01,-1.20000000e-02,-4.30952015e+04,6.28282062e+05,8.63267401e+04
-1.48000000e-01,-1.20000000e-02,-4.57212713e+04,6.88517414e+05,9.79816819e+04
-1.44000000e-01,-1.20000000e-02,-4.86033408e+04,7.56947114e+05,1.11731787e+05
-1.40000000e-01,-1.20000000e-02,-5.17768482e+04,8.35050477e+05,1.28057595e+05
-1.36000000e-01,-1.20000000e-02,-5.52837447e+04,9.24645934e+05,1.47576089e+05
-1.32000000e-01,-1.20000000e-02,-5.91740156e+04,1.02798662e+06,1.71087593e+05
-1.28000000e-01,-1.20000000e-02,-6.35076376e+04,1.14788831e+06,1.99641851e+05
-1.24000000e-01,-1.20000000e-02,-6.83571221e+04,1.28790245e+06,2.34632491e+05
-1.20000000e-01,-1.20000000e-02,-7.38108572e+04,1.45255305e+06,2.77934228e+05
-1.16000000e-01,-1.20000000e-02,-7.99775466e+04,1.64766500e+06,3.32105558e+05
-1.12000000e-01,-1.20000000e-02,-8.69921772e+04,1.88082472e+06,4.00693869e+05
-1.08000000e-01,-1.20000000e-02,-9.50241443e+04,2.16203540e+06,4.88704109e+05
-1.04000000e-01,-1.20000000e-02,-1.04288460e+05,2.50466093e+06,6.03334884e+05
-1.00000000e-01,-1.20000000e-02,-1.15061432e+05,2.92680249e+06,7.55162936e+05
-9.60000000e-02,-1.20000000e-02,-1.27702880e+05,3.45332632e+06,9.60100279e+05
-9.20000000e-02,-1.20000000e-02,-1.42688042e+05,4.11886496e+06,1.24272261e+06
-8.80000000e-02,-1.20000000e-02,-1.60653800e+05,4.97223104e+06,1.64210879e+06
-8.40000000e-02,-1.20000000e-02,-1.82465891e+05,6.08270021e+06,2.22243072e+06
-8.00000000e-02,-1.20000000e-02,-2.09315402e+05,7.54807035e+06,3.09282225e+06
-7.60000000e-02,-1.20000000e-02,-2.42850453e+05,9.50153757e+06,4.44587945e+06
-7.20000000e-02,-1.20000000e-02,-2.85327702e+05,1.21030500e+07,6.63407570e+06
-6.80000000e-02,-1.20000000e-02,-3.39674854e+05,1.54607169e+07,1.03212269e+07
-6.40000000e-02,-1.20000000e-02,-4.09013437e+05,1.93088820e+07,1.67592035e+07
-6.00000000e-02,-1.20000000e-02,-4.94145910e+05,2.20786312e+07,2.81043725e+07
-5.60000000e-02,-1.20000000e-02,-5.85642487e+05,1.96395707e+07,4.65111546e+07
-5.20000000e-02,-1.20000000e-02,-6.51262476e+05,7.76248834e+06,6.64652206e+07
-4.80000000e-02,-1.20000000e-02,-6.47742394e+05,-9.52655886e+06,6.64527645e+07
-4.40000000e-02,-1.20000000e-02,-5.75050005e+05,-2.14198799e+07,4.64734022e+07
-4.00000000e-02,-1.20000000e-02,-4.76383355e+05,-2.38919050e+07,2.80401466e+07
-3.60000000e-02,-1.20000000e-02,-3.83914765e+05,-2.11728505e+07,1.66664571e+07
-3.20000000e-02,-1.20000000e-02,-3.07000551e+05,-1.73946945e+07,1.01969058e+07
-2.80000000e-02,-1.20000000e-02,-2.44757209e+05,-1.41286184e+07,6.47390496e+06
-2.40000000e-02,-1.20000000e-02,-1.93971604e+05,-1.16433813e+07,4.24404684e+06
-2.00000000e-02,-1.20000000e-02,-1.51610158e+05,-9.83503480e+06,2.84151877e+06
-1.60000000e-02,-1.20000000e-02,-1.15291325e+05,-8.54916521e+06,1.91118335e+06
-1.20000000e-02,-1.20000000e-02,-8.32168365e+04,-7.65993644e+06,1.25680420e+06
-8.00000000e-03,-1.20000000e-02,-5.40118338e+04,-7.07938426e+06,7.64159010e+05
-4.00000000e-03,-1.20000000e-02,-2.65817624e+04,-6.75147922e+06,3.61800362e+05
0.00000000e+00,-1.20000000e-02,0.00000000e+00,-6.64544060e+06,-0.00000000e+00
4.00000000e-03,-1.20000000e-02,2.65817624e+04,-6.75147922e+06,-3.61800362e+05
8.00000000e-03,-1.20000000e-02,5.40118338e+04,-7.07938426e+06,-7.64159010e+05
1.20000000e-02,-1.20000000e-02,8.32168365e+04,-7.65993644e+06,-1.25680420e+06
1.60000000e-02,-1.20000000e-02,1.15291325e+05,-8.54916521e+06,-1.91118335e+06
2.00000000e-02,-1.20000000e-02,1.51610158e+05,-9.83503480e+06,-2.84151877e+06
2.40000000e-02,-1.20000000e-02,1.93971604e+05,-1.16433813e+07,-4.24404684e+06
2.80000000e-02,-1.20000000e-02,2.44757209e+05,-1.41286184e+07,-6.47390496e+06
3.20000000e-02,-1.20000000e-02,3.07000551e+05,-1.73946945e+07,-1.01969058e+07
3.60000000e-02,-1.20000000e-02,3.83914765e+05,-2.11728505e+07,-1.66664571e+07
4.00000000e-02,-1.20000000e-02,4.76383355e+05,-2.38919050e+07,-2.80401466e+07
4.40000000e-02,-1.20000000e-02,5.75050005e+05,-2.14198799e+07,-4.64734022e+07
4.80000000e-02,-1.20000000e-02,6.47742394e+05,-9.52655886e+06,-6.64527645e+07
5.20000000e-02,-1.20000000e-02,6.51262476e+05,7.76248834e+06,-6.64652206e+07
5.60000000e-02,-1.20000000e-02,5.85642487e+05,1.96395707e+07,-4.65111546e+07
6.00000000e-02,-1.20000000e-02,4.94145910e+05,2.20786312e+07,-2.81043725e+07
6.40000000e-02,-1.20000000e-02,4.09013437e+05,1.93088820e+07,-1.67592035e+07
6.80000000e-02,-1.20000000e-02,3.39674854e+05,1.54607169e+07,-1.03212269e+07
7.20000000e-02,-1.20000000e-02,2.85327702e+05,1.21030500e+07,-6.63407570e+06
7.60000000e-02,-1.20000000e-02,2.42850453e+05,9.50153757e+06,-4.44587945e+06
8.00000000e-02,-1.20000000e-02,2.09315402e+05,7.54807035e+06,-3.09282225e+06
8.40000000e-02,-1.20000000e-02,1.82465891e+05,6.08270021e+06,-2.22243072e+06
8.80000000e-02,-1.20000000e-02,1.60653800e+05,4.97223104e+06,-1.64210879e+06
9.20000000e-02,-1.20000000e-02,1.42688042e+05,4.11886496e+06,-1.24272261e+06
9.60000000e-02,-1.20000000e-02,1.27702880e+05,3.45332632e+06,-9.60100279e+05
1.00000000e-01,-1.20000000e-02,1.15061432e+05,2.92680249e+06,-7.55162936e+05
1.04000000e-01,-1.20000000e-02,1.04288460e+05,2.50466093e+06,-6.03334884e+05
1.08000000e-01,-1.20000000e-02,9.50241443e+04,2.16203540e+06,-4.88704109e+05
1.12000000e-01,-1.20000000e-02,8.69921772e+04,1.88082472e+06,-4.00693869e+05
1.16000000e-01,-1.20000000e-02,7.99775466e+04,1.64766500e+06,-3.32105558e+05
1.20000000e-01,-1.20000000e-02,7.38108572e+04,1.45255305e+06,-2.77934228e+05
1.24000000e-01,-1.20000000e-02,6.83571221e+04,1.28790245e+06,-2.34632491e+05
1.28000000e-01,-1.20000000e-02,6.35076376e+04,1.14788831e+06,-1.99641851e+05
1.32000000e-01,-1.20000000e-02,5.91740156e+04,1.02798662e+06,-1.71087593e+05
1.36000000e-01,-1.20000000e-02,5.52837447e+04,9.24645934e+05,-1.47576089e+05
1.40000000e-01,-1.20000000e-02,5.17768482e+04,8.35050477e+05,-1.28057595e+05
1.44000000e-01,-1.20000000e-02,4.86033408e+04,7.56947114e+05,-1.11731787e+05
1.48000000e-01,-1.20000000e-02,4.57212713e+04,6.88517414e+05,-9.79816819e+04
1.52000000e-01,-1.20000000e-02,4.30952015e+04,6.28282062e+05,-8.63267401e+04
1.56000000e-01,-1.20000000e-02,4.06950148e+04,5.75028660e+05,-7.63891291e+04
1.60000000e-01,-1.20000000e-02,3.84949722e+04,5.27756680e+05,-6.78691522e+04
1.64000000e-01,-1.20000000e-02,3.64729613e+04,4.85635089e+05,-6.05271421e+04
1.68000000e-01,-1.20000000e-02,3.46098915e+04,4.47969452e+05,-5.41699744e+04
1.72000000e-01,-1.20000000e-02,3.28892057e+04,4.14176185e+05,-4.86409209e+04
1.76000000e-01,-1.20000000e-02,3.12964821e+04,3.83762248e+05,-4.38119431e+04
1.80000000e-01,-1.20000000e-02,2.98191077e+04,3.56309004e+05,-3.95777873e+04
1.84000000e-01,-1.20000000e-02,2.84460100e+04,3.31459319e+05,-3.58514229e+04
1.88000000e-01,-1.20000000e-02,2.71674332e+04,3.08907168e+05,-3.25604899e+04
1.92000000e-01,-1.20000000e-02,2.59747527e+04,2.88389215e+05,-2.96445138e+04
1.96000000e-01,-1.20000000e-02,2.48603195e+04,2.69677962e+05,-2.70527047e+04
2.00000000e-01,-1.20000000e-02,2.38173290e+04,nan,nan
-2.00000000e-01,-8.00000000e-03,-2.39001632e+04,nan,nan
-1.96000000e-01,-8.00000000e-03,-2.49509089e+04,2.71735192e+05,1.81537034e+04
-1.92000000e-01,-8.00000000e-03,-2.60740447e+04,2.90701409e+05,1.98997233e+04
-1.88000000e-01,-8.00000000e-03,-2.72765202e+04,3.11513930e+05,2.18652349e+04
-1.84000000e-01,-8.00000000e-03,-2.85661562e+04,3.34407746e+05,2.40848480e+04
-1.80000000e-01,-8.00000000e-03,-2.99517821e+04,3.59655374e+05,2.65998246e+04
-1.76000000e-01,-8.00000000e-03,-3.14433992e+04,3.87574158e+05,2.94596037e+04
-1.72000000e-01,-8.00000000e-03,-3.30523754e+04,4.18535274e+05,3.27237380e+04
-1.68000000e-01,-8.00000000e-03,-3.47916814e+04,4.52974887e+05,3.64643690e+04
-1.64000000e-01,-8.00000000e-03,-3.66761745e+04,4.91408081e+05,4.07694150e+04
-1.60000000e-01,-8.00000000e-03,-3.87229460e+04,5.34446364e+05,4.57467110e+04
-1.56000000e-01,-8.00000000e-03,-4.09517454e+04,5.82819827e+05,5.15294301e+04
-1.52000000e-01,-8.00000000e-03,-4.33855046e+04,6.37405428e+05,5.82832505e+04
-1.48000000e-01,-8.00000000e-03,-4.60509888e+04,6.99263389e+05,6.62159211e+04
-1.44000000e-01,-8.00000000e-03,-4.89796117e+04,7.69684462e+05,7.55901674e+04
-1.40000000e-01,-8.00000000e-03,-5.22084645e+04,8.50251927e+05,8.67413009e+04
-1.36000000e-01,-8.00000000e-03,-5.57816271e+04,9.42923740e+05,1.00101544e+05
-1.32000000e-01,-8.00000000e-03,-5.97518545e+04,1.05014266e+06,1.16234080e+05
-1.28000000e-01,-8.00000000e-03,-6.41827684e+04,1.17498566e+06,1.35881415e+05
-1.24000000e-01,-8.00000000e-03,-6.91517397e+04,1.32136941e+06,1.60035137e+05
-1.20000000e-01,-8.00000000e-03,-7.47537237e+04,1.49433698e+06,1.90038310e+05
-1.16000000e-01,-8.00000000e-03,-8.11064355e+04,1.70046410e+06,2.27738594e+05
-1.12000000e-01,-8.00000000e-03,-8.83574365e+04,1.94844516e+06,2.75722049e+05
-1.08000000e-01,-8.00000000e-03,-9.66939968e+04,2.24995436e+06,3.37678375e+05
-1.04000000e-01,-8.00000000e-03,-1.06357071e+05,2.62093769e+06,4.18986256e+05
-1.00000000e-01,-8.00000000e-03,-1.17661498e+05,3.08359629e+06,5.27678445e+05
-9.60000000e-02,-8.00000000e-03,-1.31025842e+05,3.66950743e+06,6.76084603e+05
-9.20000000e-02,-8.00000000e-03,-1.47017558e+05,4.42467054e+06,8.83730387e+05
-8.80000000e-02,-8.00000000e-03,-1.66423206e+05,5.41790385e+06,1.18266688e+06
-8.40000000e-02,-8.00000000e-03,-1.90360789e+05,6.75523352e+06,1.62773509e+06
-8.00000000e-02,-8.00000000e-03,-2.20465074e+05,8.60521880e+06,2.31741970e+06
-7.60000000e-02,-8.00000000e-03,-2.59202539e+05,1.12441911e+07,3.43889266e+06
-7.20000000e-02,-8.00000000e-03,-3.10418603e+05,1.51350028e+07,5.37236744e+06
-6.80000000e-02,-8.00000000e-03,-3.80282561e+05,2.10401166e+07,8.95270090e+06
-6.40000000e-02,-8.00000000e-03,-4.78739536e+05,3.00046919e+07,1.61830582e+07
-6.00000000e-02,-8.00000000e-03,-6.20320096e+05,4.19334835e+07,3.23345343e+07
-5.60000000e-02,-8.00000000e-03,-8.14207403e+05,4.77171457e+07,7.19973472e+07
-5.20000000e-02,-8.00000000e-03,-1.00205726e+06,2.30359603e+07,1.58796203e+08
-4.80000000e-02,-8.00000000e-03,-9.98495086e+05,-2.48212427e+07,1.58787733e+08
-4.40000000e-02,-8.00000000e-03,-8.03487320e+05,-4.95193367e+07,7.19716720e+07
-4.00000000e-02,-8.00000000e-03,-6.02340393e+05,-4.37700232e+07,3.22908345e+07
-3.60000000e-02,-8.00000000e-03,-4.53327135e+05,-3.18941188e+07,1.61199085e+07
-3.20000000e-02,-8.00000000e-03,-3.47187442e+05,-2.30027080e+07,8.86797018e+06
-2.80000000e-02,-8.00000000e-03,-2.69305471e+05,-1.71935371e+07,5.26306466e+06
-2.40000000e-02,-8.00000000e-03,-2.09639146e+05,-1.34248940e+07,3.30093677e+06
-2.00000000e-02,-8.00000000e-03,-1.61906318e+05,-1.09389795e+07,2.14530309e+06
-1.60000000e-02,-8.00000000e-03,-1.22127309e+05,-9.27921413e+06,1.41403043e+06
-1.20000000e-02,-8.00000000e-03,-8.76726054e+04,-8.17772499e+06,9.17297452e+05
-8.00000000e-03,-8.00000000e-03,-5.67055096e+04,-7.47745066e+06,5.52872916e+05
-4.00000000e-03,-8.00000000e-03,-2.78530001e+04,-7.08818870e+06,2.60484830e+05
0.00000000e+00,-8.00000000e-03,0.00000000e+00,-6.96325001e+06,-0.00000000e+00
4.00000000e-03,-8.00000000e-03,2.78530001e+04,-7.08818870e+06,-2.60484830e+05
8.00000000e-03,-8.00000000e-03,5.67055096e+04,-7.47745066e+06,-5.52872916e+05
1.20000000e-02,-8.00000000e-03,8.76726054e+04,-8.17772499e+06,-9.17297452e+05
1.60000000e-02,-8.00000000e-03,1.22127309e+05,-9.27921413e+06,-1.41403043e+06
2.00000000e-02,-8.00000000e-03,1.61906318e+05,-1.09389795e+07,-2.14530309e+06
2.40000000e-02,-8.00000000e-03,2.09639146e+05,-1.34248940e+07,-3.30093677e+06
2.80000000e-02,-8.00000000e-03,2.69305471e+05,-1.71935371e+07,-5.26306466e+06
3.20000000e-02,-8.00000000e-03,3.47187442e+05,-2.30027080e+07,-8.86797018e+06
3.60000000e-02,-8.00000000e-03,4.53327135e+05,-3.18941188e+07,-1.61199085e+07
4.00000000e-02,-8.00000000e-03,6.02340393e+05,-4.37700232e+07,-3.22908345e+07
4.40000000e-02,-8.00000000e-03,8.03487320e+05,-4.95193367e+07,-7.19716720e+07
4.80000000e-02,-8.00000000e-03,9.98495086e+05,-2.48212427e+07,-1.58787733e+08
5.20000000e-02,-8.00000000e-03,1.00205726e+06,2.30359603e+07,-1.58796203e+08
5.60000000e-02,-8.00000000e-03,8.14207403e+05,4.77171457e+07,-7.19973472e+07
6.00000000e-02,-8.00000000e-03,6.20320096e+05,4.19334835e+07,-3.23345343e+07
6.40000000e-02,-8.00000000e-03,4.78739536e+05,3.00046919e+07,-1.61830582e+07
6.80000000e-02,-8.00000000e-03,3.80282561e+05,2.10401166e+07,-8.95270090e+06
7.20000000e-02,-8.00000000e-03,3.10418603e+05,1.51350028e+07,-5.37236744e+06
7.60000000e-02,-8.00000000e-03,2.59202539e+05,1.12441911e+07,-3.43889266e+06
8.00000000e-02,-8.00000000e-03,2.20465074e+05,8.60521880e+06,-2.31741970e+06
8.40000000e-02,-8.00000000e-03,1.90360789e+05,6.75523352e+06,-1.62773509e+06
8.80000000e-02,-8.00000000e-03,1.66423206e+05,5.41790385e+06,-1.18266688e+06
9.20000000e-02,-8.00000000e-03,1.47017558e+05,4.42467054e+06,-8.83730387e+05
9.60000000e-02,-8.00000000e-03,1.31025842e+05,3.66950743e+06,-6.76084603e+05
1.00000000e-01,-8.00000000e-03,1.17661498e+05,3.08359629e+06,-5.27678445e+05
1.04000000e-01,-8.00000000e-03,1.06357071e+05,2.62093769e+06,-4.18986256e+05
1.08000000e-01,-8.00000000e-03,9.66939968e+04,2.24995436e+06,-3.37678375e+05
1.12000000e-01,-8.00000000e-03,8.83574365e+04,1.94844516e+06,-2.75722049e+05
1.16000000e-01,-8.00000000e-03,8.11064355e+04,1.70046410e+06,-2.27738594e+05
1.20000000e-01,-8.00000000e-03,7.47537237e+04,1.49433698e+06,-1.90038310e+05
1.24000000e-01,-8.00000000e-03,6.91517397e+04,1.32136941e+06,-1.60035137e+05
1.28000000e-01,-8.00000000e-03,6.41827684e+04,1.17498566e+06,-1.35881415e+05
1.32000000e-01,-8.00000000e-03,5.97518545e+04,1.05014266e+06,-1.16234080e+05
1.36000000e-01,-8.00000000e-03,5.57816271e+04,9.42923740e+05,-1.00101544e+05
1.40000000e-01,-8.00000000e-03,5.22084645e+04,8.50251927e+05,-8.67413009e+04
1.44000000e-01,-8.00000000e-03,4.89796117e+04,7.69684462e+05,-7.55901674e+04
1.48000000e-01,-8.00000000e-03,4.60509888e+04,6.99263389e+05,-6.62159211e+04
1.52000000e-01,-8.00000000e-03,4.33855046e+04,6.37405428e+05,-5.82832505e+04
1.56000000e-01,-8.00000000e-03,4.09517454e+04,5.82819827e+05,-5.15294301e+04
1.60000000e-01,-8.00000000e-03,3.87229460e+04,5.34446364e+05,-4.57467110e+04
1.64000000e-01,-8.00000000e-03,3.66761745e+04,4.91408081e+05,-4.07694150e+04
1.68000000e-01,-8.00000000e-03,3.47916814e+04,4.52974887e+05,-3.64643690e+04
1.72000000e-01,-8.00000000e-03,3.30523754e+04,4.18535274e+05,-3.27237380e+04
1.76000000e-01,-8.00000000e-03,3.14433992e+04,3.87574158e+05,-2.94596037e+04
1.80000000e-01,-8.00000000e-03,2.99517821e+04,3.59655374e+05,-2.65998246e+04
1.84000000e-01,-8.00000000e-03,2.85661562e+04,3.34407746e+05,-2.40848480e+04
1.88000000e-01,-8.00000000e-03,2.72765202e+04,3.11513930e+05,-2.18652349e+04
1.92000000e-01,-8.00000000e-03,2.60740447e+04,2.90701409e+05,-1.98997233e+04
1.96000000e-01,-8.00000000e-03,2.49509089e+04,2.71735192e+05,-1.81537034e+04
2.00000000e-01,-8.00000000e-03,2.39001632e+04,nan,nan
-2.00000000e-01,-4.00000000e-03,-2.39501130e+04,nan,nan
-1.96000000e-01,-4.00000000e-03,-2.50055491e+04,2.72979679e+05,9.11270178e+03
-1.92000000e-01,-4.00000000e-03,-2.61339505e+04,2.92100747e+05,9.99121636e+03
-1.88000000e-01,-4.00000000e-03,-2.73423551e+04,3.13092292e+05,1.09805061e+04
-1.84000000e-01,-4.00000000e-03,-2.86386888e+04,3.36193909e+05,1.20981055e+04
-1.80000000e-01,-4.00000000e-03,-3.00319063e+04,3.61683760e+05,1.33649351e+04
-1.76000000e-01,-4.00000000e-03,-3.15321589e+04,3.89886161e+05,1.48060822e+04
-1.72000000e-01,-4.00000000e-03,-3.31509956e+04,4.21180951e+05,1.64517937e+04
-1.68000000e-01,-4.00000000e-03,-3.49016065e+04,4.56015129e+05,1.83387470e+04
-1.64000000e-01,-4.00000000e-03,-3.67991167e+04,4.94917431e+05,2.05116899e+04
-1.60000000e-01,-4.00000000e-03,-3.88609459e+04,5.38516695e+05,2.30255735e+04
-1.56000000e-01,-4.00000000e-03,-4.11072502e+04,5.87565199e+05,2.59483528e+04
-1.52000000e-01,-4.00000000e-03,-4.35614675e+04,6.42968553e+05,2.93646957e+04
-1.48000000e-01,-4.00000000e-03,-4.62509986e+04,7.05824331e+05,3.33809477e+04
-1.44000000e-01,-4.00000000e-03,-4.92080622e+04,7.77472493e+05,3.81318491e+04
-1.40000000e-01,-4.00000000e-03,-5.24707786e+04,8.59561854e+05,4.37897303e+04
-1.36000000e-01,-4.00000000e-03,-5.60845570e+04,9.54138714e+05,5.05772604e+04
-1.32000000e-01,-4.00000000e-03,-6.01038883e+04,1.06376649e+06,5.87853689e+04
-1.28000000e-01,-4.00000000e-03,-6.45946890e+04,1.19168937e+06,6.87988172e+04
-1.24000000e-01,-4.00000000e-03,-6.96374032e+04,1.34205934e+06,8.11332932e+04
-1.20000000e-01,-4.00000000e-03,-7.53311637e+04,1.52025651e+06,9.64901950e+04
-1.16000000e-01,-4.00000000e-03,-8.17994553e+04,1.73334874e+06,1.15839164e+05
-1.12000000e-01,-4.00000000e-03,-8.91979536e+04,1.99076450e+06,1.40545186e+05
-1.08000000e-01,-4.00000000e-03,-9.77255713e+04,2.30529961e+06,1.72569180e+05
-1.04000000e-01,-4.00000000e-03,-1.07640350e+05,2.69466100e+06,2.14793373e+05
-1.00000000e-01,-4.00000000e-03,-1.19282859e+05,3.18390084e+06,2.71565685e+05
-9.60000000e-02,-4.00000000e-03,-1.33111557e+05,3.80937827e+06,3.49643132e+05
-9.20000000e-02,-4.00000000e-03,-1.49757885e+05,4.62544723e+06,4.59894030e+05
-8.80000000e-02,-4.00000000e-03,-1.70115135e+05,5.71623574e+06,6.20515989e+05
-8.40000000e-02,-4.00000000e-03,-1.95487771e+05,7.21745303e+06,8.63460983e+05
-8.00000000e-02,-4.00000000e-03,-2.27854759e+05,9.35922792e+06,1.24812147e+06
-7.60000000e-02,-4.00000000e-03,-2.70361595e+05,1.25564853e+07,1.89284420e+06
-7.20000000e-02,-4.00000000e-03,-3.28306642e+05,1.76168583e+07,3.05475266e+06
-6.80000000e-02,-4.00000000e-03,-4.11296461e+05,2.62714077e+07,5.35752230e+06
-6.40000000e-02,-4.00000000e-03,-5.38477903e+05,4.26907154e+07,1.05487845e+07
-6.00000000e-02,-4.00000000e-03,-7.52822184e+05,7.78929202e+07,2.45912583e+07
-5.60000000e-02,-4.00000000e-03,-1.16162127e+06,1.46101239e+08,7.48662087e+07
-5.20000000e-02,-4.00000000e-03,-1.92163210e+06,9.45528744e+07,4.25450672e+08
-4.80000000e-02,-4.00000000e-03,-1.91804426e+06,-9.63510896e+07,4.25446387e+08
-4.40000000e-02,-4.00000000e-03,-1.15082338e+06,-1.47916779e+08,7.48532156e+07
-4.00000000e-02,-4.00000000e-03,-7.34710031e+05,-7.97436685e+07,2.45691374e+07
-3.60000000e-02,-4.00000000e-03,-5.12874033e+05,-4.45957148e+07,1.05168043e+07
-3.20000000e-02,-4.00000000e-03,-3.77944312e+05,-2.82515383e+07,5.31458752e+06
-2.80000000e-02,-4.00000000e-03,-2.86861726e+05,-1.96956518e+07,2.99932346e+06
-2.40000000e-02,-4.00000000e-03,-2.20379098e+05,-1.47611429e+07,1.82281505e+06
-2.00000000e-02,-4.00000000e-03,-1.68772583e+05,-1.17219411e+07,1.16064303e+06
-1.60000000e-02,-4.00000000e-03,-1.26603569e+05,-9.77717085e+06,7.54677734e+05
-1.20000000e-02,-4.00000000e-03,-9.05552161e+04,-8.52109396e+06,4.85175332e+05
-8.00000000e-03,-4.00000000e-03,-5.84348171e+04,-7.73619688e+06,2.90753653e+05
-4.00000000e-03,-4.00000000e-03,-2.86656410e+04,-7.30435214e+06,1.36552041e+05
0.00000000e+00,-4.00000000e-03,0.00000000e+00,-7.16641026e+06,-0.00000000e+00
4.00000000e-03,-4.00000000e-03,2.86656410e+04,-7.30435214e+06,-1.36552041e+05
8.00000000e-03,-4.00000000e-03,5.84348171e+04,-7.73619688e+06,-2.90753653e+05
1.20000000e-02,-4.00000000e-03,9.05552161e+04,-8.52109396e+06,-4.85175332e+05
1.60000000e-02,-4.00000000e-03,1.26603569e+05,-9.77717085e+06,-7.54677734e+05
2.00000000e-02,-4.00000000e-03,1.68772583e+05,-1.17219411e+07,-1.16064303e+06
2.40000000e-02,-4.00000000e-03,2.20379098e+05,-1.47611429e+07,-1.82281505e+06
2.80000000e-02,-4.00000000e-03,2.86861726e+05,-1.96956518e+07,-2.99932346e+06
3.20000000e-02,-4.00000000e-03,3.77944312e+05,-2.82515383e+07,-5.31458752e+06
3.60000000e-02,-4.00000000e-03,5.12874033e+05,-4.45957148e+07,-1.05168043e+07
4.00000000e-02,-4.00000000e-03,7.34710031e+05,-7.97436685e+07,-2.45691374e+07
4.40000000e-02,-4.00000000e-03,1.15082338e+06,-1.47916779e+08,-7.48532156e+07
4.80000000e-02,-4.00000000e-03,1.91804426e+06,-9.63510896e+07,-4.25446387e+08
5.20000000e-02,-4.00000000e-03,1.92163210e+06,9.45528744e+07,-4.25450672e+08
5.60000000e-02,-4.00000000e-03,1.16162127e+06,1.46101239e+08,-7.48662087e+07
6.00000000e-02,-4.00000000e-03,7.52822184e+05,7.78929202e+07,-2.45912583e+07
6.40000000e-02,-4.00000000e-03,5.38477903e+05,4.26907154e+07,-1.05487845e+07
6.80000000e-02,-4.00000000e-03,4.11296461e+05,2.62714077e+07,-5.35752230e+06
7.20000000e-02,-4.00000000e-03,3.28306642e+05,1.76168583e+07,-3.05475266e+06
7.60000000e-02,-4.00000000e-03,2.70361595e+05,1.25564853e+07,-1.89284420e+06
8.00000000e-02,-4.00000000e-03,2.27854759e+05,9.35922792e+06,-1.24812147e+06
8.40000000e-02,-4.00000000e-03,1.95487771e+05,7.21745303e+06,-8.63460983e+05
8.80000000e-02,-4.00000000e-03,1.70115135e+05,5.71623574e+06,-6.20515989e+05
9.20000000e-02,-4.00000000e-03,1.49757885e+05,4.62544723e+06,-4.59894030e+05
9.60000000e-02,-4.00000000e-03,1.33111557e+05,3.80937827e+06,-3.49643132e+05
1.00000000e-01,-4.00000000e-03,1.19282859e+05,3.18390084e+06,-2.71565685e+05
1.04000000e-01,-4.00000000e-03,1.07640350e+05,2.69466100e+06,-2.14793373e+05
1.08000000e-01,-4.00000000e-03,9.77255713e+04,2.30529961e+06,-1.72569180e+05
1.12000000e-01,-4.00000000e-03,8.91979536e+04,1.99076450e+06,-1.40545186e+05
1.16000000e-01,-4.00000000e-03,8.17994553e+04,1.73334874e+06,-1.15839164e+05
1.20000000e-01,-4.00000000e-03,7.53311637e+04,1.52025651e+06,-9.64901950e+04
1.24000000e-01,-4.00000000e-03,6.96374032e+04,1.34205934e+06,-8.11332932e+04
1.28000000e-01,-4.00000000e-03,6.45946890e+04,1.19168937e+06,-6.87988172e+04
1.32000000e-01,-4.00000000e-03,6.01038883e+04,1.06376649e+06,-5.87853689e+04
1.36000000e-01,-4.00000000e-03,5.60845570e+04,9.54138714e+05,-5.05772604e+04
1.40000000e-01,-4.00000000e-03,5.24707786e+04,8.59561854e+05,-4.37897303e+04
1.44000000e-01,-4.00000000e-03,4.92080622e+04,7.77472493e+05,-3.81318491e+04
1.48000000e-01,-4.00000000e-03,4.62509986e+04,7.05824331e+05,-3.33809477e+04
1.52000000e-01,-4.00000000e-03,4.35614675e+04,6.42968553e+05,-2.93646957e+04
1.56000000e-01,-4.00000000e-03,4.11072502e+04,5.87565199e+05,-2.59483528e+04
1.60000000e-01,-4.00000000e-03,3.88609459e+04,5.38516695e+05,-2.30255735e+04
1.64000000e-01,-4.00000000e-03,3.67991167e+04,4.94917431e+05,-2.05116899e+04
1.68000000e-01,-4.00000000e-03,3.49016065e+04,4.56015129e+05,-1.83387470e+04
1.72000000e-01,-4.00000000e-03,3.31509956e+04,4.21180951e+05,-1.64517937e+04
1.76000000e-01,-4.00000000e-03,3.15321589e+04,3.89886161e+05,-1.48060822e+04
1.80000000e-01,-4.00000000e-03,3.00319063e+04,3.61683760e+05,-1.33649351e+04
1.84000000e-01,-4.00000000e-03,2.86386888e+04,3.36193909e+05,-1.20981055e+04
1.88000000e-01,-4.00000000e-03,2.73423551e+04,3.13092292e+05,-1.09805061e+04
1.92000000e-01,-4.00000000e-03,2.61339505e+04,2.92100747e+05,-9.99121636e+03
1.96000000e-01,-4.00000000e-03,2.50055491e+04,2.72979679e+05,-9.11270178e+03
2.00000000e-01,-4.00000000e-03,2.39501130e+04,nan,nan
-2.00000000e-01,0.00000000e+00,-2.39668048e+04,nan,nan
-1.96000000e-01,0.00000000e+00,-2.50238105e+04,2.73396213e+05,-0.00000000e+00
-1.92000000e-01,0.00000000e+00,-2.61539745e+04,2.92569213e+05,-0.00000000e+00
-1.88000000e-01,0.00000000e+00,-2.73643642e+04,3.13620819e+05,-0.00000000e+00
-1.84000000e-01,0.00000000e+00,-2.86629410e+04,3.36792175e+05,-0.00000000e+00
-1.80000000e-01,0.00000000e+00,-3.00587016e+04,3.62363350e+05,-0.00000000e+00
-1.76000000e-01,0.00000000e+00,-3.15618478e+04,3.90661017e+05,-0.00000000e+00
-1.72000000e-01,0.00000000e+00,-3.31839898e+04,4.22067939e+05,-0.00000000e+00
-1.68000000e-01,0.00000000e+00,-3.49383913e+04,4.57034783e+05,-0.00000000e+00
-1.64000000e-01,0.00000000e+00,-3.68402680e+04,4.96094907e+05,-0.00000000e+00
-1.60000000e-01,0.00000000e+00,-3.89071506e+04,5.39883026e+05,-0.00000000e+00
-1.56000000e-01,0.00000000e+00,-4.11593322e+04,5.89158949e+05,-0.00000000e+00
-1.52000000e-01,0.00000000e+00,-4.36204222e+04,6.44838023e+05,-0.00000000e+00
-1.48000000e-01,0.00000000e+00,-4.63180364e+04,7.08030542e+05,-0.00000000e+00
-1.44000000e-01,0.00000000e+00,-4.92846665e+04,7.80093245e+05,-0.00000000e+00
-1.40000000e-01,0.00000000e+00,-5.25587824e+04,8.62697338e+05,-0.00000000e+00
-1.36000000e-01,0.00000000e+00,-5.61862452e+04,9.57919379e+05,-0.00000000e+00
-1.32000000e-01,0.00000000e+00,-6.02221374e+04,1.06836421e+06,-0.00000000e+00
-1.28000000e-01,0.00000000e+00,-6.47331589e+04,1.19733358e+06,-0.00000000e+00
-1.24000000e-01,0.00000000e+00,-6.98008060e+04,1.34906079e+06,-0.00000000e+00
-1.20000000e-01,0.00000000e+00,-7.55256453e+04,1.52904285e+06,-0.00000000e+00
-1.16000000e-01,0.00000000e+00,-8.20331488e+04,1.74451909e+06,-0.00000000e+00
-1.12000000e-01,0.00000000e+00,-8.94817980e+04,2.00517518e+06,-0.00000000e+00
-1.08000000e-01,0.00000000e+00,-9.80745503e+04,2.32420254e+06,-0.00000000e+00
-1.04000000e-01,0.00000000e+00,-1.08075418e+05,2.71993419e+06,-0.00000000e+00
-1.00000000e-01,0.00000000e+00,-1.19834024e+05,3.21844605e+06,-0.00000000e+00
-9.60000000e-02,0.00000000e+00,-1.33822987e+05,3.85783578e+06,-0.00000000e+00
-9.20000000e-02,0.00000000e+00,-1.50696710e+05,4.69554339e+06,-0.00000000e+00
-8.80000000e-02,0.00000000e+00,-1.71387334e+05,5.82147080e+06,-0.00000000e+00
-8.40000000e-02,0.00000000e+00,-1.97268476e+05,7.38283900e+06,-0.00000000e+00
-8.00000000e-02,0.00000000e+00,-2.30450046e+05,9.63460202e+06,-0.00000000e+00
-7.60000000e-02,0.00000000e+00,-2.74345293e+05,1.30508223e+07,-0.00000000e+00
-7.20000000e-02,0.00000000e+00,-3.34856624e+05,1.85996809e+07,-0.00000000e+00
-6.80000000e-02,0.00000000e+00,-4.23142739e+05,2.85341484e+07,-0.00000000e+00
-6.40000000e-02,0.00000000e+00,-5.63129811e+05,4.92384279e+07,-0.00000000e+00
-6.00000000e-02,0.00000000e+00,-8.17050162e+05,1.06250908e+08,-0.00000000e+00
-5.60000000e-02,0.00000000e+00,-1.41313707e+06,4.48576560e+08,-0.00000000e+00
-5.20000000e-02,0.00000000e+00,-4.40566264e+06,3.73616138e+08,-0.00000000e+00
-4.80000000e-02,0.00000000e+00,-4.40206618e+06,-3.75418699e+08,-0.00000000e+00
-4.40000000e-02,0.00000000e+00,-1.40231304e+06,-4.50396586e+08,-0.00000000e+00
-4.00000000e-02,0.00000000e+00,-7.98893492e+05,-1.08106435e+08,-0.00000000e+00
-3.60000000e-02,0.00000000e+00,-5.37461569e+05,-5.11486687e+07,-0.00000000e+00
-3.20000000e-02,0.00000000e+00,-3.89704142e+05,-3.05201888e+07,-0.00000000e+00
-2.80000000e-02,0.00000000e+00,-2.93300058e+05,-2.06853095e+07,-0.00000000e+00
-2.40000000e-02,0.00000000e+00,-2.24221666e+05,-1.52635745e+07,-0.00000000e+00
-2.00000000e-02,0.00000000e+00,-1.71191463e+05,-1.20071169e+07,-0.00000000e+00
-1.60000000e-02,0.00000000e+00,-1.28164731e+05,-9.95468182e+06,-0.00000000e+00
-1.20000000e-02,0.00000000e+00,-9.15540080e+04,-8.64164907e+06,-0.00000000e+00
-8.00000000e-03,0.00000000e+00,-5.90315388e+04,-7.82607395e+06,-0.00000000e+00
-4.00000000e-03,0.00000000e+00,-2.89454164e+04,-7.37894235e+06,-0.00000000e+00
0.00000000e+00,0.00000000e+00,0.00000000e+00,-7.23635410e+06,-0.00000000e+00
4.00000000e-03,0.00000000e+00,2.89454164e+04,-7.37894235e+06,-0.00000000e+00
8.00000000e-03,0.00000000e+00,5.90315388e+04,-7.82607395e+06,-0.00000000e+00
1.20000000e-02,0.00000000e+00,9.15540080e+04,-8.64164907e+06,-0.00000000e+00
1.60000000e-02,0.00000000e+00,1.28164731e+05,-9.95468182e+06,-0.00000000e+00
2.00000000e-02,0.00000000e+00,1.71191463e+05,-1.20071169e+07,-0.00000000e+00
2.40000000e-02,0.00000000e+00,2.24221666e+05,-1.52635745e+07,-0.00000000e+00
2.80000000e-02,0.00000000e+00,2.93300058e+05,-2.06853095e+07,-0.00000000e+00
3.20000000e-02,0.00000000e+00,3.89704142e+05,-3.05201888e+07,-0.00000000e+00
3.60000000e-02,0.00000000e+00,5.37461569e+05,-5.11486687e+07,-0.00000000e+00
4.00000000e-02,0.00000000e+00,7.98893492e+05,-1.08106435e+08,-0.00000000e+00
4.40000000e-02,0.00000000e+00,1.40231304e+06,-4.50396586e+08,-0.00000000e+00
4.80000000e-02,0.00000000e+00,4.40206618e+06,-3.75418699e+08,-0.00000000e+00
5.20000000e-02,0.00000000e+00,4.40566264e+06,3.73616138e+08,-0.00000000e+00
5.60000000e-02,0.00000000e+00,1.41313707e+06,4.48576560e+08,-0.00000000e+00
6.00000000e-02,0.00000000e+00,8.17050162e+05,1.06250908e+08,-0.00000000e+00
6.40000000e-02,0.00000000e+00,5.63129811e+05,4.92384279e+07,-0.00000000e+00
6.80000000e-02,0.00000000e+00,4.23142739e+05,2.85341484e+07,-0.00000000e+00
7.20000000e-02,0.00000000e+00,3.34856624e+05,1.85996809e+07,-0.00000000e+00
7.60000000e-02,0.00000000e+00,2.74345293e+05,1.30508223e+07,-0.00000000e+00
8.00000000e-02,0.00000000e+00,2.30450046e+05,9.63460202e+06,-0.00000000e+00
8.40000000e-02,0.00000000e+00,1.97268476e+05,7.38283900e+06,-0.00000000e+00
8.80000000e-02,0.00000000e+00,1.71387334e+05,5.82147080e+06,-0.00000000e+00
9.20000000e-02,0.00000000e+00,1.50696710e+05,4.69554339e+06,-0.00000000e+00
9.60000000e-02,0.00000000e+00,1.33822987e+05,3.85783578e+06,-0.00000000e+00
1.00000000e-01,0.00000000e+00,1.19834024e+05,3.21844605e+06,-0.00000000e+00
1.04000000e-01,0.00000000e+00,1.08075418e+05,2.71993419e+06,-0.00000000e+00
1.08000000e-01,0.00000000e+00,9.80745503e+04,2.32420254e+06,-0.00000000e+00
1.12000000e-01,0.00000000e+00,8.94817980e+04,2.00517518e+06,-0.00000000e+00
1.16000000e-01,0.00000000e+00,8.20331488e+04,1.74451909e+06,-0.00000000e+00
1.20000000e-01,0.00000000e+00,7.55256453e+04,1.52904285e+06,-0.00000000e+00
1.24000000e-01,0.00000000e+00,6.98008060e+04,1.34906079e+06,-0.00000000e+00
1.28000000e-01,0.00000000e+00,6.47331589e+04,1.19733358e+06,-0.00000000e+00
1.32000000e-01,0.00000000e+00,6.02221374e+04,1.06836421e+06,-0.00000000e+00
1.36000000e-01,0.00000000e+00,5.61862452e+04,9.57919379e+05,-0.00000000e+00
1.40000000e-01,0.00000000e+00,5.25587824e+04,8.62697338e+05,-0.00000000e+00
1.44000000e-01,0.00000000e+00,4.92846665e+04,7.80093245e+05,-0.00000000e+00
1.48000000e-01,0.00000000e+00,4.63180364e+04,7.08030542e+05,-0.00000000e+00
1.52000000e-01,0.00000000e+00,4.36204222e+04,6.44838023e+05,-0.00000000e+00
1.56000000e-01,0.00000000e+00,4.11593322e+04,5.89158949e+05,-0.00000000e+00
1.60000000e-01,0.00000000e+00,3.89071506e+04,5.39883026e+05,-0.00000000e+00
1.64000000e-01,0.00000000e+00,3.68402680e+04,4.96094907e+05,-0.00000000e+00
1.68000000e-01,0.00000000e+00,3.49383913e+04,4.57034783e+05,-0.00000000e+00
1.72000000e-01,0.00000000e+00,3.31839898e+04,4.22067939e+05,-0.00000000e+00
1.76000000e-01,0.00000000e+00,3.15618478e+04,3.90661017e+05,-0.00000000e+00
1.80000000e-01,0.00000000e+00,3.00587016e+04,3.62363350e+05,-0.00000000e+00
1.84000000e-01,0.00000000e+00,2.86629410e+04,3.36792175e+05,-0.00000000e+00
1.88000000e-01,0.00000000e+00,2.73643642e+04,3.13620819e+05,-0.00000000e+00
1.92000000e-01,0.00000000e+00,2.61539745e+04,2.92569213e+05,-0.00000000e+00
1.96000000e-01,0.00000000e+00,2.50238105e+04,2.73396213e+05,-0.00000000e+00
2.00000000e-01,0.00000000e+00,2.39668048e+04,nan,nan
-2.00000000e-01,4.00000000e-03,-2.39501130e+04,nan,nan
-1.96000000e-01,4.00000000e-03,-2.50055491e+04,2.72979679e+05,-9.11270178e+03
-1.92000000e-01,4.00000000e-03,-2.61339505e+04,2.92100747e+05,-9.99121636e+03
-1.88000000e-01,4.00000000e-03,-2.73423551e+04,3.13092292e+05,-1.09805061e+04
-1.84000000e-01,4.00000000e-03,-2.86386888e+04,3.36193909e+05,-1.20981055e+04
-1.80000000e-01,4.00000000e-03,-3.00319063e+04,3.61683760e+05,-1.33649351e+04
-1.76000000e-01,4.00000000e-03,-3.15321589e+04,3.89886161e+05,-1.48060822e+04
-1.72000000e-01,4.00000000e-03,-3.31509956e+04,4.21180951e+05,-1.64517937e+04
-1.68000000e-01,4.00000000e-03,-3.49016065e+04,4.56015129e+05,-1.83387470e+04
-1.64000000e-01,4.00000000e-03,-3.67991167e+04,4.94917431e+05,-2.05116899e+04
-1.60000000e-01,4.00000000e-03,-3.88609459e+04,5.38516695e+05,-2.30255735e+04
-1.56000000e-01,4.00000000e-03,-4.11072502e+04,5.87565199e+05,-2.59483528e+04
-1.52000000e-01,4.00000000e-03,-4.35614675e+04,6.42968553e+05,-2.93646957e+04
-1.48000000e-01,4.00000000e-03,-4.62509986e+04,7.05824331e+05,-3.33809477e+04
-1.44000000e-01,4.00000000e-03,-4.92080622e+04,7.77472493e+05,-3.81318491e+04
-1.40000000e-01,4.00000000e-03,-5.24707786e+04,8.59561854e+05,-4.37897303e+04
-1.36000000e-01,4.00000000e-03,-5.60845570e+04,9.54138714e+05,-5.05772604e+04
-1.32000000e-01,4.00000000e-03,-6.01038883e+04,1.06376649e+06,-5.87853689e+04
-1.28000000e-01,4.00000000e-03,-6.45946890e+04,1.19168937e+06,-6.87988172e+04
-1.24000000e-01,4.00000000e-03,-6.96374032e+04,1.34205934e+06,-8.11332932e+04
-1.20000000e-01,4.00000000e-03,-7.53311637e+04,1.52025651e+06,-9.64901950e+04
-1.16000000e-01,4.00000000e-03,-8.17994553e+04,1.73334874e+06,-1.15839164e+05
-1.12000000e-01,4.00000000e-03,-8.91979536e+04,1.99076450e+06,-1.40545186e+05
-1.08000000e-01,4.00000000e-03,-9.77255713e+04,2.30529961e+06,-1.72569180e+05
-1.04000000e-01,4.00000000e-03,-1.07640350e+05,2.69466100e+06,-2.14793373e+05
-1.00000000e-01,4.00000000e-03,-1.19282859e+05,3.18390084e+06,-2.71565685e+05
-9.60000000e-02,4.00000000e-03,-1.33111557e+05,3.80937827e+06,-3.49643132e+05
-9.20000000e-02,4.00000000e-03,-1.49757885e+05,4.62544723e+06,-4.59894030e+05
-8.80000000e-02,4.00000000e-03,-1.70115135e+05,5.71623574e+06,-6.20515989e+05
-8.40000000e-02,4.00000000e-03,-1.95487771e+05,7.21745303e+06,-8.63460983e+05
-8.00000000e-02,4.00000000e-03,-2.27854759e+05,9.35922792e+06,-1.24812147e+06
-7.60000000e-02,4.00000000e-03,-2.70361595e+05,1.25564853e+07,-1.89284420e+06
-7.20000000e-02,4.00000000e-03,-3.28306642e+05,1.76168583e+07,-3.05475266e+06
-6.80000000e-02,4.00000000e-03,-4.11296461e+05,2.62714077e+07,-5.35752230e+06
-6.40000000e-02,4.00000000e-03,-5.38477903e+05,4.26907154e+07,-1.05487845e+07
-6.00000000e-02,4.00000000e-03,-7.52822184e+05,7.78929202e+07,-2.45912583e+07
-5.60000000e-02,4.00000000e-03,-1.16162127e+06,1.46101239e+08,-7.48662087e+07
-5.20000000e-02,4.00000000e-03,-1.92163210e+06,9.45528744e+07,-4.25450672e+08
-4.80000000e-02,4.00000000e-03,-1.91804426e+06,-9.63510896e+07,-4.25446387e+08
-4.40000000e-02,4.00000000e-03,-1.15082338e+06,-1.47916779e+08,-7.48532156e+07
-4.00000000e-02,4.00000000e-03,-7.34710031e+05,-7.97436685e+07,-2.45691374e+07
-3.60000000e-02,4.00000000e-03,-5.12874033e+05,-4.45957148e+07,-1.05168043e+07
-3.20000000e-02,4.00000000e-03,-3.77944312e+05,-2.82515383e+07,-5.31458752e+06
-2.80000000e-02,4.00000000e-03,-2.86861726e+05,-1.96956518e+07,-2.99932346e+06
-2.40000000e-02,4.00000000e-03,-2.20379098e+05,-1.47611429e+07,-1.82281505e+06
-2.00000000e-02,4.00000000e-03,-1.68772583e+05,-1.17219411e+07,-1.16064303e+06
-1.60000000e-02,4.00000000e-03,-1.26603569e+05,-9.77717085e+06,-7.54677734e+05
-1.20000000e-02,4.00000000e-03,-9.05552161e+04,-8.52109396e+06,-4.85175332e+05
-8.00000000e-03,4.00000000e-03,-5.84348171e+04,-7.73619688e+06,-2.90753653e+05
-4.00000000e-03,4.00000000e-03,-2.86656410e+04,-7.30435214e+06,-1.36552041e+05
0.00000000e+00,4.00000000e-03,0.00000000e+00,-7.16641026e+06,-0.00000000e+00
4.00000000e-03,4.00000000e-03,2.86656410e+04,-7.30435214e+06,1.36552041e+05
8.00000000e-03,4.00000000e-03,5.84348171e+04,-7.73619688e+06,2.90753653e+05
1.20000000e-02,4.00000000e-03,9.05552161e+04,-8.52109396e+06,4.85175332e+05
1.60000000e-02,4.00000000e-03,1.26603569e+05,-9.77717085e+06,7.54677734e+05
2.00000000e-02,4.00000000e-03,1.68772583e+05,-1.17219411e+07,1.16064303e+06
2.40000000e-02,4.00000000e-03,2.20379098e+05,-1.47611429e+07,1.82281505e+06
2.80000000e-02,4.00000000e-03,2.86861726e+05,-1.96956518e+07,2.99932346e+06
3.20000000e-02,4.00000000e-03,3.77944312e+05,-2.82515383e+07,5.31458752e+06
3.60000000e-02,4.00000000e-03,5.12874033e+05,-4.45957148e+07,1.05168043e+07
4.00000000e-02,4.00000000e-03,7.34710031e+05,-7.97436685e+07,2.45691374e+07
4.40000000e-02,4.00000000e-03,1.15082338e+06,-1.47916779e+08,7.48532156e+07
4.80000000e-02,4.00000000e-03,1.91804426e+06,-9.63510896e+07,4.25446387e+08
5.20000000e-02,4.00000000e-03,1.92163210e+06,9.45528744e+07,4.25450672e+08
5.60000000e-02,4.00000000e-03,1.16162127e+06,1.46101239e+08,7.48662087e+07
6.00000000e-02,4.00000000e-03,7.52822184e+05,7.78929202e+07,2.45912583e+07
6.40000000e-02,4.00000000e-03,5.38477903e+05,4.26907154e+07,1.05487845e+07
6.80000000e-02,4.00000000e-03,4.11296461e+05,2.62714077e+07,5.35752230e+06
7.20000000e-02,4.00000000e-03,3.28306642e+05,1.76168583e+07,3.05475266e+06
7.60000000e-02,4.00000000e-03,2.70361595e+05,1.25564853e+07,1.89284420e+06
8.00000000e-02,4.00000000e-03,2.27854759e+05,9.35922792e+06,1.24812147e+06
8.40000000e-02,4.00000000e-03,1.95487771e+05,7.21745303e+06,8.63460983e+05
8.80000000e-02,4.00000000e-03,1.70115135e+05,5.71623574e+06,6.20515989e+05
9.20000000e-02,4.00000000e-03,1.49757885e+05,4.62544723e+06,4.59894030e+05
9.60000000e-02,4.00000000e-03,1.33111557e+05,3.80937827e+06,3.49643132e+05
1.00000000e-01,4.00000000e-03,1.19282859e+05,3.18390084e+06,2.71565685e+05
1.04000000e-01,4.00000000e-03,1.07640350e+05,2.69466100e+06,2.14793373e+05
1.08000000e-01,4.00000000e-03,9.77255713e+04,2.30529961e+06,1.72569180e+05
1.12000000e-01,4.00000000e-03,8.91979536e+04,1.99076450e+06,1.40545186e+05
1.16000000e-01,4.00000000e-03,8.17994553e+04,1.73334874e+06,1.15839164e+05
1.20000000e-01,4.00000000e-03,7.53311637e+04,1.52025651e+06,9.64901950e+04
1.24000000e-01,4.00000000e-03,6.96374032e+04,1.34205934e+06,8.11332932e+04
1.28000000e-01,4.00000000e-03,6.45946890e+04,1.19168937e+06,6.87988172e+04
1.32000000e-01,4.00000000e-03,6.01038883e+04,1.06376649e+06,5.87853689e+04
1.36000000e-01,4.00000000e-03,5.60845570e+04,9.54138714e+05,5.05772604e+04
1.40000000e-01,4.00000000e-03,5.24707786e+04,8.59561854e+05,4.37897303e+04
1.44000000e-01,4.00000000e-03,4.92080622e+04,7.77472493e+05,3.81318491e+04
1.48000000e-01,4.00000000e-03,4.62509986e+04,7.05824331e+05,3.33809477e+04
1.52000000e-01,4.00000000e-03,4.35614675e+04,6.42968553e+05,2.93646957e+04
1.56000000e-01,4.00000000e-03,4.11072502e+04,5.87565199e+05,2.59483528e+04
1.60000000e-01,4.00000000e-03,3.88609459e+04,5.38516695e+05,2.30255735e+04
1.64000000e-01,4.00000000e-03,3.67991167e+04,4.94917431e+05,2.05116899e+04
1.68000000e-01,4.00000000e-03,3.49016065e+04,4.56015129e+05,1.83387470e+04
1.72000000e-01,4.00000000e-03,3.31509956e+04,4.21180951e+05,1.64517937e+04
1.76000000e-01,4.00000000e-03,3.15321589e+04,3.89886161e+05,1.48060822e+04
1.80000000e-01,4.00000000e-03,3.00319063e+04,3.61683760e+05,1.33649351e+04
1.84000000e-01,4.00000000e-03,2.86386888e+04,3.36193909e+05,1.20981055e+04
1.88000000e-01,4.00000000e-03,2.73423551e+04,3.13092292e+05,1.09805061e+04
1.92000000e-01,4.00000000e-03,2.61339505e+04,2.92100747e+05,9.99121636e+03
1.96000000e-01,4.00000000e-03,2.50055491e+04,2.72979679e+05,9.11270178e+03
2.00000000e-01,4.00000000e-03,2.39501130e+04,nan,nan
-2.00000000e-01,8.00000000e-03,-2.39001632e+04,nan,nan
-1.96000000e-01,8.00000000e-03,-2.49509089e+04,2.71735192e+05,-1.81537034e+04
-1.92000000e-01,8.00000000e-03,-2.60740447e+04,2.90701409e+05,-1.98997233e+04
-1.88000000e-01,8.00000000e-03,-2.72765202e+04,3.11513930e+05,-2.18652349e+04
-1.84000000e-01,8.00000000e-03,-2.85661562e+04,3.34407746e+05,-2.40848480e+04
-1.80000000e-01,8.00000000e-03,-2.99517821e+04,3.59655374e+05,-2.65998246e+04
-1.76000000e-01,8.00000000e-03,-3.14433992e+04,3.87574158e+05,-2.94596037e+04
-1.72000000e-01,8.00000000e-03,-3.30523754e+04,4.18535274e+05,-3.27237380e+04
-1.68000000e-01,8.00000000e-03,-3.47916814e+04,4.52974887e+05,-3.64643690e+04
-1.64000000e-01,8.00000000e-03,-3.66761745e+04,4.91408081e+05,-4.07694150e+04
-1.60000000e-01,8.00000000e-03,-3.87229460e+04,5.34446364e+05,-4.57467110e+04
-1.56000000e-01,8.00000000e-03,-4.09517454e+04,5.82819827e+05,-5.15294301e+04
-1.52000000e-01,8.00000000e-03,-4.33855046e+04,6.37405428e+05,-5.82832505e+04
-1.48000000e-01,8.00000000e-03,-4.60509888e+04,6.99263389e+05,-6.62159211e+04
-1.44000000e-01,8.00000000e-03,-4.89796117e+04,7.69684462e+05,-7.55901674e+04
-1.40000000e-01,8.00000000e-03,-5.22084645e+04,8.50251927e+05,-8.67413009e+04
-1.36000000e-01,8.00000000e-03,-5.57816271e+04,9.42923740e+05,-1.00101544e+05
-1.32000000e-01,8.00000000e-03,-5.97518545e+04,1.05014266e+06,-1.16234080e+05
-1.28000000e-01,8.00000000e-03,-6.41827684e+04,1.17498566e+06,-1.35881415e+05
-1.24000000e-01,8.00000000e-03,-6.91517397e+04,1.32136941e+06,-1.60035137e+05
-1.20000000e-01,8.00000000e-03,-7.47537237e+04,1.49433698e+06,-1.90038310e+05
-1.16000000e-01,8.00000000e-03,-8.11064355e+04,1.70046410e+06,-2.27738594e+05
-1.12000000e-01,8.00000000e-03,-8.83574365e+04,1.94844516e+06,-2.75722049e+05
-1.08000000e-01,8.00000000e-03,-9.66939968e+04,2.24995436e+06,-3.37678375e+05
-1.04000000e-01,8.00000000e-03,-1.06357071e+05,2.62093769e+06,-4.18986256e+05
-1.00000000e-01,8.00000000e-03,-1.17661498e+05,3.08359629e+06,-5.27678445e+05
-9.60000000e-02,8.00000000e-03,-1.31025842e+05,3.66950743e+06,-6.76084603e+05
-9.20000000e-02,8.00000000e-03,-1.47017558e+05,4.42467054e+06,-8.83730387e+05
-8.80000000e-02,8.00000000e-03,-1.66423206e+05,5.41790385e+06,-1.18266688e+06
-8.40000000e-02,8.00000000e-03,-1.90360789e+05,6.75523352e+06,-1.62773509e+06
-8.00000000e-02,8.00000000e-03,-2.20465074e+05,8.60521880e+06,-2.31741970e+06
-7.60000000e-02,8.00000000e-03,-2.59202539e+05,1.12441911e+07,-3.43889266e+06
-7.20000000e-02,8.00000000e-03,-3.10418603e+05,1.51350028e+07,-5.37236744e+06
-6.80000000e-02,8.00000000e-03,-3.80282561e+05,2.10401166e+07,-8.95270090e+06
-6.40000000e-02,8.00000000e-03,-4.78739536e+05,3.00046919e+07,-1.61830582e+07
-6.00000000e-02,8.00000000e-03,-6.20320096e+05,4.19334835e+07,-3.23345343e+07
-5.60000000e-02,8.00000000e-03,-8.14207403e+05,4.77171457e+07,-7.19973472e+07
-5.20000000e-02,8.00000000e-03,-1.00205726e+06,2.30359603e+07,-1.58796203e+08
-4.80000000e-02,8.00000000e-03,-9.98495086e+05,-2.48212427e+07,-1.58787733e+08
-4.40000000e-02,8.00000000e-03,-8.03487320e+05,-4.95193367e+07,-7.19716720e+07
-4.00000000e-02,8.00000000e-03,-6.02340393e+05,-4.37700232e+07,-3.22908345e+07
-3.60000000e-02,8.00000000e-03,-4.53327135e+05,-3.18941188e+07,-1.61199085e+07
-3.20000000e-02,8.00000000e-03,-3.47187442e+05,-2.30027080e+07,-8.86797018e+06
-2.80000000e-02,8.00000000e-03,-2.69305471e+05,-1.71935371e+07,-5.26306466e+06
-2.40000000e-02,8.00000000e-03,-2.09639146e+05,-1.34248940e+07,-3.30093677e+06
-2.00000000e-02,8.00000000e-03,-1.61906318e+05,-1.09389795e+07,-2.14530309e+06
-1.60000000e-02,8.00000000e-03,-1.22127309e+05,-9.27921413e+06,-1.41403043e+06
-1.20000000e-02,8.00000000e-03,-8.76726054e+04,-8.17772499e+06,-9.17297452e+05
-8.00000000e-03,8.00000000e-03,-5.67055096e+04,-7.47745066e+06,-5.52872916e+05
-4.00000000e-03,8.00000000e-03,-2.78530001e+04,-7.08818870e+06,-2.60484830e+05
0.00000000e+00,8.00000000e-03,0.00000000e+00,-6.96325001e+06,-0.00000000e+00
4.00000000e-03,8.00000000e-03,2.78530001e+04,-7.08818870e+06,2.60484830e+05
8.00000000e-03,8.00000000e-03,5.67055096e+04,-7.47745066e+06,5.52872916e+05
1.20000000e-02,8.00000000e-03,8.76726054e+04,-8.17772499e+06,9.17297452e+05
1.60000000e-02,8.00000000e-03,1.22127309e+05,-9.27921413e+06,1.41403043e+06
2.00000000e-02,8.00000000e-03,1.61906318e+05,-1.09389795e+07,2.14530309e+06
2.40000000e-02,8.00000000e-03,2.09639146e+05,-1.34248940e+07,3.30093677e+06
2.80000000e-02,8.00000000e-03,2.69305471e+05,-1.71935371e+07,5.26306466e+06
3.20000000e-02,8.00000000e-03,3.47187442e+05,-2.30027080e+07,8.86797018e+06
3.60000000e-02,8.00000000e-03,4.53327135e+05,-3.18941188e+07,1.61199085e+07
4.00000000e-02,8.00000000e-03,6.02340393e+05,-4.37700232e+07,3.22908345e+07
4.40000000e-02,8.00000000e-03,8.03487320e+05,-4.95193367e+07,7.19716720e+07
4.80000000e-02,8.00000000e-03,9.98495086e+05,-2.48212427e+07,1.58787733e+08
5.20000000e-02,8.00000000e-03,1.00205726e+06,2.30359603e+07,1.58796203e+08
5.60000000e-02,8.00000000e-03,8.14207403e+05,4.77171457e+07,7.19973472e+07
6.00000000e-02,8.00000000e-03,6.20320096e+05,4.19334835e+07,3.23345343e+07
6.40000000e-02,8.00000000e-03,4.78739536e+05,3.00046919e+07,1.61830582e+07
6.80000000e-02,8.00000000e-03,3.80282561e+05,2.10401166e+07,8.95270090e+06
7.20000000e-02,8.00000000e-03,3.10418603e+05,1.51350028e+07,5.37236744e+06
7.60000000e-02,8.00000000e-03,2.59202539e+05,1.12441911e+07,3.43889266e+06
8.00000000e-02,8.00000000e-03,2.20465074e+05,8.60521880e+06,2.31741970e+06
8.40000000e-02,8.00000000e-03,1.90360789e+05,6.75523352e+06,1.62773509e+06
8.80000000e-02,8.00000000e-03,1.66423206e+05,5.41790385e+06,1.18266688e+06
9.20000000e-02,8.00000000e-03,1.47017558e+05,4.42467054e+06,8.83730387e+05
9.60000000e-02,8.00000000e-03,1.31025842e+05,3.66950743e+06,6.76084603e+05
1.00000000e-01,8.00000000e-03,1.17661498e+05,3.08359629e+06,5.27678445e+05
1.04000000e-01,8.00000000e-03,1.06357071e+05,2.62093769e+06,4.18986256e+05
1.08000000e-01,8.00000000e-03,9.66939968e+04,2.24995436e+06,3.37678375e+05
1.12000000e-01,8.00000000e-03,8.83574365e+04,1.94844516e+06,2.75722049e+05
1.16000000e-01,8.00000000e-03,8.11064355e+04,1.70046410e+06,2.27738594e+05
1.20000000e-01,8.00000000e-03,7.47537237e+04,1.49433698e+06,1.90038310e+05
1.24000000e-01,8.00000000e-03,6.91517397e+04,1.32136941e+06,1.60035137e+05
1.28000000e-01,8.00000000e-03,6.41827684e+04,1.17498566e+06,1.35881415e+05
1.32000000e-01,8.00000000e-03,5.97518545e+04,1.05014266e+06,1.16234080e+05
1.36000000e-01,8.00000000e-03,5.57816271e+04,9.42923740e+05,1.00101544e+05
1.40000000e-01,8.00000000e-03,5.22084645e+04,8.50251927e+05,8.67413009e+04
1.44000000e-01,8.00000000e-03,4.89796117e+04,7.69684462e+05,7.55901674e+04
1.48000000e-01,8.00000000e-03,4.60509888e+04,6.99263389e+05,6.62159211e+04
1.52000000e-01,8.00000000e-03,4.33855046e+04,6.37405428e+05,5.82832505e+04
1.56000000e-01,8.00000000e-03,4.09517454e+04,5.82819827e+05,5.15294301e+04
1.60000000e-01,8.00000000e-03,3.87229460e+04,5.34446364e+05,4.57467110e+04
1.64000000e-01,8.00000000e-03,3.66761745e+04,4.91408081e+05,4.07694150e+04
1.68000000e-01,8.00000000e-03,3.47916814e+04,4.52974887e+05,3.64643690e+04
1.72000000e-01,8.00000000e-03,3.30523754e+04,4.18535274e+05,3.27237380e+04
1.76000000e-01,8.00000000e-03,3.14433992e+04,3.87574158e+05,2.94596037e+04
1.80000000e-01,8.00000000e-03,2.99517821e+04,3.59655374e+05,2.65998246e+04
1.84000000e-01,8.00000000e-03,2.85661562e+04,3.34407746e+05,2.40848480e+04
1.88000000e-01,8.00000000e-03,2.72765202e+04,3.11513930e+05,2.18652349e+04
1.92000000e-01,8.00000000e-03,2.60740447e+04,2.90701409e+05,1.98997233e+04
1.96000000e-01,8.00000000e-03,2.49509089e+04,2.71735192e+05,1.81537034e+04
2.00000000e-01,8.00000000e-03,2.39001632e+04,nan,nan
-2.00000000e-01,1.20000000e-02,-2.38173290e+04,nan,nan
-1.96000000e-01,1.20000000e-02,-2.48603195e+04,2.69677962e+05,-2.70527047e+04
-1.92000000e-01,1.20000000e-02,-2.59747527e+04,2.88389215e+05,-2.96445138e+04
-1.88000000e-01,1.20000000e-02,-2.71674332e+04,3.08907168e+05,-3.25604899e+04
-1.84000000e-01,1.20000000e-02,-2.84460100e+04,3.31459319e+05,-3.58514229e+04
-1.80000000e-01,1.20000000e-02,-2.98191077e+04,3.56309004e+05,-3.95777873e+04
-1.76000000e-01,1.20000000e-02,-3.12964821e+04,3.83762248e+05,-4.38119431e+04
-1.72000000e-01,1.20000000e-02,-3.28892057e+04,4.14176185e+05,-4.86409209e+04
-1.68000000e-01,1.20000000e-02,-3.46098915e+04,4.47969452e+05,-5.41699744e+04
-1.64000000e-01,1.20000000e-02,-3.64729613e+04,4.85635089e+05,-6.05271421e+04
-1.60000000e-01,1.20000000e-02,-3.84949722e+04,5.27756680e+05,-6.78691522e+04
-1.56000000e-01,1.20000000e-02,-4.06950148e+04,5.75028660e+05,-7.63891291e+04
-1.52000000e-01,1.20000000e-02,-4.30952015e+04,6.28282062e+05,-8.63267401e+04
-1.48000000e-01,1.20000000e-02,-4.57212713e+04,6.88517414e+05,-9.79816819e+04
-1.44000000e-01,1.20000000e-02,-4.86033408e+04,7.56947114e+05,-1.11731787e+05
-1.40000000e-01,1.20000000e-02,-5.17768482e+04,8.35050477e+05,-1.28057595e+05
-1.36000000e-01,1.20000000e-02,-5.52837447e+04,9.24645934e+05,-1.47576089e+05
-1.32000000e-01,1.20000000e-02,-5.91740156e+04,1.02798662e+06,-1.71087593e+05
-1.28000000e-01,1.20000000e-02,-6.35076376e+04,1.14788831e+06,-1.99641851e+05
-1.24000000e-01,1.20000000e-02,-6.83571221e+04,1.28790245e+06,-2.34632491e+05
-1.20000000e-01,1.20000000e-02,-7.38108572e+04,1.45255305e+06,-2.77934228e+05
-1.16000000e-01,1.20000000e-02,-7.99775466e+04,1.64766500e+06,-3.32105558e+05
-1.12000000e-01,1.20000000e-02,-8.69921772e+04,1.88082472e+06,-4.00693869e+05
-1.08000000e-01,1.20000000e-02,-9.50241443e+04,2.16203540e+06,-4.88704109e+05
-1.04000000e-01,1.20000000e-02,-1.04288460e+05,2.50466093e+06,-6.03334884e+05
-1.00000000e-01,1.20000000e-02,-1.15061432e+05,2.92680249e+06,-7.55162936e+05
-9.60000000e-02,1.20000000e-02,-1.27702880e+05,3.45332632e+06,-9.60100279e+05
-9.20000000e-02,1.20000000e-02,-1.42688042e+05,4.11886496e+06,-1.24272261e+06
-8.80000000e-02,1.20000000e-02,-1.60653800e+05,4.97223104e+06,-1.64210879e+06
-8.40000000e-02,1.20000000e-02,-1.82465891e+05,6.08270021e+06,-2.22243072e+06
-8.00000000e-02,1.20000000e-02,-2.09315402e+05,7.54807035e+06,-3.09282225e+06
-7.60000000e-02,1.20000000e-02,-2.42850453e+05,9.50153757e+06,-4.44587945e+06
-7.20000000e-02,1.20000000e-02,-2.85327702e+05,1.21030500e+07,-6.63407570e+06
-6.80000000e-02,1.20000000e-02,-3.39674854e+05,1.54607169e+07,-1.03212269e+07
-6.40000000e-02,1.20000000e-02,-4.09013437e+05,1.93088820e+07,-1.67592035e+07
-6.00000000e-02,1.20000000e-02,-4.94145910e+05,2.20786312e+07,-2.81043725e+07
-5.60000000e-02,1.20000000e-02,-5.85642487e+05,1.96395707e+07,-4.65111546e+07
-5.20000000e-02,1.20000000e-02,-6.51262476e+05,7.76248834e+06,-6.64652206e+07
-4.80000000e-02,1.20000000e-02,-6.47742394e+05,-9.52655886e+06,-6.64527645e+07
-4.40000000e-02,1.20000000e-02,-5.75050005e+05,-2.14198799e+07,-4.64734022e+07
-4.00000000e-02,1.20000000e-02,-4.76383355e+05,-2.38919050e+07,-2.80401466e+07
-3.60000000e-02,1.20000000e-02,-3.83914765e+05,-2.11728505e+07,-1.66664571e+07
-3.20000000e-02,1.20000000e-02,-3.07000551e+05,-1.73946945e+07,-1.01969058e+07
-2.80000000e-02,1.20000000e-02,-2.44757209e+05,-1.41286184e+07,-6.47390496e+06
-2.40000000e-02,1.20000000e-02,-1.93971604e+05,-1.16433813e+07,-4.24404684e+06
-2.00000000e-02,1.20000000e-02,-1.51610158e+05,-9.83503480e+06,-2.84151877e+06
-1.60000000e-02,1.20000000e-02,-1.15291325e+05,-8.54916521e+06,-1.91118335e+06
-1.20000000e-02,1.20000000e-02,-8.32168365e+04,-7.65993644e+06,-1.25680420e+06
-8.00000000e-03,1.20000000e-02,-5.40118338e+04,-7.07938426e+06,-7.64159010e+05
-4.00000000e-03,1.20000000e-02,-2.65817624e+04,-6.75147922e+06,-3.61800362e+05
0.00000000e+00,1.20000000e-02,0.00000000e+00,-6.64544060e+06,-0.00000000e+00
4.00000000e-03,1.20000000e-02,2.65817624e+04,-6.75147922e+06,3.61800362e+05
8.00000000e-03,1.20000000e-02,5.40118338e+04,-7.07938426e+06,7.64159010e+05
1.20000000e-02,1.20000000e-02,8.32168365e+04,-7.65993644e+06,1.25680420e+06
1.60000000e-02,1.20000000e-02,1.15291325e+05,-8.54916521e+06,1.91118335e+06
2.00000000e-02,1.20000000e-02,1.51610158e+05,-9.83503480e+06,2.84151877e+06
2.40000000e-02,1.20000000e-02,1.93971604e+05,-1.16433813e+07,4.24404684e+06
2.80000000e-02,1.20000000e-02,2.44757209e+05,-1.41286184e+07,6.47390496e+06
3.20000000e-02,1.20000000e-02,3.07000551e+05,-1.73946945e+07,1.01969058e+07
3.60000000e-02,1.20000000e-02,3.83914765e+05,-2.11728505e+07,1.66664571e+07
4.00000000e-02,1.20000000e-02,4.76383355e+05,-2.38919050e+07,2.80401466e+07
4.40000000e-02,1.20000000e-02,5.75050005e+05,-2.14198799e+07,4.64734022e+07
4.80000000e-02,1.20000000e-02,6.47742394e+05,-9.52655886e+06,6.64527645e+07
5.20000000e-02,1.20000000e-02,6.51262476e+05,7.76248834e+06,6.64652206e+07
5.60000000e-02,1.20000000e-02,5.85642487e+05,1.96395707e+07,4.65111546e+07
6.00000000e-02,1.20000000e-02,4.94145910e+05,2.20786312e+07,2.81043725e+07
6.40000000e-02,1.20000000e-02,4.09013437e+05,1.93088820e+07,1.67592035e+07
6.80000000e-02,1.20000000e-02,3.39674854e+05,1.54607169e+07,1.03212269e+07
7.20000000e-02,1.20000000e-02,2.85327702e+05,1.21030500e+07,6.63407570e+06
7.60000000e-02,1.20000000e-02,2.42850453e+05,9.50153757e+06,4.44587945e+06
8.00000000e-02,1.20000000e-02,2.09315402e+05,7.54807035e+06,3.09282225e+06
8.40000000e-02,1.20000000e-02,1.82465891e+05,6.08270021e+06,2.22243072e+06
8.80000000e-02,1.20000000e-02,1.60653800e+05,4.97223104e+06,1.64210879e+06
9.20000000e-02,1.20000000e-02,1.42688042e+05,4.11886496e+06,1.24272261e+06
9.60000000e-02,1.20000000e-02,1.27702880e+05,3.45332632e+06,9.60100279e+05
1.00000000e-01,1.20000000e-02,1.15061432e+05,2.92680249e+06,7.55162936e+05
1.04000000e-01,1.20000000e-02,1.04288460e+05,2.50466093e+06,6.03334884e+05
1.08000000e-01,1.20000000e-02,9.50241443e+04,2.16203540e+06,4.88704109e+05
1.12000000e-01,1.20000000e-02,8.69921772e+04,1.88082472e+06,4.00693869e+05
1.16000000e-01,1.20000000e-02,7.99775466e+04,1.64766500e+06,3.32105558e+05
1.20000000e-01,1.20000000e-02,7.38108572e+04,1.45255305e+06,2.77934228e+05
1.24000000e-01,1.20000000e-02,6.83571221e+04,1.28790245e+06,2.34632491e+05
1.28000000e-01,1.20000000e-02,6.35076376e+04,1.14788831e+06,1.99641851e+05
1.32000000e-01,1.20000000e-02,5.91740156e+04,1.02798662e+06,1.71087593e+05
1.36000000e-01,1.20000000e-02,5.52837447e+04,9.24645934e+05,1.47576089e+05
1.40000000e-01,1.20000000e-02,5.17768482e+04,8.35050477e+05,1.28057595e+05
1.44000000e-01,1.20000000e-02,4.86033408e+04,7.56947114e+05,1.11731787e+05
1.48000000e-01,1.20000000e-02,4.57212713e+04,6.88517414e+05,9.79816819e+04
1.52000000e-01,1.20000000e-02,4.30952015e+04,6.28282062e+05,8.63267401e+04
1.56000000e-01,1.20000000e-02,4.06950148e+04,5.75028660e+05,7.63891291e+04
1.60000000e-01,1.20000000e-02,3.84949722e+04,5.27756680e+05,6.78691522e+04
1.64000000e-01,1.20000000e-02,3.64729613e+04,4.85635089e+05,6.05271421e+04
1.68000000e-01,1.20000000e-02,3.46098915e+04,4.47969452e+05,5.41699744e+04
1.72000000e-01,1.20000000e-02,3.28892057e+04,4.14176185e+05,4.86409209e+04
1.76000000e-01,1.20000000e-02,3.12964821e+04,3.83762248e+05,4.38119431e+04
1.80000000e-01,1.20000000e-02,2.98191077e+04,3.56309004e+05,3.95777873e+04
1.84000000e-01,1.20000000e-02,2.84460100e+04,3.31459319e+05,3.58514229e+04
1.88000000e-01,1.20000000e-02,2.71674332e+04,3.08907168e+05,3.25604899e+04
1.92000000e-01,1.20000000e-02,2.59747527e+04,2.88389215e+05,2.96445138e+04
1.96000000e-01,1.20000000e-02,2.48603195e+04,2.69677962e+05,2.70527047e+04
2.00000000e-01,1.20000000e-02,2.38173290e+04,nan,nan
-2.00000000e-01,1.60000000e-02,-2.37022255e+04,nan,nan
-1.96000000e-01,1.60000000e-02,-2.47344873e+04,2.66832887e+05,-3.57421543e+04
-1.92000000e-01,1.60000000e-02,-2.58368886e+04,2.85193624e+05,-3.91479192e+04
-1.88000000e-01,1.60000000e-02,-2.70160363e+04,3.05307021e+05,-4.29766515e+04
-1.84000000e-01,1.60000000e-02,-2.82793448e+04,3.27390449e+05,-4.72940312e+04
-1.80000000e-01,1.60000000e-02,-2.96351598e+04,3.51694854e+05,-5.21781255e+04
-1.76000000e-01,1.60000000e-02,-3.10929036e+04,3.78511024e+05,-5.77221650e+04
-1.72000000e-01,1.60000000e-02,-3.26632480e+04,4.08177242e+05,-6.40380483e+04
-1.68000000e-01,1.60000000e-02,-3.43583216e+04,4.41088665e+05,-7.12607932e+04
-1.64000000e-01,1.60000000e-02,-3.61919574e+04,4.77708903e+05,-7.95542310e+04
-1.60000000e-01,1.60000000e-02,-3.81799928e+04,5.18584377e+05,-8.91183441e+04
-1.56000000e-01,1.60000000e-02,-4.03406324e+04,5.64362239e+05,-1.00198796e+05
-1.52000000e-01,1.60000000e-02,-4.26948907e+04,6.15812875e+05,-1.13099413e+05
-1.48000000e-01,1.60000000e-02,-4.52671354e+04,6.73858342e+05,-1.28198666e+05
-1.44000000e-01,1.60000000e-02,-4.80857574e+04,7.39608549e+05,-1.45971665e+05
-1.40000000e-01,1.60000000e-02,-5.11840038e+04,8.14407625e+05,-1.67019762e+05
-1.36000000e-01,1.60000000e-02,-5.46010184e+04,8.99893742e+05,-1.92110866e+05
-1.32000000e-01,1.60000000e-02,-5.83831537e+04,9.98076895e+05,-2.22234932e+05
-1.28000000e-01,1.60000000e-02,-6.25856336e+04,1.11144076e+06,-2.58681294e+05
-1.24000000e-01,1.60000000e-02,-6.72746798e+04,1.24307704e+06,-3.03147821e+05
-1.20000000e-01,1.60000000e-02,-7.25302499e+04,1.39686391e+06,-3.57897148e+05
-1.16000000e-01,1.60000000e-02,-7.84495911e+04,1.57770445e+06,-4.25983591e+05
-1.12000000e-01,1.60000000e-02,-8.51518855e+04,1.79184661e+06,-5.11587953e+05
-1.08000000e-01,1.60000000e-02,-9.27843640e+04,2.04731334e+06,-6.20519794e+05
-1.04000000e-01,1.60000000e-02,-1.01530392e+05,2.35447886e+06,-7.60984315e+05
-1.00000000e-01,1.60000000e-02,-1.11620195e+05,2.72683090e+06,-9.44774855e+05
-9.60000000e-02,1.60000000e-02,-1.23345039e+05,3.18194776e+06,-1.18916229e+06
-9.20000000e-02,1.60000000e-02,-1.37075777e+05,3.74266203e+06,-1.51994432e+06
-8.80000000e-02,1.60000000e-02,-1.53286336e+05,4.43819573e+06,-1.97645020e+06
-8.40000000e-02,1.60000000e-02,-1.72581343e+05,5.30452005e+06,-2.61986026e+06
-8.00000000e-02,1.60000000e-02,-1.95722496e+05,6.38177007e+06,-3.54708195e+06
-7.60000000e-02,1.60000000e-02,-2.23635503e+05,7.70293762e+06,-4.91349033e+06
-7.20000000e-02,1.60000000e-02,-2.57345997e+05,9.25965534e+06,-6.96771192e+06
-6.80000000e-02,1.60000000e-02,-2.97712746e+05,1.09149888e+07,-1.00937270e+07
-6.40000000e-02,1.60000000e-02,-3.44665908e+05,1.22215462e+07,-1.48151481e+07
-6.00000000e-02,1.60000000e-02,-3.95485116e+05,1.21815324e+07,-2.15746853e+07
-5.60000000e-02,1.60000000e-02,-4.42118167e+05,9.35629767e+06,-2.98168696e+07
-5.20000000e-02,1.60000000e-02,-4.70335497e+05,3.09435036e+06,-3.63227261e+07
-4.80000000e-02,1.60000000e-02,-4.66872970e+05,-4.82942432e+06,-3.63065660e+07
-4.40000000e-02,1.60000000e-02,-4.31700103e+05,-1.11067188e+07,-2.97679062e+07
-4.00000000e-02,1.60000000e-02,-3.78019219e+05,-1.39630781e+07,-2.14914382e+07
-3.60000000e-02,1.60000000e-02,-3.19995478e+05,-1.40508780e+07,-1.46950484e+07
-3.20000000e-02,1.60000000e-02,-2.65612196e+05,-1.28101559e+07,-9.93295203e+06
-2.80000000e-02,1.60000000e-02,-2.17514231e+05,-1.12406781e+07,-6.76093079e+06
-2.40000000e-02,1.60000000e-02,-1.75686771e+05,-9.79250783e+06,-4.65349007e+06
-2.00000000e-02,1.60000000e-02,-1.39174168e+05,-8.60611605e+06,-3.22422993e+06
-1.60000000e-02,1.60000000e-02,-1.06837843e+05,-7.69449956e+06,-2.22133341e+06
-1.20000000e-02,1.60000000e-02,-7.76181717e+04,-7.03070065e+06,-1.48512455e+06
-8.00000000e-03,1.60000000e-02,-5.05922375e+04,-6.58244682e+06,-9.12778158e+05
-4.00000000e-03,1.60000000e-02,-2.49585972e+04,-6.32402969e+06,-4.34808953e+05
0.00000000e+00,1.60000000e-02,0.00000000e+00,-6.23964929e+06,-0.00000000e+00
4.00000000e-03,1.60000000e-02,2.49585972e+04,-6.32402969e+06,4.34808953e+05
8.00000000e-03,1.60000000e-02,5.05922375e+04,-6.58244682e+06,9.12778158e+05
1.20000000e-02,1.60000000e-02,7.76181717e+04,-7.03070065e+06,1.48512455e+06
1.60000000e-02,1.60000000e-02,1.06837843e+05,-7.69449956e+06,2.22133341e+06
2.00000000e-02,1.60000000e-02,1.39174168e+05,-8.60611605e+06,3.22422993e+06
2.40000000e-02,1.60000000e-02,1.75686771e+05,-9.79250783e+06,4.65349007e+06
2.80000000e-02,1.60000000e-02,2.17514231e+05,-1.12406781e+07,6.76093079e+06
3.20000000e-02,1.60000000e-02,2.65612196e+05,-1.28101559e+07,9.93295203e+06
3.60000000e-02,1.60000000e-02,3.19995478e+05,-1.40508780e+07,1.46950484e+07
4.00000000e-02,1.60000000e-02,3.78019219e+05,-1.39630781e+07,2.14914382e+07
4.40000000e-02,1.60000000e-02,4.31700103e+05,-1.11067188e+07,2.97679062e+07
4.80000000e-02,1.60000000e-02,4.66872970e+05,-4.82942432e+06,3.63065660e+07
5.20000000e-02,1.60000000e-02,4.70335497e+05,3.09435036e+06,3.63227261e+07
5.60000000e-02,1.60000000e-02,4.42118167e+05,9.35629767e+06,2.98168696e+07
6.00000000e-02,1.60000000e-02,3.95485116e+05,1.21815324e+07,2.15746853e+07
6.40000000e-02,1.60000000e-02,3.44665908e+05,1.22215462e+07,1.48151481e+07
6.80000000e-02,1.60000000e-02,2.97712746e+05,1.09149888e+07,1.00937270e+07
7.20000000e-02,1.60000000e-02,2.57345997e+05,9.25965534e+06,6.96771192e+06
7.60000000e-02,1.60000000e-02,2.23635503e+05,7.70293762e+06,4.91349033e+06
8.00000000e-02,1.60000000e-02,1.95722496e+05,6.38177007e+06,3.54708195e+06
8.40000000e-02,1.60000000e-02,1.72581343e+05,5.30452005e+06,2.61986026e+06
8.80000000e-02,1.60000000e-02,1.53286336e+05,4.43819573e+06,1.97645020e+06
9.20000000e-02,1.60000000e-02,1.37075777e+05,3.74266203e+06,1.51994432e+06
9.60000000e-02,1.60000000e-02,1.23345039e+05,3.18194776e+06,1.18916229e+06
1.00000000e-01,1.60000000e-02,1.11620195e+05,2.72683090e+06,9.44774855e+05
1.04000000e-01,1.60000000e-02,1.01530392e+05,2.35447886e+06,7.60984315e+05
1.08000000e-01,1.60000000e-02,9.27843640e+04,2.04731334e+06,6.20519794e+05
1.12000000e-01,1.60000000e-02,8.51518855e+04,1.79184661e+06,5.11587953e+05
1.16000000e-01,1.60000000e-02,7.84495911e+04,1.57770445e+06,4.25983591e+05
1.20000000e-01,1.60000000e-02,7.25302499e+04,1.39686391e+06,3.57897148e+05
1.24000000e-01,1.60000000e-02,6.72746798e+04,1.24307704e+06,3.03147821e+05
1.28000000e-01,1.60000000e-02,6.25856336e+04,1.11144076e+06,2.58681294e+05
1.32000000e-01,1.60000000e-02,5.83831537e+04,9.98076895e+05,2.22234932e+05
1.36000000e-01,1.60000000e-02,5.46010184e+04,8.99893742e+05,1.92110866e+05
1.40000000e-01,1.60000000e-02,5.11840038e+04,8.14407625e+05,1.67019762e+05
1.44000000e-01,1.60000000e-02,4.80857574e+04,7.39608549e+05,1.45971665e+05
1.48000000e-01,1.60000000e-02,4.52671354e+04,6.73858342e+05,1.28198666e+05
1.52000000e-01,1.60000000e-02,4.26948907e+04,6.15812875e+05,1.13099413e+05
1.56000000e-01,1.60000000e-02,4.03406324e+04,5.64362239e+05,1.00198796e+05
1.60000000e-01,1.60000000e-02,3.81799928e+04,5.18584377e+05,8.91183441e+04
1.64000000e-01,1.60000000e-02,3.61919574e+04,4.77708903e+05,7.95542310e+04
1.68000000e-01,1.60000000e-02,3.43583216e+04,4.41088665e+05,7.12607932e+04
1.72000000e-01,1.60000000e-02,3.26632480e+04,4.08177242e+05,6.40380483e+04
1.76000000e-01,1.60000000e-02,3.10929036e+04,3.78511024e+05,5.77221650e+04
1.80000000e-01,1.60000000e-02,2.96351598e+04,3.51694854e+05,5.21781255e+04
1.84000000e-01,1.60000000e-02,2.82793448e+04,3.27390449e+05,4.72940312e+04
1.88000000e-01,1.60000000e-02,2.70160363e+04,3.05307021e+05,4.29766515e+04
1.92000000e-01,1.60000000e-02,2.58368886e+04,2.85193624e+05,3.91479192e+04
1.96000000e-01,1.60000000e-02,2.47344873e+04,2.66832887e+05,3.57421543e+04
2.00000000e-01,1.60000000e-02,2.37022255e+04,nan,nan
-2.00000000e-01,2.00000000e-02,-2.35556982e+04,nan,nan
-1.96000000e-01,2.00000000e-02,-2.45743822e+04,2.63233893e+05,-4.41584981e+04
-1.92000000e-01,2.00000000e-02,-2.56615693e+04,2.81154718e+05,-4.83371178e+04
-1.88000000e-01,2.00000000e-02,-2.68236200e+04,3.00761056e+05,-5.30300070e+04
-1.84000000e-01,2.00000000e-02,-2.80676578e+04,3.22257845e+05,-5.83161131e+04
-1.80000000e-01,2.00000000e-02,-2.94016827e+04,3.45880870e+05,-6.42890630e+04
-1.76000000e-01,2.00000000e-02,-3.08347047e+04,3.71902325e+05,-7.10603971e+04
-1.72000000e-01,2.00000000e-02,-3.23769013e+04,4.00637557e+05,-7.87636334e+04
-1.68000000e-01,2.00000000e-02,-3.40398052e+04,4.32453269e+05,-8.75594056e+04
-1.64000000e-01,2.00000000e-02,-3.58365275e+04,4.67777538e+05,-9.76420025e+04
-1.60000000e-01,2.00000000e-02,-3.77820255e+04,5.07112115e+05,-1.09247747e+05
-1.56000000e-01,2.00000000e-02,-3.98934244e+04,5.51047591e+05,-1.22665809e+05
-1.52000000e-01,2.00000000e-02,-4.21904062e+04,6.00282192e+05,-1.38252270e+05
-1.48000000e-01,2.00000000e-02,-4.46956819e+04,6.55645162e+05,-1.56448555e+05
-1.44000000e-01,2.00000000e-02,-4.74355675e+04,7.18126018e+05,-1.77805805e+05
-1.40000000e-01,2.00000000e-02,-5.04406901e+04,7.88911276e+05,-2.03017380e+05
-1.36000000e-01,2.00000000e-02,-5.37468577e+04,8.69430764e+05,-2.32962620e+05
-1.32000000e-01,2.00000000e-02,-5.73961362e+04,9.61416195e+05,-2.68766347e+05
-1.28000000e-01,2.00000000e-02,-6.14381873e+04,1.06697542e+06,-3.11880602e+05
-1.24000000e-01,2.00000000e-02,-6.59319396e+04,1.18868659e+06,-3.64198163e+05
-1.20000000e-01,2.00000000e-02,-7.09476800e+04,1.32971728e+06,-4.28211965e+05
-1.16000000e-01,2.00000000e-02,-7.65696778e+04,1.49397420e+06,-5.07241616e+05
-1.12000000e-01,2.00000000e-02,-8.28994736e+04,1.68628852e+06,-6.05759072e+05
-1.08000000e-01,2.00000000e-02,-9.00599860e+04,1.91263904e+06,-7.29862453e+05
-1.04000000e-01,2.00000000e-02,-9.82005859e+04,2.18040587e+06,-8.87973259e+05
-1.00000000e-01,2.00000000e-02,-1.07503233e+05,2.49862451e+06,-1.09187295e+06
-9.60000000e-02,2.00000000e-02,-1.18189582e+05,2.87815686e+06,-1.35825639e+06
-9.20000000e-02,2.00000000e-02,-1.30528488e+05,3.33157706e+06,-1.71106817e+06
-8.80000000e-02,2.00000000e-02,-1.44842198e+05,3.87231510e+06,-2.18500038e+06
-8.40000000e-02,2.00000000e-02,-1.61507009e+05,4.51206845e+06,-2.83062197e+06
-8.00000000e-02,2.00000000e-02,-1.80938746e+05,5.25444028e+06,-3.72150098e+06
-7.60000000e-02,2.00000000e-02,-2.03542531e+05,6.08090760e+06,-4.96278277e+06
-7.20000000e-02,2.00000000e-02,-2.29586007e+05,6.92281340e+06,-6.69732752e+06
-6.80000000e-02,2.00000000e-02,-2.58925038e+05,7.61328072e+06,-9.09565520e+06
-6.40000000e-02,2.00000000e-02,-2.90492253e+05,7.82792374e+06,-1.22929898e+07
-6.00000000e-02,2.00000000e-02,-3.21548428e+05,7.07690969e+06,-1.62046420e+07
-5.60000000e-02,2.00000000e-02,-3.47107530e+05,4.89152992e+06,-2.01891252e+07
-5.20000000e-02,2.00000000e-02,-3.60680667e+05,1.27279193e+06,-2.28648344e+07
-4.80000000e-02,2.00000000e-02,-3.57289866e+05,-2.97173898e+06,-2.28453239e+07
-4.40000000e-02,2.00000000e-02,-3.36906755e+05,-6.60475212e+06,-2.01300325e+07
-4.00000000e-02,2.00000000e-02,-3.04451849e+05,-8.81904726e+06,-1.61042502e+07
-3.60000000e-02,2.00000000e-02,-2.66354377e+05,-9.61436427e+06,-1.21483256e+07
-3.20000000e-02,2.00000000e-02,-2.27536935e+05,-9.46057687e+06,-8.90230918e+06
-2.80000000e-02,2.00000000e-02,-1.90669762e+05,-8.84915643e+06,-6.44917879e+06
-2.40000000e-02,2.00000000e-02,-1.56743683e+05,-8.10668045e+06,-4.65159847e+06
-2.00000000e-02,2.00000000e-02,-1.25816319e+05,-7.40287814e+06,-3.33636775e+06
-1.60000000e-02,2.00000000e-02,-9.75206580e+04,-6.81005984e+06,-2.35714375e+06
-1.20000000e-02,2.00000000e-02,-7.13358401e+04,-6.35138119e+06,-1.60416484e+06
-8.00000000e-03,2.00000000e-02,-4.67096085e+04,-6.02906866e+06,-9.97634565e+05
-4.00000000e-03,2.00000000e-02,-2.31032908e+04,-5.83870106e+06,-4.78442126e+05
0.00000000e+00,2.00000000e-02,0.00000000e+00,-5.77582270e+06,-0.00000000e+00
4.00000000e-03,2.00000000e-02,2.31032908e+04,-5.83870106e+06,4.78442126e+05
8.00000000e-03,2.00000000e-02,4.67096085e+04,-6.02906866e+06,9.97634565e+05
1.20000000e-02,2.00000000e-02,7.13358401e+04,-6.35138119e+06,1.60416484e+06
1.60000000e-02,2.00000000e-02,9.75206580e+04,-6.81005984e+06,2.35714375e+06
2.00000000e-02,2.00000000e-02,1.25816319e+05,-7.40287814e+06,3.33636775e+06
2.40000000e-02,2.00000000e-02,1.56743683e+05,-8.10668045e+06,4.65159847e+06
2.80000000e-02,2.00000000e-02,1.90669762e+05,-8.84915643e+06,6.44917879e+06
3.20000000e-02,2.00000000e-02,2.27536935e+05,-9.46057687e+06,8.90230918e+06
3.60000000e-02,2.00000000e-02,2.66354377e+05,-9.61436427e+06,1.21483256e+07
4.00000000e-02,2.00000000e-02,3.04451849e+05,-8.81904726e+06,1.61042502e+07
4.40000000e-02,2.00000000e-02,3.36906755e+05,-6.60475212e+06,2.01300325e+07
4.80000000e-02,2.00000000e-02,3.57289866e+05,-2.97173898e+06,2.28453239e+07
5.20000000e-02,2.00000000e-02,3.60680667e+05,1.27279193e+06,2.28648344e+07
5.60000000e-02,2.00000000e-02,3.47107530e+05,4.89152992e+06,2.01891252e+07
6.00000000e-02,2.00000000e-02,3.21548428e+05,7.07690969e+06,1.62046420e+07
6.40000000e-02,2.00000000e-02,2.90492253e+05,7.82792374e+06,1.22929898e+07
6.80000000e-02,2.00000000e-02,2.58925038e+05,7.61328072e+06,9.09565520e+06
7.20000000e-02,2.00000000e-02,2.29586007e+05,6.92281340e+06,6.69732752e+06
7.60000000e-02,2.00000000e-02,2.03542531e+05,6.08090760e+06,4.96278277e+06
8.00000000e-02,2.00000000e-02,1.80938746e+05,5.25444028e+06,3.72150098e+06
8.40000000e-02,2.00000000e-02,1.61507009e+05,4.51206845e+06,2.83062197e+06
8.80000000e-02,2.00000000e-02,1.44842198e+05,3.87231510e+06,2.18500038e+06
9.20000000e-02,2.00000000e-02,1.30528488e+05,3.33157706e+06,1.71106817e+06
9.60000000e-02,2.00000000e-02,1.18189582e+05,2.87815686e+06,1.35825639e+06
1.00000000e-01,2.00000000e-02,1.07503233e+05,2.49862451e+06,1.09187295e+06
1.04000000e-01,2.00000000e-02,9.82005859e+04,2.18040587e+06,8.87973259e+05
1.08000000e-01,2.00000000e-02,9.00599860e+04,1.91263904e+06,7.29862453e+05
1.12000000e-01,2.00000000e-02,8.28994736e+04,1.68628852e+06,6.05759072e+05
1.16000000e-01,2.00000000e-02,7.65696778e+04,1.49397420e+06,5.07241616e+05
1.20000000e-01,2.00000000e-02,7.09476800e+04,1.32971728e+06,4.28211965e+05
1.24000000e-01,2.00000000e-02,6.59319396e+04,1.18868659e+06,3.64198163e+05
1.28000000e-01,2.00000000e-02,6.14381873e+04,1.06697542e+06,3.11880602e+05
1.32000000e-01,2.00000000e-02,5.73961362e+04,9.61416195e+05,2.68766347e+05
1.36000000e-01,2.00000000e-02,5.37468577e+04,8.69430764e+05,2.32962620e+05
1.40000000e-01,2.00000000e-02,5.04406901e+04,7.88911276e+05,2.03017380e+05
1.44000000e-01,2.00000000e-02,4.74355675e+04,7.18126018e+05,1.77805805e+05
1.48000000e-01,2.00000000e-02,4.46956819e+04,6.55645162e+05,1.56448555e+05
1.52000000e-01,2.00000000e-02,4.21904062e+04,6.00282192e+05,1.38252270e+05
1.56000000e-01,2.00000000e-02,3.98934244e+04,5.51047591e+05,1.22665809e+05
1.60000000e-01,2.00000000e-02,3.77820255e+04,5.07112115e+05,1.09247747e+05
1.64000000e-01,2.00000000e-02,3.58365275e+04,4.67777538e+05,9.76420025e+04
1.68000000e-01,2.00000000e-02,3.40398052e+04,4.32453269e+05,8.75594056e+04
1.72000000e-01,2.00000000e-02,3.23769013e+04,4.00637557e+05,7.87636334e+04
1.76000000e-01,2.00000000e-02,3.08347047e+04,3.71902325e+05,7.10603971e+04
1.80000000e-01,2.00000000e-02,2.94016827e+04,3.45880870e+05,6.42890630e+04
1.84000000e-01,2.00000000e-02,2.80676578e+04,3.22257845e+05,5.83161131e+04
1.88000000e-01,2.00000000e-02,2.68236200e+04,3.00761056e+05,5.30300070e+04
1.92000000e-01,2.00000000e-02,2.56615693e+04,2.81154718e+05,4.83371178e+04
1.96000000e-01,2.00000000e-02,2.45743822e+04,2.63233893e+05,4.41584981e+04
2.00000000e-01,2.00000000e-02,2.35556982e+04,nan,nan
-2.00000000e-01,2.40000000e-02,-2.33788072e+04,nan,nan
-1.96000000e-01,2.40000000e-02,-2.43812193e+04,2.58923060e+05,-5.22432851e+04
-1.92000000e-01,2.40000000e-02,-2.54501917e+04,2.76322115e+05,-5.71454611e+04
-1.88000000e-01,2.40000000e-02,-2.65917962e+04,2.95328025e+05,-6.26443481e+04
-1.84000000e-01,2.40000000e-02,-2.78128159e+04,3.16131393e+05,-6.88302783e+04
-1.80000000e-01,2.40000000e-02,-2.91208473e+04,3.38950570e+05,-7.58100903e+04
-1.76000000e-01,2.40000000e-02,-3.05244204e+04,3.64036454e+05,-8.37106899e+04
-1.72000000e-01,2.40000000e-02,-3.20331390e+04,3.91678234e+05,-9.26834997e+04
-1.68000000e-01,2.40000000e-02,-3.36578463e+04,4.22210296e+05,-1.02910053e+05
-1.64000000e-01,2.40000000e-02,-3.54108213e+04,4.56020562e+05,-1.14609071e+05
-1.60000000e-01,2.40000000e-02,-3.73060108e+04,4.93560570e+05,-1.28045460e+05
-1.56000000e-01,2.40000000e-02,-3.93593059e+04,5.35357716e+05,-1.43541846e+05
-1.52000000e-01,2.40000000e-02,-4.15888725e+04,5.82030129e+05,-1.61493437e+05
-1.48000000e-01,2.40000000e-02,-4.40155469e+04,6.34304806e+05,-1.82387328e+05
-1.44000000e-01,2.40000000e-02,-4.66633110e+04,6.93039724e+05,-2.06827748e+05
-1.40000000e-01,2.40000000e-02,-4.95598647e+04,7.59250810e+05,-2.35569333e+05
-1.36000000e-01,2.40000000e-02,-5.27373175e+04,8.34144775e+05,-2.69561328e+05
-1.32000000e-01,2.40000000e-02,-5.62330229e+04,9.19158913e+05,-3.10006766e+05
-1.28000000e-01,2.40000000e-02,-6.00905888e+04,1.01600894e+06,-3.58442353e+05
-1.24000000e-01,2.40000000e-02,-6.43610945e+04,1.12674567e+06,-4.16847202e+05
-1.20000000e-01,2.40000000e-02,-6.91045542e+04,1.25382046e+06,-4.87792003e+05
-1.16000000e-01,2.40000000e-02,-7.43916581e+04,1.40015735e+06,-5.74645269e+05
-1.12000000e-01,2.40000000e-02,-8.03058129e+04,1.56922578e+06,-6.81860432e+05
-1.08000000e-01,2.40000000e-02,-8.69454643e+04,1.76509915e+06,-8.15377714e+05
-1.04000000e-01,2.40000000e-02,-9.44266062e+04,1.99246836e+06,-9.83188354e+05
-1.00000000e-01,2.40000000e-02,-1.02885211e+05,2.25654777e+06,-1.19612610e+06
-9.60000000e-02,2.40000000e-02,-1.12478988e+05,2.56275255e+06,-1.46896886e+06
-9.20000000e-02,2.40000000e-02,-1.23387232e+05,2.91591804e+06,-1.82194166e+06
-8.80000000e-02,2.40000000e-02,-1.35806333e+05,3.31864193e+06,-2.28267978e+06
-8.40000000e-02,2.40000000e-02,-1.49936367e+05,3.76801945e+06,-2.88855806e+06
-8.00000000e-02,2.40000000e-02,-1.65950488e+05,4.24960927e+06,-3.68882999e+06
-7.60000000e-02,2.40000000e-02,-1.83933241e+05,4.72711108e+06,-4.74484434e+06
-7.20000000e-02,2.40000000e-02,-2.03767377e+05,5.12678290e+06,-6.12401128e+06
-6.80000000e-02,2.40000000e-02,-2.24947504e+05,5.31932652e+06,-7.87851597e+06
-6.40000000e-02,2.40000000e-02,-2.46321989e+05,5.11255945e+06,-9.99475798e+06
-6.00000000e-02,2.40000000e-02,-2.65847980e+05,4.28539706e+06,-1.23055562e+07
-5.60000000e-02,2.40000000e-02,-2.80605165e+05,2.69610529e+06,-1.44031337e+07
-5.20000000e-02,2.40000000e-02,-2.87416822e+05,4.38151637e+05,-1.56852882e+07
-4.80000000e-02,2.40000000e-02,-2.84110379e+05,-2.09462242e+06,-1.56628343e+07
-4.40000000e-02,2.40000000e-02,-2.70659843e+05,-4.36564506e+06,-1.43351559e+07
-4.00000000e-02,2.40000000e-02,-2.49185218e+05,-5.98137121e+06,-1.21901723e+07
-3.60000000e-02,2.40000000e-02,-2.22808873e+05,-6.84893696e+06,-9.82871652e+06
-3.20000000e-02,2.40000000e-02,-1.94393722e+05,-7.11100910e+06,-7.65701417e+06
-2.80000000e-02,2.40000000e-02,-1.65920801e+05,-6.98996739e+06,-5.84041753e+06
-2.40000000e-02,2.40000000e-02,-1.38473983e+05,-6.67969679e+06,-4.39030011e+06
-2.00000000e-02,2.40000000e-02,-1.12483226e+05,-6.31166132e+06,-3.25169309e+06
-1.60000000e-02,2.40000000e-02,-8.79806927e+04,-5.96229666e+06,-2.35363189e+06
-1.20000000e-02,2.40000000e-02,-6.47848530e+04,-5.67119147e+06,-1.63014924e+06
-8.00000000e-03,2.40000000e-02,-4.26111610e+04,-5.45672411e+06,-1.02590197e+06
-4.00000000e-03,2.40000000e-02,-2.11310602e+04,-5.32639512e+06,-4.95385645e+05
0.00000000e+00,2.40000000e-02,0.00000000e+00,-5.28276504e+06,-0.00000000e+00
4.00000000e-03,2.40000000e-02,2.11310602e+04,-5.32639512e+06,4.95385645e+05
8.00000000e-03,2.40000000e-02,4.26111610e+04,-5.45672411e+06,1.02590197e+06
1.20000000e-02,2.40000000e-02,6.47848530e+04,-5.67119147e+06,1.63014924e+06
1.60000000e-02,2.40000000e-02,8.79806927e+04,-5.96229666e+06,2.35363189e+06
2.00000000e-02,2.40000000e-02,1.12483226e+05,-6.31166132e+06,3.25169309e+06
2.40000000e-02,2.40000000e-02,1.38473983e+05,-6.67969679e+06,4.39030011e+06
2.80000000e-02,2.40000000e-02,1.65920801e+05,-6.98996739e+06,5.84041753e+06
3.20000000e-02,2.40000000e-02,1.94393722e+05,-7.11100910e+06,7.65701417e+06
3.60000000e-02,2.40000000e-02,2.22808873e+05,-6.84893696e+06,9.82871652e+06
4.00000000e-02,2.40000000e-02,2.49185218e+05,-5.98137121e+06,1.21901723e+07
4.40000000e-02,2.40000000e-02,2.70659843e+05,-4.36564506e+06,1.43351559e+07
4.80000000e-02,2.40000000e-02,2.84110379e+05,-2.09462242e+06,1.56628343e+07
5.20000000e-02,2.40000000e-02,2.87416822e+05,4.38151637e+05,1.56852882e+07
5.60000000e-02,2.40000000e-02,2.80605165e+05,2.69610529e+06,1.44031337e+07
6.00000000e-02,2.40000000e-02,2.65847980e+05,4.28539706e+06,1.23055562e+07
6.40000000e-02,2.40000000e-02,2.46321989e+05,5.11255945e+06,9.99475798e+06
6.80000000e-02,2.40000000e-02,2.24947504e+05,5.31932652e+06,7.87851597e+06
7.20000000e-02,2.40000000e-02,2.03767377e+05,5.12678290e+06,6.12401128e+06
7.60000000e-02,2.40000000e-02,1.83933241e+05,4.72711108e+06,4.74484434e+06
8.00000000e-02,2.40000000e-02,1.65950488e+05,4.24960927e+06,3.68882999e+06
8.40000000e-02,2.40000000e-02,1.49936367e+05,3.76801945e+06,2.88855806e+06
8.80000000e-02,2.40000000e-02,1.35806333e+05,3.31864193e+06,2.28267978e+06
9.20000000e-02,2.40000000e-02,1.23387232e+05,2.91591804e+06,1.82194166e+06
9.60000000e-02,2.40000000e-02,1.12478988e+05,2.56275255e+06,1.46896886e+06
1.00000000e-01,2.40000000e-02,1.02885211e+05,2.25654777e+06,1.19612610e+06
1.04000000e-01,2.40000000e-02,9.44266062e+04,1.99246836e+06,9.83188354e+05
1.08000000e-01,2.40000000e-02,8.69454643e+04,1.76509915e+06,8.15377714e+05
1.12000000e-01,2.40000000e-02,8.03058129e+04,1.56922578e+06,6.81860432e+05
1.16000000e-01,2.40000000e-02,7.43916581e+04,1.40015735e+06,5.74645269e+05
1.20000000e-01,2.40000000e-02,6.91045542e+04,1.25382046e+06,4.87792003e+05
1.24000000e-01,2.40000000e-02,6.43610945e+04,1.12674567e+06,4.16847202e+05
1.28000000e-01,2.40000000e-02,6.00905888e+04,1.01600894e+06,3.58442353e+05
1.32000000e-01,2.40000000e-02,5.62330229e+04,9.19158913e+05,3.10006766e+05
1.36000000e-01,2.40000000e-02,5.27373175e+04,8.34144775e+05,2.69561328e+05
1.40000000e-01,2.40000000e-02,4.95598647e+04,7.59250810e+05,2.35569333e+05
1.44000000e-01,2.40000000e-02,4.66633110e+04,6.93039724e+05,2.06827748e+05
1.48000000e-01,2.40000000e-02,4.40155469e+04,6.34304806e+05,1.82387328e+05
1.52000000e-01,2.40000000e-02,4.15888725e+04,5.82030129e+05,1.61493437e+05
1.56000000e-01,2.40000000e-02,3.93593059e+04,5.35357716e+05,1.43541846e+05
1.60000000e-01,2.40000000e-02,3.73060108e+04,4.93560570e+05,1.28045460e+05
1.64000000e-01,2.40000000e-02,3.54108213e+04,4.56020562e+05,1.14609071e+05
1.68000000e-01,2.40000000e-02,3.36578463e+04,4.22210296e+05,1.02910053e+05
1.72000000e-01,2.40000000e-02,3.20331390e+04,3.91678234e+05,9.26834997e+04
1.76000000e-01,2.40000000e-02,3.05244204e+04,3.64036454e+05,8.37106899e+04
1.80000000e-01,2.40000000e-02,2.91208473e+04,3.38950570e+05,7.58100903e+04
1.84000000e-01,2.40000000e-02,2.78128159e+04,3.16131393e+05,6.88302783e+04
1.88000000e-01,2.40000000e-02,2.65917962e+04,2.95328025e+05,6.26443481e+04
1.92000000e-01,2.40000000e-02,2.54501917e+04,2.76322115e+05,5.71454611e+04
1.96000000e-01,2.40000000e-02,2.43812193e+04,2.58923060e+05,5.22432851e+04
2.00000000e-01,2.40000000e-02,2.33788072e+04,nan,nan
-2.00000000e-01,2.80000000e-02,-2.31728091e+04,nan,nan
-1.96000000e-01,2.80000000e-02,-2.41564359e+04,2.53949564e+05,-5.99440973e+04
-1.92000000e-01,2.80000000e-02,-2.52044056e+04,2.70753655e+05,-6.55135748e+04
-1.88000000e-01,2.80000000e-02,-2.63224652e+04,2.89076238e+05,-7.17522794e+04
-1.84000000e-01,2.80000000e-02,-2.75170155e+04,3.09092103e+05,-7.87598656e+04
-1.80000000e-01,2.80000000e-02,-2.87952020e+04,3.31000458e+05,-8.66538272e+04
-1.76000000e-01,2.80000000e-02,-3.01650192e+04,3.55028915e+05,-9.55732475e+04
-1.72000000e-01,2.80000000e-02,-3.16354333e+04,3.81438193e+05,-1.05683458e+05
-1.68000000e-01,2.80000000e-02,-3.32165248e+04,4.10527698e+05,-1.17181858e+05
-1.64000000e-01,2.80000000e-02,-3.49196549e+04,4.42642131e+05,-1.30305213e+05
-1.60000000e-01,2.80000000e-02,-3.67576618e+04,4.78179340e+05,-1.45338874e+05
-1.56000000e-01,2.80000000e-02,-3.87450896e+04,5.17599614e+05,-1.62628469e+05
-1.52000000e-01,2.80000000e-02,-4.08984587e+04,5.61436709e+05,-1.82594835e+05
-1.48000000e-01,2.80000000e-02,-4.32365833e+04,6.10310851e+05,-2.05753180e+05
-1.44000000e-01,2.80000000e-02,-4.57809455e+04,6.64944014e+05,-2.32737838e+05
-1.40000000e-01,2.80000000e-02,-4.85561354e+04,7.26177696e+05,-2.64334430e+05
-1.36000000e-01,2.80000000e-02,-5.15903671e+04,7.94993332e+05,-3.01521903e+05
-1.32000000e-01,2.80000000e-02,-5.49160821e+04,8.72535170e+05,-3.45527786e+05
-1.28000000e-01,2.80000000e-02,-5.85706485e+04,9.60134985e+05,-3.97901241e+05
-1.24000000e-01,2.80000000e-02,-6.25971619e+04,1.05933694e+06,-4.60610083e+05
-1.20000000e-01,2.80000000e-02,-6.70453440e+04,1.17191922e+06,-5.36170173e+05
-1.16000000e-01,2.80000000e-02,-7.19725157e+04,1.29990577e+06,-6.27818411e+05
-1.12000000e-01,2.80000000e-02,-7.74445901e+04,1.44555607e+06,-7.39744103e+05
-1.08000000e-01,2.80000000e-02,-8.35369643e+04,1.61131112e+06,-8.77397394e+05
-1.04000000e-01,2.80000000e-02,-9.03350791e+04,1.79965748e+06,-1.04789680e+06
-1.00000000e-01,2.80000000e-02,-9.79342241e+04,2.01284401e+06,-1.26055788e+06
-9.60000000e-02,2.80000000e-02,-1.06437831e+05,2.25234130e+06,-1.52755526e+06
-9.20000000e-02,2.80000000e-02,-1.15952954e+05,2.51786613e+06,-1.86469607e+06
-8.80000000e-02,2.80000000e-02,-1.26580760e+05,2.80569870e+06,-2.29219405e+06
-8.40000000e-02,2.80000000e-02,-1.38398544e+05,3.10591825e+06,-2.83513185e+06
-8.00000000e-02,2.80000000e-02,-1.51428106e+05,3.39815400e+06,-3.52288392e+06
-7.60000000e-02,2.80000000e-02,-1.65583776e+05,3.64572630e+06,-4.38601325e+06
-7.20000000e-02,2.80000000e-02,-1.80593917e+05,3.78914177e+06,-5.44801764e+06
-6.80000000e-02,2.80000000e-02,-1.95896910e+05,3.74253403e+06,-6.70831442e+06
-6.40000000e-02,2.80000000e-02,-2.10534189e+05,3.40088350e+06,-8.11420101e+06
-6.00000000e-02,2.80000000e-02,-2.23103978e+05,2.66853394e+06,-9.52806970e+06
-5.60000000e-02,2.80000000e-02,-2.31882460e+05,1.51179798e+06,-1.07156029e+07
-5.20000000e-02,2.80000000e-02,-2.35198362e+05,1.30913599e+04,-1.13969668e+07
-4.80000000e-02,2.80000000e-02,-2.31987191e+05,-1.62160674e+06,-1.13720116e+07
-4.40000000e-02,2.80000000e-02,-2.22225508e+05,-3.13209010e+06,-1.06400893e+07
-4.00000000e-02,2.80000000e-02,-2.06930470e+05,-4.31260787e+06,-9.40002142e+06
-3.60000000e-02,2.80000000e-02,-1.87724645e+05,-5.08120616e+06,-7.93021387e+06
-3.20000000e-02,2.80000000e-02,-1.66280821e+05,-5.47227787e+06,-6.46338186e+06
-2.80000000e-02,2.80000000e-02,-1.43946422e+05,-5.58244237e+06,-5.13526780e+06
-2.40000000e-02,2.80000000e-02,-1.21621282e+05,-5.51795602e+06,-3.99633679e+06
-2.00000000e-02,2.80000000e-02,-9.98027740e+04,-5.36620991e+06,-3.04442271e+06
-1.60000000e-02,2.80000000e-02,-7.86916029e+04,-5.18851599e+06,-2.25258662e+06
-1.20000000e-02,2.80000000e-02,-5.82946461e+04,-5.02365128e+06,-1.58589421e+06
-8.00000000e-03,2.80000000e-02,-3.85023927e+04,-4.89430506e+06,-1.00935549e+06
-4.00000000e-03,2.80000000e-02,-1.91402056e+04,-4.81279909e+06,-4.90615811e+05
0.00000000e+00,2.80000000e-02,0.00000000e+00,-4.78505141e+06,-0.00000000e+00
4.00000000e-03,2.80000000e-02,1.91402056e+04,-4.81279909e+06,4.90615811e+05
8.00000000e-03,2.80000000e-02,3.85023927e+04,-4.89430506e+06,1.00935549e+06
1.20000000e-02,2.80000000e-02,5.82946461e+04,-5.02365128e+06,1.58589421e+06
1.60000000e-02,2.80000000e-02,7.86916029e+04,-5.18851599e+06,2.25258662e+06
2.00000000e-02,2.80000000e-02,9.98027740e+04,-5.36620991e+06,3.04442271e+06
2.40000000e-02,2.80000000e-02,1.21621282e+05,-5.51795602e+06,3.99633679e+06
2.80000000e-02,2.80000000e-02,1.43946422e+05,-5.58244237e+06,5.13526780e+06
3.20000000e-02,2.80000000e-02,1.66280821e+05,-5.47227787e+06,6.46338186e+06
3.60000000e-02,2.80000000e-02,1.87724645e+05,-5.08120616e+06,7.93021387e+06
4.00000000e-02,2.80000000e-02,2.06930470e+05,-4.31260787e+06,9.40002142e+06
4.40000000e-02,2.80000000e-02,2.22225508e+05,-3.13209010e+06,1.06400893e+07
4.80000000e-02,2.80000000e-02,2.31987191e+05,-1.62160674e+06,1.13720116e+07
5.20000000e-02,2.80000000e-02,2.35198362e+05,1.30913599e+04,1.13969668e+07
5.60000000e-02,2.80000000e-02,2.31882460e+05,1.51179798e+06,1.07156029e+07
6.00000000e-02,2.80000000e-02,2.23103978e+05,2.66853394e+06,9.52806970e+06
6.40000000e-02,2.80000000e-02,2.10534189e+05,3.40088350e+06,8.11420101e+06
6.80000000e-02,2.80000000e-02,1.95896910e+05,3.74253403e+06,6.70831442e+06
7.20000000e-02,2.80000000e-02,1.80593917e+05,3.78914177e+06,5.44801764e+06
7.60000000e-02,2.80000000e-02,1.65583776e+05,3.64572630e+06,4.38601325e+06
8.00000000e-02,2.80000000e-02,1.51428106e+05,3.39815400e+06,3.52288392e+06
8.40000000e-02,2.80000000e-02,1.38398544e+05,3.10591825e+06,2.83513185e+06
8.80000000e-02,2.80000000e-02,1.26580760e+05,2.80569870e+06,2.29219405e+06
9.20000000e-02,2.80000000e-02,1.15952954e+05,2.51786613e+06,1.86469607e+06
9.60000000e-02,2.80000000e-02,1.06437831e+05,2.25234130e+06,1.52755526e+06
1.00000000e-01,2.80000000e-02,9.79342241e+04,2.01284401e+06,1.26055788e+06
1.04000000e-01,2.80000000e-02,9.03350791e+04,1.79965748e+06,1.04789680e+06
1.08000000e-01,2.80000000e-02,8.35369643e+04,1.61131112e+06,8.77397394e+05
1.12000000e-01,2.80000000e-02,7.74445901e+04,1.44555607e+06,7.39744103e+05
1.16000000e-01,2.80000000e-02,7.19725157e+04,1.29990577e+06,6.27818411e+05
1.20000000e-01,2.80000000e-02,6.70453440e+04,1.17191922e+06,5.36170173e+05
1.24000000e-01,2.80000000e-02,6.25971619e+04,1.05933694e+06,4.60610083e+05
1.28000000e-01,2.80000000e-02,5.85706485e+04,9.60134985e+05,3.97901241e+05
1.32000000e-01,2.80000000e-02,5.49160821e+04,8.72535170e+05,3.45527786e+05
1.36000000e-01,2.80000000e-02,5.15903671e+04,7.94993332e+05,3.01521903e+05
1.40000000e-01,2.80000000e-02,4.85561354e+04,7.26177696e+05,2.64334430e+05
1.44000000e-01,2.80000000e-02,4.57809455e+04,6.64944014e+05,2.32737838e+05
1.48000000e-01,2.80000000e-02,4.32365833e+04,6.10310851e+05,2.05753180e+05
1.52000000e-01,2.80000000e-02,4.08984587e+04,5.61436709e+05,1.82594835e+05
1.56000000e-01,2.80000000e-02,3.87450896e+04,5.17599614e+05,1.62628469e+05
1.60000000e-01,2.80000000e-02,3.67576618e+04,4.78179340e+05,1.45338874e+05
1.64000000e-01,2.80000000e-02,3.49196549e+04,4.42642131e+05,1.30305213e+05
1.68000000e-01,2.80000000e-02,3.32165248e+04,4.10527698e+05,1.17181858e+05
1.72000000e-01,2.80000000e-02,3.16354333e+04,3.81438193e+05,1.05683458e+05
1.76000000e-01,2.80000000e-02,3.01650192e+04,3.55028915e+05,9.55732475e+04
1.80000000e-01,2.80000000e-02,2.87952020e+04,3.31000458e+05,8.66538272e+04
1.84000000e-01,2.80000000e-02,2.75170155e+04,3.09092103e+05,7.87598656e+04
1.88000000e-01,2.80000000e-02,2.63224652e+04,2.89076238e+05,7.17522794e+04
1.92000000e-01,2.80000000e-02,2.52044056e+04,2.70753655e+05,6.55135748e+04
1.96000000e-01,2.80000000e-02,2.41564359e+04,2.53949564e+05,5.99440973e+04
2.00000000e-01,2.80000000e-02,2.31728091e+04,nan,nan
-2.00000000e-01,3.20000000e-02,-2.29391352e+04,nan,nan
-1.96000000e-01,3.20000000e-02,-2.39016665e+04,2.48368483e+05,-6.72152767e+04
-1.92000000e-01,3.20000000e-02,-2.49260831e+04,2.64513933e+05,-7.33902059e+04
-1.88000000e-01,3.20000000e-02,-2.60177780e+04,2.82081735e+05,-8.02962032e+04
-1.84000000e-01,3.20000000e-02,-2.71827370e+04,3.01229845e+05,-8.80400887e+04
-1.80000000e-01,3.20000000e-02,-2.84276167e+04,3.22137188e+05,-9.67473530e+04
-1.76000000e-01,3.20000000e-02,-2.97598345e+04,3.45006823e+05,-1.06565967e+05
-1.72000000e-01,3.20000000e-02,-3.11876713e+04,3.70069623e+05,-1.17671083e+05
-1.68000000e-01,3.20000000e-02,-3.27203915e+04,3.97588542e+05,-1.30270850e+05
-1.64000000e-01,3.20000000e-02,-3.43683796e+04,4.27863546e+05,-1.44613666e+05
-1.60000000e-01,3.20000000e-02,-3.61432998e+04,4.61237314e+05,-1.60997224e+05
-1.56000000e-01,3.20000000e-02,-3.80582782e+04,4.98101754e+05,-1.79779889e+05
-1.52000000e-01,3.20000000e-02,-4.01281139e+04,5.38905418e+05,-2.01395035e+05
-1.48000000e-01,3.20000000e-02,-4.23695215e+04,5.84161803e+05,-2.26369222e+05
-1.44000000e-01,3.20000000e-02,-4.48014083e+04,6.34458474e+05,-2.55345321e+05
-1.40000000e-01,3.20000000e-02,-4.74451893e+04,6.90466745e+05,-2.89112064e+05
-1.36000000e-01,3.20000000e-02,-5.03251422e+04,7.52951420e+05,-3.28641937e+05
-1.32000000e-01,3.20000000e-02,-5.34688006e+04,8.22779575e+05,-3.75139933e+05
-1.28000000e-01,3.20000000e-02,-5.69073788e+04,9.00926644e+05,-4.30106382e+05
-1.24000000e-01,3.20000000e-02,-6.06762138e+04,9.88476742e+05,-4.95418006e+05
-1.20000000e-01,3.20000000e-02,-6.48151928e+04,1.08661213e+06,-5.73432331e+05
-1.16000000e-01,3.20000000e-02,-6.93691108e+04,1.19658342e+06,-6.67121615e+05
-1.12000000e-01,3.20000000e-02,-7.43878601e+04,1.31964679e+06,-7.80243064e+05
-1.08000000e-01,3.20000000e-02,-7.99262852e+04,1.45694646e+06,-9.17551638e+05
-1.04000000e-01,3.20000000e-02,-8.60434318e+04,1.60930788e+06,-1.08505844e+06
-1.00000000e-01,3.20000000e-02,-9.28007482e+04,1.77688931e+06,-1.29032841e+06
-9.60000000e-02,3.20000000e-02,-1.00258546e+05,1.95861436e+06,-1.54278933e+06
-9.20000000e-02,3.20000000e-02,-1.08469663e+05,2.15127925e+06,-1.85397957e+06
-8.80000000e-02,3.20000000e-02,-1.17468780e+05,2.34820614e+06,-2.23757500e+06
-8.40000000e-02,3.20000000e-02,-1.27255312e+05,2.53732957e+06,-2.70888216e+06
-8.00000000e-02,3.20000000e-02,-1.37767417e+05,2.69872788e+06,-3.28323913e+06
-7.60000000e-02,3.20000000e-02,-1.48845135e+05,2.80197736e+06,-3.97244707e+06
-7.20000000e-02,3.20000000e-02,-1.60183236e+05,2.80448173e+06,-4.77812668e+06
-6.80000000e-02,3.20000000e-02,-1.71280989e+05,2.65314315e+06,-5.68126870e+06
-6.40000000e-02,3.20000000e-02,-1.81408381e+05,2.29280417e+06,-6.62925108e+06
-6.00000000e-02,3.20000000e-02,-1.89623422e+05,1.68399513e+06,-7.52623531e+06
-5.60000000e-02,3.20000000e-02,-1.94880342e+05,8.27208184e+05,-8.23868338e+06
-5.20000000e-02,3.20000000e-02,-1.96241088e+05,-2.18257016e+05,-8.62730884e+06
-4.80000000e-02,3.20000000e-02,-1.93134286e+05,-1.33774494e+06,-8.60031096e+06
-4.40000000e-02,3.20000000e-02,-1.85539128e+05,-2.39365489e+06,-8.15703177e+06
-4.00000000e-02,3.20000000e-02,-1.73985047e+05,-3.27149575e+06,-7.38792627e+06
-3.60000000e-02,3.20000000e-02,-1.59367162e+05,-3.91229740e+06,-6.43084388e+06
-3.20000000e-02,3.20000000e-02,-1.42686667e+05,-4.31606303e+06,-5.41772696e+06
-2.80000000e-02,3.20000000e-02,-1.24838658e+05,-4.52292231e+06,-4.44258195e+06
-2.40000000e-02,3.20000000e-02,-1.06503289e+05,-4.58885170e+06,-3.55586950e+06
-2.00000000e-02,3.20000000e-02,-8.81278446e+04,-4.56791115e+06,-2.77399403e+06
-1.60000000e-02,3.20000000e-02,-6.99599997e+04,-4.50376815e+06,-2.09214469e+06
-1.20000000e-02,3.20000000e-02,-5.20976994e+04,-4.42796034e+06,-1.49456801e+06
-8.00000000e-03,3.20000000e-02,-3.45363171e+04,-4.36144571e+06,-9.60993047e+05
-4.00000000e-03,3.20000000e-02,-1.72061337e+04,-4.31703963e+06,-4.69936542e+05
0.00000000e+00,3.20000000e-02,0.00000000e+00,-4.30153342e+06,-0.00000000e+00
4.00000000e-03,3.20000000e-02,1.72061337e+04,-4.31703963e+06,4.69936542e+05
8.00000000e-03,3.20000000e-02,3.45363171e+04,-4.36144571e+06,9.60993047e+05
1.20000000e-02,3.20000000e-02,5.20976994e+04,-4.42796034e+06,1.49456801e+06
1.60000000e-02,3.20000000e-02,6.99599997e+04,-4.50376815e+06,2.09214469e+06
2.00000000e-02,3.20000000e-02,8.81278446e+04,-4.56791115e+06,2.77399403e+06
2.40000000e-02,3.20000000e-02,1.06503289e+05,-4.58885170e+06,3.55586950e+06
2.80000000e-02,3.20000000e-02,1.24838658e+05,-4.52292231e+06,4.44258195e+06
3.20000000e-02,3.20000000e-02,1.42686667e+05,-4.31606303e+06,5.41772696e+06
3.60000000e-02,3.20000000e-02,1.59367162e+05,-3.91229740e+06,6.43084388e+06
4.00000000e-02,3.20000000e-02,1.73985047e+05,-3.27149575e+06,7.38792627e+06
4.40000000e-02,3.20000000e-02,1.85539128e+05,-2.39365489e+06,8.15703177e+06
4.80000000e-02,3.20000000e-02,1.93134286e+05,-1.33774494e+06,8.60031096e+06
5.20000000e-02,3.20000000e-02,1.96241088e+05,-2.18257016e+05,8.62730884e+06
5.60000000e-02,3.20000000e-02,1.94880342e+05,8.27208184e+05,8.23868338e+06
6.00000000e-02,3.20000000e-02,1.89623422e+05,1.68399513e+06,7.52623531e+06
6.40000000e-02,3.20000000e-02,1.81408381e+05,2.29280417e+06,6.62925108e+06
6.80000000e-02,3.20000000e-02,1.71280989e+05,2.65314315e+06,5.68126870e+06
7.20000000e-02,3.20000000e-02,1.60183236e+05,2.80448173e+06,4.77812668e+06
7.60000000e-02,3.20000000e-02,1.48845135e+05,2.80197736e+06,3.97244707e+06
8.00000000e-02,3.20000000e-02,1.37767417e+05,2.69872788e+06,3.28323913e+06
8.40000000e-02,3.20000000e-02,1.27255312e+05,2.53732957e+06,2.70888216e+06
8.80000000e-02,3.20000000e-02,1.17468780e+05,2.34820614e+06,2.23757500e+06
9.20000000e-02,3.20000000e-02,1.08469663e+05,2.15127925e+06,1.85397957e+06
9.60000000e-02,3.20000000e-02,1.00258546e+05,1.95861436e+06,1.54278933e+06
1.00000000e-01,3.20000000e-02,9.28007482e+04,1.77688931e+06,1.29032841e+06
1.04000000e-01,3.20000000e-02,8.60434318e+04,1.60930788e+06,1.08505844e+06
1.08000000e-01,3.20000000e-02,7.99262852e+04,1.45694646e+06,9.17551638e+05
1.12000000e-01,3.20000000e-02,7.43878601e+04,1.31964679e+06,7.80243064e+05
1.16000000e-01,3.20000000e-02,6.93691108e+04,1.19658342e+06,6.67121615e+05
1.20000000e-01,3.20000000e-02,6.48151928e+04,1.08661213e+06,5.73432331e+05
1.24000000e-01,3.20000000e-02,6.06762138e+04,9.88476742e+05,4.95418006e+05
1.28000000e-01,3.20000000e-02,5.69073788e+04,9.00926644e+05,4.30106382e+05
1.32000000e-01,3.20000000e-02,5.34688006e+04,8.22779575e+05,3.75139933e+05
1.36000000e-01,3.20000000e-02,5.03251422e+04,7.52951420e+05,3.28641937e+05
1.40000000e-01,3.20000000e-02,4.74451893e+04,6.90466745e+05,2.89112064e+05
1.44000000e-01,3.20000000e-02,4.48014083e+04,6.34458474e+05,2.55345321e+05
1.48000000e-01,3.20000000e-02,4.23695215e+04,5.84161803e+05,2.26369222e+05
1.52000000e-01,3.20000000e-02,4.01281139e+04,5.38905418e+05,2.01395035e+05
1.56000000e-01,3.20000000e-02,3.80582782e+04,4.98101754e+05,1.79779889e+05
1.60000000e-01,3.20000000e-02,3.61432998e+04,4.61237314e+05,1.60997224e+05
1.64000000e-01,3.20000000e-02,3.43683796e+04,4.27863546e+05,1.44613666e+05
1.68000000e-01,3.20000000e-02,3.27203915e+04,3.97588542e+05,1.30270850e+05
1.72000000e-01,3.20000000e-02,3.11876713e+04,3.70069623e+05,1.17671083e+05
1.76000000e-01,3.20000000e-02,2.97598345e+04,3.45006823e+05,1.06565967e+05
1.80000000e-01,3.20000000e-02,2.84276167e+04,3.22137188e+05,9.67473530e+04
1.84000000e-01,3.20000000e-02,2.71827370e+04,3.01229845e+05,8.80400887e+04
1.88000000e-01,3.20000000e-02,2.60177780e+04,2.82081735e+05,8.02962032e+04
1.92000000e-01,3.20000000e-02,2.49260831e+04,2.64513933e+05,7.33902059e+04
1.96000000e-01,3.20000000e-02,2.39016665e+04,2.48368483e+05,6.72152767e+04
2.00000000e-01,3.20000000e-02,2.29391352e+04,nan,nan
-2.00000000e-01,3.60000000e-02,-2.26793678e+04,nan,nan
-1.96000000e-01,3.60000000e-02,-2.36187137e+04,2.42239522e+05,-7.40184383e+04
-1.92000000e-01,3.60000000e-02,-2.46172840e+04,2.57672728e+05,-8.07327982e+04
-1.88000000e-01,3.60000000e-02,-2.56800956e+04,2.74426356e+05,-8.82289630e+04
-1.84000000e-01,3.60000000e-02,-2.68126948e+04,2.92640953e+05,-9.66187466e+04
-1.80000000e-01,3.60000000e-02,-2.80212232e+04,3.12474580e+05,-1.06032982e+05
-1.76000000e-01,3.60000000e-02,-2.93124915e+04,3.34105186e+05,-1.16625269e+05
-1.72000000e-01,3.60000000e-02,-3.06940647e+04,3.57733311e+05,-1.28576565e+05
-1.68000000e-01,3.60000000e-02,-3.21743580e+04,3.83585115e+05,-1.42100811e+05
-1.64000000e-01,3.60000000e-02,-3.37627456e+04,4.11915758e+05,-1.57451870e+05
-1.60000000e-01,3.60000000e-02,-3.54696840e+04,4.43013117e+05,-1.74932110e+05
-1.56000000e-01,3.60000000e-02,-3.73068505e+04,4.77201803e+05,-1.94903037e+05
-1.52000000e-01,3.60000000e-02,-3.92872984e+04,5.14847375e+05,-2.17798538e+05
-1.48000000e-01,3.60000000e-02,-4.14256295e+04,5.56360565e+05,-2.44141408e+05
-1.44000000e-01,3.60000000e-02,-4.37381830e+04,6.02201172e+05,-2.74564015e+05
-1.40000000e-01,3.60000000e-02,-4.62432389e+04,6.52881081e+05,-3.09834195e+05
-1.36000000e-01,3.60000000e-02,-4.89612316e+04,7.08965462e+05,-3.50887737e+05
-1.32000000e-01,3.60000000e-02,-5.19149626e+04,7.71070725e+05,-3.98869089e+05
-1.28000000e-01,3.60000000e-02,-5.51297974e+04,8.39856912e+05,-4.55182271e+05
-1.24000000e-01,3.60000000e-02,-5.86338179e+04,9.16010993e+05,-5.21554245e+05
-1.20000000e-01,3.60000000e-02,-6.24578853e+04,1.00021561e+06,-6.00113070e+05
-1.16000000e-01,3.60000000e-02,-6.66355428e+04,1.09309503e+06,-6.93482910e+05
-1.12000000e-01,3.60000000e-02,-7.12026456e+04,1.19512605e+06,-8.04896704e+05
-1.08000000e-01,3.60000000e-02,-7.61965512e+04,1.30649574e+06,-9.38324392e+05
-1.04000000e-01,3.60000000e-02,-8.16546115e+04,1.42688071e+06,-1.09860830e+06
-1.00000000e-01,3.60000000e-02,-8.76115968e+04,1.55511312e+06,-1.29158517e+06
-9.60000000e-02,3.60000000e-02,-9.40955165e+04,1.68869014e+06,-1.52415230e+06
-9.20000000e-02,3.60000000e-02,-1.01121118e+05,1.82308046e+06,-1.80419730e+06
-8.80000000e-02,3.60000000e-02,-1.08680160e+05,1.95079611e+06,-2.14025048e+06
-8.40000000e-02,3.60000000e-02,-1.16727487e+05,2.06025413e+06,-2.54063287e+06
-8.00000000e-02,3.60000000e-02,-1.25162193e+05,2.13458909e+06,-3.01177200e+06
-7.60000000e-02,3.60000000e-02,-1.33804200e+05,2.15083874e+06,-3.55529879e+06
-7.20000000e-02,3.60000000e-02,-1.42368903e+05,2.08032013e+06,-4.16366046e+06
-6.80000000e-02,3.60000000e-02,-1.50446761e+05,1.89140963e+06,-4.81454680e+06
-6.40000000e-02,3.60000000e-02,-1.57500180e+05,1.55591689e+06,-5.46571046e+06
-6.00000000e-02,3.60000000e-02,-1.62894096e+05,1.05910165e+06,-6.05363879e+06
-5.60000000e-02,3.60000000e-02,-1.65972993e+05,4.10724446e+05,-6.50067917e+06
-5.20000000e-02,3.60000000e-02,-1.66179891e+05,-3.48536227e+05,-6.73296319e+06
-4.80000000e-02,3.60000000e-02,-1.63184704e+05,-1.15132967e+06,-6.70438094e+06
-4.40000000e-02,3.60000000e-02,-1.56969254e+05,-1.91970540e+06,-6.41428364e+06
-4.00000000e-02,3.60000000e-02,-1.47827060e+05,-2.58641998e+06,-5.90745751e+06
-3.60000000e-02,3.60000000e-02,-1.36277894e+05,-3.11100686e+06,-5.25636747e+06
-3.20000000e-02,3.60000000e-02,-1.22939006e+05,-3.48401594e+06,-4.53712514e+06
-2.80000000e-02,3.60000000e-02,-1.08405767e+05,-3.72058491e+06,-3.81149991e+06
-2.40000000e-02,3.60000000e-02,-9.31743262e+04,-3.84936809e+06,-3.11971909e+06
-2.00000000e-02,3.60000000e-02,-7.76108218e+04,-3.90248510e+06,-2.48170861e+06
-1.60000000e-02,3.60000000e-02,-6.19544454e+04,-3.90908998e+06,-1.90217009e+06
-1.20000000e-02,3.60000000e-02,-4.63381020e+04,-3.89249963e+06,-1.37603543e+06
-8.00000000e-03,3.60000000e-02,-3.08144483e+04,-3.86967359e+06,-8.92720145e+05
-4.00000000e-03,3.60000000e-02,-1.53807133e+04,-3.85180604e+06,-4.38886254e+05
0.00000000e+00,3.60000000e-02,0.00000000e+00,-3.84517832e+06,-0.00000000e+00
4.00000000e-03,3.60000000e-02,1.53807133e+04,-3.85180604e+06,4.38886254e+05
8.00000000e-03,3.60000000e-02,3.08144483e+04,-3.86967359e+06,8.92720145e+05
1.20000000e-02,3.60000000e-02,4.63381020e+04,-3.89249963e+06,1.37603543e+06
1.60000000e-02,3.60000000e-02,6.19544454e+04,-3.90908998e+06,1.90217009e+06
2.00000000e-02,3.60000000e-02,7.76108218e+04,-3.90248510e+06,2.48170861e+06
2.40000000e-02,3.60000000e-02,9.31743262e+04,-3.84936809e+06,3.11971909e+06
2.80000000e-02,3.60000000e-02,1.08405767e+05,-3.72058491e+06,3.81149991e+06
3.20000000e-02,3.60000000e-02,1.22939006e+05,-3.48401594e+06,4.53712514e+06
3.60000000e-02,3.60000000e-02,1.36277894e+05,-3.11100686e+06,5.25636747e+06
4.00000000e-02,3.60000000e-02,1.47827060e+05,-2.58641998e+06,5.90745751e+06
4.40000000e-02,3.60000000e-02,1.56969254e+05,-1.91970540e+06,6.41428364e+06
4.80000000e-02,3.60000000e-02,1.63184704e+05,-1.15132967e+06,6.70438094e+06
5.20000000e-02,3.60000000e-02,1.66179891e+05,-3.48536227e+05,6.73296319e+06
5.60000000e-02,3.60000000e-02,1.65972993e+05,4.10724446e+05,6.50067917e+06
6.00000000e-02,3.60000000e-02,1.62894096e+05,1.05910165e+06,6.05363879e+06
6.40000000e-02,3.60000000e-02,1.57500180e+05,1.55591689e+06,5.46571046e+06
6.80000000e-02,3.60000000e-02,1.50446761e+05,1.89140963e+06,4.81454680e+06
7.20000000e-02,3.60000000e-02,1.42368903e+05,2.08032013e+06,4.16366046e+06
7.60000000e-02,3.60000000e-02,1.33804200e+05,2.15083874e+06,3.55529879e+06
8.00000000e-02,3.60000000e-02,1.25162193e+05,2.13458909e+06,3.01177200e+06
8.40000000e-02,3.60000000e-02,1.16727487e+05,2.06025413e+06,2.54063287e+06
8.80000000e-02,3.60000000e-02,1.08680160e+05,1.95079611e+06,2.14025048e+06
9.20000000e-02,3.60000000e-02,1.01121118e+05,1.82308046e+06,1.80419730e+06
9.60000000e-02,3.60000000e-02,9.40955165e+04,1.68869014e+06,1.52415230e+06
1.00000000e-01,3.60000000e-02,8.76115968e+04,1.55511312e+06,1.29158517e+06
1.04000000e-01,3.60000000e-02,8.16546115e+04,1.42688071e+06,1.09860830e+06
1.08000000e-01,3.60000000e-02,7.61965512e+04,1.30649574e+06,9.38324392e+05
1.12000000e-01,3.60000000e-02,7.12026456e+04,1.19512605e+06,8.04896704e+05
1.16000000e-01,3.60000000e-02,6.66355428e+04,1.09309503e+06,6.93482910e+05
1.20000000e-01,3.60000000e-02,6.24578853e+04,1.00021561e+06,6.00113070e+05
1.24000000e-01,3.60000000e-02,5.86338179e+04,9.16010993e+05,5.21554245e+05
1.28000000e-01,3.60000000e-02,5.51297974e+04,8.39856912e+05,4.55182271e+05
1.32000000e-01,3.60000000e-02,5.19149626e+04,7.71070725e+05,3.98869089e+05
1.36000000e-01,3.60000000e-02,4.89612316e+04,7.08965462e+05,3.50887737e+05
1.40000000e-01,3.60000000e-02,4.62432389e+04,6.52881081e+05,3.09834195e+05
1.44000000e-01,3.60000000e-02,4.37381830e+04,6.02201172e+05,2.74564015e+05
1.48000000e-01,3.60000000e-02,4.14256295e+04,5.56360565e+05,2.44141408e+05
1.52000000e-01,3.60000000e-02,3.92872984e+04,5.14847375e+05,2.17798538e+05
1.56000000e-01,3.60000000e-02,3.73068505e+04,4.77201803e+05,1.94903037e+05
1.60000000e-01,3.60000000e-02,3.54696840e+04,4.43013117e+05,1.74932110e+05
1.64000000e-01,3.60000000e-02,3.37627456e+04,4.11915758e+05,1.57451870e+05
1.68000000e-01,3.60000000e-02,3.21743580e+04,3.83585115e+05,1.42100811e+05
1.72000000e-01,3.60000000e-02,3.06940647e+04,3.57733311e+05,1.28576565e+05
1.76000000e-01,3.60000000e-02,2.93124915e+04,3.34105186e+05,1.16625269e+05
1.80000000e-01,3.60000000e-02,2.80212232e+04,3.12474580e+05,1.06032982e+05
1.84000000e-01,3.60000000e-02,2.68126948e+04,2.92640953e+05,9.66187466e+04
1.88000000e-01,3.60000000e-02,2.56800956e+04,2.74426356e+05,8.82289630e+04
1.92000000e-01,3.60000000e-02,2.46172840e+04,2.57672728e+05,8.07327982e+04
1.96000000e-01,3.60000000e-02,2.36187137e+04,2.42239522e+05,7.40184383e+04
2.00000000e-01,3.60000000e-02,2.26793678e+04,nan,nan
-2.00000000e-01,4.00000000e-02,-2.23952151e+04,nan,nan
-1.96000000e-01,4.00000000e-02,-2.33095190e+04,2.35625697e+05,-8.03227627e+04
-1.92000000e-01,4.00000000e-02,-2.42802207e+04,2.50303408e+05,-8.75077950e+04
-1.88000000e-01,4.00000000e-02,-2.53119463e+04,2.66195786e+05,-9.55141444e+04
-1.84000000e-01,4.00000000e-02,-2.64097870e+04,2.83425826e+05,-1.04456506e+05
-1.80000000e-01,4.00000000e-02,-2.75793529e+04,3.02130665e+05,-1.14468497e+05
-1.76000000e-01,4.00000000e-02,-2.88268323e+04,3.22463239e+05,-1.25706238e+05
-1.72000000e-01,4.00000000e-02,-3.01590588e+04,3.44594082e+05,-1.38352702e+05
-1.68000000e-01,4.00000000e-02,-3.15835850e+04,3.68713236e+05,-1.52622994e+05
-1.64000000e-01,4.00000000e-02,-3.31087647e+04,3.95032247e+05,-1.68770786e+05
-1.60000000e-01,4.00000000e-02,-3.47438429e+04,4.23786148e+05,-1.87096166e+05
-1.56000000e-01,4.00000000e-02,-3.64990539e+04,4.55235327e+05,-2.07955253e+05
-1.52000000e-01,4.00000000e-02,-3.83857256e+04,4.89667046e+05,-2.31771968e+05
-1.48000000e-01,4.00000000e-02,-4.04163902e+04,5.27396327e+05,-2.59052461e+05
-1.44000000e-01,4.00000000e-02,-4.26048962e+04,5.68765687e+05,-2.90402812e+05
-1.40000000e-01,4.00000000e-02,-4.49665157e+04,6.14143023e+05,-3.26550695e+05
-1.36000000e-01,4.00000000e-02,-4.75180403e+04,6.63916526e+05,-3.68371838e+05
-1.32000000e-01,4.00000000e-02,-5.02778479e+04,7.18485041e+05,-4.16922166e+05
-1.28000000e-01,4.00000000e-02,-5.32659207e+04,7.78241488e+05,-4.73476520e+05
-1.24000000e-01,4.00000000e-02,-5.65037798e+04,8.43545943e+05,-5.39574692e+05
-1.20000000e-01,4.00000000e-02,-6.00142882e+04,9.14683465e+05,-6.17075016e+05
-1.16000000e-01,4.00000000e-02,-6.38212476e+04,9.91799783e+05,-7.08214712e+05
-1.12000000e-01,4.00000000e-02,-6.79486865e+04,1.07480531e+06,-8.15674091e+05
-1.08000000e-01,4.00000000e-02,-7.24196901e+04,1.16323487e+06,-9.42637919e+05
-1.04000000e-01,4.00000000e-02,-7.72545654e+04,1.25604710e+06,-1.09284065e+06
-1.00000000e-01,4.00000000e-02,-8.24680669e+04,1.35134530e+06,-1.27057134e+06
-9.60000000e-02,4.00000000e-02,-8.80653278e+04,1.44600223e+06,-1.48059679e+06
-9.20000000e-02,4.00000000e-02,-9.40360847e+04,1.53518107e+06,-1.72793656e+06
-8.80000000e-02,4.00000000e-02,-1.00346776e+05,1.61177057e+06,-2.01739047e+06
-8.40000000e-02,4.00000000e-02,-1.06930249e+05,1.66580806e+06,-2.35268470e+06
-8.00000000e-02,4.00000000e-02,-1.13673241e+05,1.68406197e+06,-2.73508576e+06
-7.60000000e-02,4.00000000e-02,-1.20402745e+05,1.65008890e+06,-3.16137658e+06
-7.20000000e-02,4.00000000e-02,-1.26873952e+05,1.54523371e+06,-3.62127036e+06
-6.80000000e-02,4.00000000e-02,-1.32764615e+05,1.35109315e+06,-4.09474183e+06
-6.40000000e-02,4.00000000e-02,-1.37682697e+05,1.05371217e+06,-4.55038688e+06
-6.00000000e-02,4.00000000e-02,-1.41194312e+05,6.49026421e+05,-4.94652304e+06
-5.60000000e-02,4.00000000e-02,-1.42874909e+05,1.47883789e+05,-5.23665040e+06
-5.20000000e-02,4.00000000e-02,-1.42377382e+05,-4.21958787e+05,-5.37932701e+06
-4.80000000e-02,4.00000000e-02,-1.39499238e+05,-1.01906539e+06,-5.34960348e+06
-4.40000000e-02,4.00000000e-02,-1.34224859e+05,-1.59673147e+06,-5.14685621e+06
-4.00000000e-02,4.00000000e-02,-1.26725387e+05,-2.11357958e+06,-4.79476540e+06
-3.60000000e-02,4.00000000e-02,-1.17316223e+05,-2.54196503e+06,-4.33343728e+06
-3.20000000e-02,4.00000000e-02,-1.06389666e+05,-2.87119547e+06,-3.80792230e+06
-2.80000000e-02,4.00000000e-02,-9.43466588e+04,-3.10551627e+06,-3.25828876e+06
-2.40000000e-02,4.00000000e-02,-8.15455362e+04,-3.25906040e+06,-2.71410556e+06
-2.00000000e-02,4.00000000e-02,-6.82741757e+04,-3.35036215e+06,-2.19327969e+06
-1.60000000e-02,4.00000000e-02,-5.47426391e+04,-3.39809497e+06,-1.70362901e+06
-1.20000000e-02,4.00000000e-02,-4.10894159e+04,-3.41851039e+06,-1.24548068e+06
-8.00000000e-03,4.00000000e-02,-2.73945559e+04,-3.42429654e+06,-8.14190667e+05
-4.00000000e-03,4.00000000e-02,-1.36950436e+04,-3.42431949e+06,-4.02117667e+05
0.00000000e+00,4.00000000e-02,0.00000000e+00,-3.42376091e+06,-0.00000000e+00
4.00000000e-03,4.00000000e-02,1.36950436e+04,-3.42431949e+06,4.02117667e+05
8.00000000e-03,4.00000000e-02,2.73945559e+04,-3.42429654e+06,8.14190667e+05
1.20000000e-02,4.00000000e-02,4.10894159e+04,-3.41851039e+06,1.24548068e+06
1.60000000e-02,4.00000000e-02,5.47426391e+04,-3.39809497e+06,1.70362901e+06
2.00000000e-02,4.00000000e-02,6.82741757e+04,-3.35036215e+06,2.19327969e+06
2.40000000e-02,4.00000000e-02,8.15455362e+04,-3.25906040e+06,2.71410556e+06
2.80000000e-02,4.00000000e-02,9.43466588e+04,-3.10551627e+06,3.25828876e+06
3.20000000e-02,4.00000000e-02,1.06389666e+05,-2.87119547e+06,3.80792230e+06
3.60000000e-02,4.00000000e-02,1.17316223e+05,-2.54196503e+06,4.33343728e+06
4.00000000e-02,4.00000000e-02,1.26725387e+05,-2.11357958e+06,4.79476540e+06
4.40000000e-02,4.00000000e-02,1.34224859e+05,-1.59673147e+06,5.14685621e+06
4.80000000e-02,4.00000000e-02,1.39499238e+05,-1.01906539e+06,5.34960348e+06
5.20000000e-02,4.00000000e-02,1.42377382e+05,-4.21958787e+05,5.37932701e+06
5.60000000e-02,4.00000000e-02,1.42874909e+05,1.47883789e+05,5.23665040e+06
6.00000000e-02,4.00000000e-02,1.41194312e+05,6.49026421e+05,4.94652304e+06
6.40000000e-02,4.00000000e-02,1.37682697e+05,1.05371217e+06,4.55038688e+06
6.80000000e-02,4.00000000e-02,1.32764615e+05,1.35109315e+06,4.09474183e+06
7.20000000e-02,4.00000000e-02,1.26873952e+05,1.54523371e+06,3.62127036e+06
7.60000000e-02,4.00000000e-02,1.20402745e+05,1.65008890e+06,3.16137658e+06
8.00000000e-02,4.00000000e-02,1.13673241e+05,1.68406197e+06,2.73508576e+06
8.40000000e-02,4.00000000e-02,1.06930249e+05,1.66580806e+06,2.35268470e+06
8.80000000e-02,4.00000000e-02,1.00346776e+05,1.61177057e+06,2.01739047e+06
9.20000000e-02,4.00000000e-02,9.40360847e+04,1.53518107e+06,1.72793656e+06
9.60000000e-02,4.00000000e-02,8.80653278e+04,1.44600223e+06,1.48059679e+06
1.00000000e-01,4.00000000e-02,8.24680669e+04,1.35134530e+06,1.27057134e+06
1.04000000e-01,4.00000000e-02,7.72545654e+04,1.25604710e+06,1.09284065e+06
1.08000000e-01,4.00000000e-02,7.24196901e+04,1.16323487e+06,9.42637919e+05
1.12000000e-01,4.00000000e-02,6.79486865e+04,1.07480531e+06,8.15674091e+05
1.16000000e-01,4.00000000e-02,6.38212476e+04,9.91799783e+05,7.08214712e+05
1.20000000e-01,4.00000000e-02,6.00142882e+04,9.14683465e+05,6.17075016e+05
1.24000000e-01,4.00000000e-02,5.65037798e+04,8.43545943e+05,5.39574692e+05
1.28000000e-01,4.00000000e-02,5.32659207e+04,7.78241488e+05,4.73476520e+05
1.32000000e-01,4.00000000e-02,5.02778479e+04,7.18485041e+05,4.16922166e+05
1.36000000e-01,4.00000000e-02,4.75180403e+04,6.63916526e+05,3.68371838e+05
1.40000000e-01,4.00000000e-02,4.49665157e+04,6.14143023e+05,3.26550695e+05
1.44000000e-01,4.00000000e-02,4.26048962e+04,5.68765687e+05,2.90402812e+05
1.48000000e-01,4.00000000e-02,4.04163902e+04,5.27396327e+05,2.59052461e+05
1.52000000e-01,4.00000000e-02,3.83857256e+04,4.89667046e+05,2.31771968e+05
1.56000000e-01,4.00000000e-02,3.64990539e+04,4.55235327e+05,2.07955253e+05
1.60000000e-01,4.00000000e-02,3.47438429e+04,4.23786148e+05,1.87096166e+05
1.64000000e-01,4.00000000e-02,3.31087647e+04,3.95032247e+05,1.68770786e+05
1.68000000e-01,4.00000000e-02,3.15835850e+04,3.68713236e+05,1.52622994e+05
1.72000000e-01,4.00000000e-02,3.01590588e+04,3.44594082e+05,1.38352702e+05
1.76000000e-01,4.00000000e-02,2.88268323e+04,3.22463239e+05,1.25706238e+05
1.80000000e-01,4.00000000e-02,2.75793529e+04,3.02130665e+05,1.14468497e+05
1.84000000e-01,4.00000000e-02,2.64097870e+04,2.83425826e+05,1.04456506e+05
1.88000000e-01,4.00000000e-02,2.53119463e+04,2.66195786e+05,9.55141444e+04
1.92000000e-01,4.00000000e-02,2.42802207e+04,2.50303408e+05,8.75077950e+04
1.96000000e-01,4.00000000e-02,2.33095190e+04,2.35625697e+05,8.03227627e+04
2.00000000e-01,4.00000000e-02,2.23952151e+04,nan,nan
-2.00000000e-01,4.40000000e-02,-2.20884854e+04,nan,nan
-1.96000000e-01,4.40000000e-02,-2.29761316e+04,2.28592033e+05,-8.61050777e+04
-1.92000000e-01,4.40000000e-02,-2.39172216e+04,2.42481347e+05,-9.36906810e+04
-1.88000000e-01,4.40000000e-02,-2.49159824e+04,2.57477644e+05,-1.02126054e+05
-1.84000000e-01,4.40000000e-02,-2.59770428e+04,2.73686601e+05,-1.11526783e+05
-1.80000000e-01,4.40000000e-02,-2.71054752e+04,2.91224848e+05,-1.22026886e+05
-1.76000000e-01,4.40000000e-02,-2.83068416e+04,3.10220981e+05,-1.33782140e+05
-1.72000000e-01,4.40000000e-02,-2.95872431e+04,3.30816554e+05,-1.46974095e+05
-1.68000000e-01,4.40000000e-02,-3.09533740e+04,3.53167031e+05,-1.61814877e+05
-1.64000000e-01,4.40000000e-02,-3.24125793e+04,3.77442586e+05,-1.78552972e+05
-1.60000000e-01,4.40000000e-02,-3.39729147e+04,4.03828649e+05,-1.97480192e+05
-1.56000000e-01,4.40000000e-02,-3.56432085e+04,4.32526001e+05,-2.18940055e+05
-1.52000000e-01,4.40000000e-02,-3.74331227e+04,4.63750168e+05,-2.43337866e+05
-1.48000000e-01,4.40000000e-02,-3.93532098e+04,4.97729721e+05,-2.71152831e+05
-1.44000000e-01,4.40000000e-02,-4.14149605e+04,5.34702939e+05,-3.02952553e+05
-1.40000000e-01,4.40000000e-02,-4.36308333e+04,5.74912054e+05,-3.39410311e+05
-1.36000000e-01,4.40000000e-02,-4.60142569e+04,6.18593990e+05,-3.81325463e+05
-1.32000000e-01,4.40000000e-02,-4.85795853e+04,6.65966043e+05,-4.29647285e+05
-1.28000000e-01,4.40000000e-02,-5.13419852e+04,7.17204386e+05,-4.85502313e+05
-1.24000000e-01,4.40000000e-02,-5.43172204e+04,7.72412497e+05,-5.50224833e+05
-1.20000000e-01,4.40000000e-02,-5.75212852e+04,8.31575589e+05,-6.25389434e+05
-1.16000000e-01,4.40000000e-02,-6.09698251e+04,8.94495959e+05,-7.12843139e+05
-1.12000000e-01,4.40000000e-02,-6.46772529e+04,9.60702842e+05,-8.14732427e+05
-1.08000000e-01,4.40000000e-02,-6.86554478e+04,1.02932917e+06,-9.33516873e+05
-1.04000000e-01,4.40000000e-02,-7.29118863e+04,1.09894729e+06,-1.07195560e+06
-1.00000000e-01,4.40000000e-02,-7.74470261e+04,1.16735698e+06,-1.23304472e+06
-9.60000000e-02,4.40000000e-02,-8.22507422e+04,1.23132492e+06,-1.41987289e+06
-9.20000000e-02,4.40000000e-02,-8.72976255e+04,1.28628678e+06,-1.63534889e+06
-8.80000000e-02,4.40000000e-02,-9.25410364e+04,1.32604797e+06,-1.88174204e+06
-8.40000000e-02,4.40000000e-02,-9.79060092e+04,1.34255884e+06,-2.15997154e+06
-8.00000000e-02,4.40000000e-02,-1.03281507e+05,1.32589721e+06,-2.46859868e+06
-7.60000000e-02,4.40000000e-02,-1.08513187e+05,1.26465415e+06,-2.80254197e+06
-7.20000000e-02,4.40000000e-02,-1.13398740e+05,1.14695489e+06,-3.15167633e+06
-6.80000000e-02,4.40000000e-02,-1.17688826e+05,9.62293115e+05,-3.49970633e+06
-6.40000000e-02,4.40000000e-02,-1.21097085e+05,7.04135680e+05,-3.82396390e+06
-6.00000000e-02,4.40000000e-02,-1.23321911e+05,3.72838129e+05,-4.09690435e+06
-5.60000000e-02,4.40000000e-02,-1.24079790e+05,-2.20795209e+04,-4.28979117e+06
-5.20000000e-02,4.40000000e-02,-1.23145275e+05,-4.61489312e+05,-4.37819540e+06
-4.80000000e-02,4.40000000e-02,-1.20387876e+05,-9.18858871e+05,-4.34774656e+06
-4.40000000e-02,4.40000000e-02,-1.15794404e+05,-1.36486732e+06,-4.19785856e+06
-4.00000000e-02,4.40000000e-02,-1.09468937e+05,-1.77300106e+06,-3.94171217e+06
-3.60000000e-02,4.40000000e-02,-1.01610396e+05,-2.12416375e+06,-3.60249366e+06
-3.20000000e-02,4.40000000e-02,-9.24756271e+04,-2.40886742e+06,-3.20760742e+06
-2.80000000e-02,4.40000000e-02,-8.23394565e+04,-2.62676817e+06,-2.78313856e+06
-2.40000000e-02,4.40000000e-02,-7.14614817e+04,-2.78435903e+06,-2.35012863e+06
-2.00000000e-02,4.40000000e-02,-6.00645843e+04,-2.89200855e+06,-1.92303943e+06
-1.60000000e-02,4.40000000e-02,-4.83254134e+04,-2.96129097e+06,-1.50991662e+06
-1.20000000e-02,4.40000000e-02,-3.63742566e+04,-3.00306129e+06,-1.11348382e+06
-8.00000000e-03,4.40000000e-02,-2.43009230e+04,-3.02631057e+06,-7.32524774e+05
-4.00000000e-03,4.40000000e-02,-1.21637720e+04,-3.03761538e+06,-3.63177392e+05
0.00000000e+00,4.40000000e-02,0.00000000e+00,-3.04094299e+06,-0.00000000e+00
4.00000000e-03,4.40000000e-02,1.21637720e+04,-3.03761538e+06,3.63177392e+05
8.00000000e-03,4.40000000e-02,2.43009230e+04,-3.02631057e+06,7.32524774e+05
1.20000000e-02,4.40000000e-02,3.63742566e+04,-3.00306129e+06,1.11348382e+06
1.60000000e-02,4.40000000e-02,4.83254134e+04,-2.96129097e+06,1.50991662e+06
2.00000000e-02,4.40000000e-02,6.00645843e+04,-2.89200855e+06,1.92303943e+06
2.40000000e-02,4.40000000e-02,7.14614817e+04,-2.78435903e+06,2.35012863e+06
2.80000000e-02,4.40000000e-02,8.23394565e+04,-2.62676817e+06,2.78313856e+06
3.20000000e-02,4.40000000e-02,9.24756271e+04,-2.40886742e+06,3.20760742e+06
3.60000000e-02,4.40000000e-02,1.01610396e+05,-2.12416375e+06,3.60249366e+06
4.00000000e-02,4.40000000e-02,1.09468937e+05,-1.77300106e+06,3.94171217e+06
4.40000000e-02,4.40000000e-02,1.15794404e+05,-1.36486732e+06,4.19785856e+06
4.80000000e-02,4.40000000e-02,1.20387876e+05,-9.18858871e+05,4.34774656e+06
5.20000000e-02,4.40000000e-02,1.23145275e+05,-4.61489312e+05,4.37819540e+06
5.60000000e-02,4.40000000e-02,1.24079790e+05,-2.20795209e+04,4.28979117e+06
6.00000000e-02,4.40000000e-02,1.23321911e+05,3.72838129e+05,4.09690435e+06
6.40000000e-02,4.40000000e-02,1.21097085e+05,7.04135680e+05,3.82396390e+06
6.80000000e-02,4.40000000e-02,1.17688826e+05,9.62293115e+05,3.49970633e+06
7.20000000e-02,4.40000000e-02,1.13398740e+05,1.14695489e+06,3.15167633e+06
7.60000000e-02,4.40000000e-02,1.08513187e+05,1.26465415e+06,2.80254197e+06
8.00000000e-02,4.40000000e-02,1.03281507e+05,1.32589721e+06,2.46859868e+06
8.40000000e-02,4.40000000e-02,9.79060092e+04,1.34255884e+06,2.15997154e+06
8.80000000e-02,4.40000000e-02,9.25410364e+04,1.32604797e+06,1.88174204e+06
9.20000000e-02,4.40000000e-02,8.72976255e+04,1.28628678e+06,1.63534889e+06
9.60000000e-02,4.40000000e-02,8.22507422e+04,1.23132492e+06,1.41987289e+06
1.00000000e-01,4.40000000e-02,7.74470261e+04,1.16735698e+06,1.23304472e+06
1.04000000e-01,4.40000000e-02,7.29118863e+04,1.09894729e+06,1.07195560e+06
1.08000000e-01,4.40000000e-02,6.86554478e+04,1.02932917e+06,9.33516873e+05
1.12000000e-01,4.40000000e-02,6.46772529e+04,9.60702842e+05,8.14732427e+05
1.16000000e-01,4.40000000e-02,6.09698251e+04,8.94495959e+05,7.12843139e+05
1.20000000e-01,4.40000000e-02,5.75212852e+04,8.31575589e+05,6.25389434e+05
1.24000000e-01,4.40000000e-02,5.43172204e+04,7.72412497e+05,5.50224833e+05
1.28000000e-01,4.40000000e-02,5.13419852e+04,7.17204386e+05,4.85502313e+05
1.32000000e-01,4.40000000e-02,4.85795853e+04,6.65966043e+05,4.29647285e+05
1.36000000e-01,4.40000000e-02,4.60142569e+04,6.18593990e+05,3.81325463e+05
1.40000000e-01,4.40000000e-02,4.36308333e+04,5.74912054e+05,3.39410311e+05
1.44000000e-01,4.40000000e-02,4.14149605e+04,5.34702939e+05,3.02952553e+05
1.48000000e-01,4.40000000e-02,3.93532098e+04,4.97729721e+05,2.71152831e+05
1.52000000e-01,4.40000000e-02,3.74331227e+04,4.63750168e+05,2.43337866e+05
1.56000000e-01,4.40000000e-02,3.56432085e+04,4.32526001e+05,2.18940055e+05
1.60000000e-01,4.40000000e-02,3.39729147e+04,4.03828649e+05,1.97480192e+05
1.64000000e-01,4.40000000e-02,3.24125793e+04,3.77442586e+05,1.78552972e+05
1.68000000e-01,4.40000000e-02,3.09533740e+04,3.53167031e+05,1.61814877e+05
1.72000000e-01,4.40000000e-02,2.95872431e+04,3.30816554e+05,1.46974095e+05
1.76000000e-01,4.40000000e-02,2.83068416e+04,3.10220981e+05,1.33782140e+05
1.80000000e-01,4.40000000e-02,2.71054752e+04,2.91224848e+05,1.22026886e+05
1.84000000e-01,4.40000000e-02,2.59770428e+04,2.73686601e+05,1.11526783e+05
1.88000000e-01,4.40000000e-02,2.49159824e+04,2.57477644e+05,1.02126054e+05
1.92000000e-01,4.40000000e-02,2.39172216e+04,2.42481347e+05,9.36906810e+04
1.96000000e-01,4.40000000e-02,2.29761316e+04,2.28592033e+05,8.61050777e+04
2.00000000e-01,4.40000000e-02,2.20884854e+04,nan,nan
-2.00000000e-01,4.80000000e-02,-2.17610608e+04,nan,nan
-1.96000000e-01,4.80000000e-02,-2.26206784e+04,2.21204311e+05,-9.13497426e+04
-1.92000000e-01,4.80000000e-02,-2.35306953e+04,2.34282432e+05,-9.92657834e+04
-1.88000000e-01,4.80000000e-02,-2.44949378e+04,2.48359684e+05,-1.08049402e+05
-1.84000000e-01,4.80000000e-02,-2.55175727e+04,2.63524994e+05,-1.17815264e+05
-1.80000000e-01,4.80000000e-02,-2.66031378e+04,2.79875308e+05,-1.28695636e+05
-1.76000000e-01,4.80000000e-02,-2.77565752e+04,2.97516030e+05,-1.40843411e+05
-1.72000000e-01,4.80000000e-02,-2.89832660e+04,3.16561346e+05,-1.54435704e+05
-1.68000000e-01,4.80000000e-02,-3.02890660e+04,3.37134360e+05,-1.69678101e+05
-1.64000000e-01,4.80000000e-02,-3.16803409e+04,3.59366931e+05,-1.86809708e+05
-1.60000000e-01,4.80000000e-02,-3.31640014e+04,3.83399065e+05,-2.06109124e+05
-1.56000000e-01,4.80000000e-02,-3.47475334e+04,4.09377653e+05,-2.27901498e+05
-1.52000000e-01,4.80000000e-02,-3.64390226e+04,4.37454271e+05,-2.52566841e+05
-1.48000000e-01,4.80000000e-02,-3.82471676e+04,4.67781639e+05,-2.80549768e+05
-1.44000000e-01,4.80000000e-02,-4.01812757e+04,5.00508207e+05,-3.12370826e+05
-1.40000000e-01,4.80000000e-02,-4.22512332e+04,5.35770114e+05,-3.48639537e+05
-1.36000000e-01,4.80000000e-02,-4.44674366e+04,5.73679552e+05,-3.90069164e+05
-1.32000000e-01,4.80000000e-02,-4.68406697e+04,6.14308191e+05,-4.37493056e+05
-1.28000000e-01,4.80000000e-02,-4.93819022e+04,6.57663940e+05,-4.91882103e+05
-1.24000000e-01,4.80000000e-02,-5.21019812e+04,7.03658821e+05,-5.54362291e+05
-1.20000000e-01,4.80000000e-02,-5.50111727e+04,7.52065160e+05,-6.26230549e+05
-1.16000000e-01,4.80000000e-02,-5.81185025e+04,8.02456790e+05,-7.08965712e+05
-1.12000000e-01,4.80000000e-02,-6.14308271e+04,8.54131577e+05,-8.04229514e+05
-1.08000000e-01,4.80000000e-02,-6.49515551e+04,9.06011693e+05,-9.13849653e+05
-1.04000000e-01,4.80000000e-02,-6.86789206e+04,9.56519259e+05,-1.03977303e+06
-1.00000000e-01,4.80000000e-02,-7.26037091e+04,1.00342802e+06,-1.18397228e+06
-9.60000000e-02,4.80000000e-02,-7.67063447e+04,1.04369806e+06,-1.34828285e+06
-9.20000000e-02,4.80000000e-02,-8.09532936e+04,1.07331191e+06,-1.53414296e+06
-8.80000000e-02,4.80000000e-02,-8.52928400e+04,1.08714792e+06,-1.74220702e+06
-8.40000000e-02,4.80000000e-02,-8.96504770e+04,1.07895142e+06,-1.97181137e+06
-8.00000000e-02,4.80000000e-02,-9.39244514e+04,1.04149153e+06,-2.22029686e+06
-7.60000000e-02,4.80000000e-02,-9.79824092e+04,9.67011253e+05,-2.48224778e+06
-7.20000000e-02,4.80000000e-02,-1.01660541e+05,8.48069352e+05,-2.74879488e+06
-6.80000000e-02,4.80000000e-02,-1.04766964e+05,6.78805583e+05,-3.00724208e+06
-6.40000000e-02,4.80000000e-02,-1.07090986e+05,4.56514158e+05,-3.24136380e+06
-6.00000000e-02,4.80000000e-02,-1.08419077e+05,1.83199154e+05,-3.43269720e+06
-5.60000000e-02,4.80000000e-02,-1.08556579e+05,-1.33407262e+05,-3.56292614e+06
-5.20000000e-02,4.80000000e-02,-1.07351819e+05,-4.79914180e+05,-3.61700953e+06
-4.80000000e-02,4.80000000e-02,-1.04717266e+05,-8.38728551e+05,-3.58621531e+06
-4.40000000e-02,4.80000000e-02,-1.00641991e+05,-1.19069707e+06,-3.47000369e+06
-4.00000000e-02,4.80000000e-02,-9.51916893e+04,-1.51821468e+06,-3.27601383e+06
-3.60000000e-02,4.80000000e-02,-8.84962733e+04,-1.80786028e+06,-3.01815397e+06
-3.20000000e-02,4.80000000e-02,-8.07288070e+04,-2.05184037e+06,-2.71354092e+06
-2.80000000e-02,4.80000000e-02,-7.20815504e+04,-2.24803748e+06,-2.37934523e+06
-2.40000000e-02,4.80000000e-02,-6.27445072e+04,-2.39896127e+06,-2.03038211e+06
-2.00000000e-02,4.80000000e-02,-5.28898602e+04,-2.51015014e+06,-1.67779667e+06
-1.60000000e-02,4.80000000e-02,-4.26633061e+04,-2.58853936e+06,-1.32874984e+06
-1.20000000e-02,4.80000000e-02,-3.21815453e+04,-2.64111854e+06,-9.86785579e+05
-8.00000000e-03,4.80000000e-02,-2.15343577e+04,-2.67399010e+06,-6.52540268e+05
-4.00000000e-03,4.80000000e-02,-1.07896245e+04,-2.69179471e+06,-3.24546471e+05
0.00000000e+00,4.80000000e-02,0.00000000e+00,-2.69740613e+06,-0.00000000e+00
4.00000000e-03,4.80000000e-02,1.07896245e+04,-2.69179471e+06,3.24546471e+05
8.00000000e-03,4.80000000e-02,2.15343577e+04,-2.67399010e+06,6.52540268e+05
1.20000000e-02,4.80000000e-02,3.21815453e+04,-2.64111854e+06,9.86785579e+05
1.60000000e-02,4.80000000e-02,4.26633061e+04,-2.58853936e+06,1.32874984e+06
2.00000000e-02,4.80000000e-02,5.28898602e+04,-2.51015014e+06,1.67779667e+06
2.40000000e-02,4.80000000e-02,6.27445072e+04,-2.39896127e+06,2.03038211e+06
2.80000000e-02,4.80000000e-02,7.20815504e+04,-2.24803748e+06,2.37934523e+06
3.20000000e-02,4.80000000e-02,8.07288070e+04,-2.05184037e+06,2.71354092e+06
3.60000000e-02,4.80000000e-02,8.84962733e+04,-1.80786028e+06,3.01815397e+06
4.00000000e-02,4.80000000e-02,9.51916893e+04,-1.51821468e+06,3.27601383e+06
4.40000000e-02,4.80000000e-02,1.00641991e+05,-1.19069707e+06,3.47000369e+06
4.80000000e-02,4.80000000e-02,1.04717266e+05,-8.38728551e+05,3.58621531e+06
5.20000000e-02,4.80000000e-02,1.07351819e+05,-4.79914180e+05,3.61700953e+06
5.60000000e-02,4.80000000e-02,1.08556579e+05,-1.33407262e+05,3.56292614e+06
6.00000000e-02,4.80000000e-02,1.08419077e+05,1.83199154e+05,3.43269720e+06
6.40000000e-02,4.80000000e-02,1.07090986e+05,4.56514158e+05,3.24136380e+06
6.80000000e-02,4.80000000e-02,1.04766964e+05,6.78805583e+05,3.00724208e+06
7.20000000e-02,4.80000000e-02,1.01660541e+05,8.48069352e+05,2.74879488e+06
7.60000000e-02,4.80000000e-02,9.79824092e+04,9.67011253e+05,2.48224778e+06
8.00000000e-02,4.80000000e-02,9.39244514e+04,1.04149153e+06,2.22029686e+06
8.40000000e-02,4.80000000e-02,8.96504770e+04,1.07895142e+06,1.97181137e+06
8.80000000e-02,4.80000000e-02,8.52928400e+04,1.08714792e+06,1.74220702e+06
9.20000000e-02,4.80000000e-02,8.09532936e+04,1.07331191e+06,1.53414296e+06
9.60000000e-02,4.80000000e-02,7.67063447e+04,1.04369806e+06,1.34828285e+06
1.00000000e-01,4.80000000e-02,7.26037091e+04,1.00342802e+06,1.18397228e+06
1.04000000e-01,4.80000000e-02,6.86789206e+04,9.56519259e+05,1.03977303e+06
1.08000000e-01,4.80000000e-02,6.49515551e+04,9.06011693e+05,9.13849653e+05
1.12000000e-01,4.80000000e-02,6.14308271e+04,8.54131577e+05,8.04229514e+05
1.16000000e-01,4.80000000e-02,5.81185025e+04,8.02456790e+05,7.08965712e+05
1.20000000e-01,4.80000000e-02,5.50111727e+04,7.52065160e+05,6.26230549e+05
1.24000000e-01,4.80000000e-02,5.21019812e+04,7.03658821e+05,5.54362291e+05
1.28000000e-01,4.80000000e-02,4.93819022e+04,6.57663940e+05,4.91882103e+05
1.32000000e-01,4.80000000e-02,4.68406697e+04,6.14308191e+05,4.37493056e+05
1.36000000e-01,4.80000000e-02,4.44674366e+04,5.73679552e+05,3.90069164e+05
1.40000000e-01,4.80000000e-02,4.22512332e+04,5.35770114e+05,3.48639537e+05
1.44000000e-01,4.80000000e-02,4.01812757e+04,5.00508207e+05,3.12370826e+05
1.48000000e-01,4.80000000e-02,3.82471676e+04,4.67781639e+05,2.80549768e+05
1.52000000e-01,4.80000000e-02,3.64390226e+04,4.37454271e+05,2.52566841e+05
1.56000000e-01,4.80000000e-02,3.47475334e+04,4.09377653e+05,2.27901498e+05
1.60000000e-01,4.80000000e-02,3.31640014e+04,3.83399065e+05,2.06109124e+05
1.64000000e-01,4.80000000e-02,3.16803409e+04,3.59366931e+05,1.86809708e+05
1.68000000e-01,4.80000000e-02,3.02890660e+04,3.37134360e+05,1.69678101e+05
1.72000000e-01,4.80000000e-02,2.89832660e+04,3.16561346e+05,1.54435704e+05
1.76000000e-01,4.80000000e-02,2.77565752e+04,2.97516030e+05,1.40843411e+05
1.80000000e-01,4.80000000e-02,2.66031378e+04,2.79875308e+05,1.28695636e+05
1.84000000e-01,4.80000000e-02,2.55175727e+04,2.63524994e+05,1.17815264e+05
1.88000000e-01,4.80000000e-02,2.44949378e+04,2.48359684e+05,1.08049402e+05
1.92000000e-01,4.80000000e-02,2.35306953e+04,2.34282432e+05,9.92657834e+04
1.96000000e-01,4.80000000e-02,2.26206784e+04,2.21204311e+05,9.13497426e+04
2.00000000e-01,4.80000000e-02,2.17610608e+04,nan,nan
-2.00000000e-01,5.20000000e-02,-2.14148721e+04,nan,nan
-1.96000000e-01,5.20000000e-02,-2.22453337e+04,2.13527906e+05,-9.60483567e+04
-1.92000000e-01,5.20000000e-02,-2.31230954e+04,2.25781688e+05,-1.04225863e+05
-1.88000000e-01,5.20000000e-02,-2.40515872e+04,2.38928164e+05,-1.13278739e+05
-1.84000000e-01,5.20000000e-02,-2.50345207e+04,2.53040367e+05,-1.23319126e+05
-1.80000000e-01,5.20000000e-02,-2.60759101e+04,2.68196701e+05,-1.34475671e+05
-1.76000000e-01,5.20000000e-02,-2.71800943e+04,2.84480912e+05,-1.46896208e+05
-1.72000000e-01,5.20000000e-02,-2.83517574e+04,3.01981865e+05,-1.60750886e+05
-1.68000000e-01,5.20000000e-02,-2.95959492e+04,3.20793027e+05,-1.76235834e+05
-1.64000000e-01,5.20000000e-02,-3.09181016e+04,3.41011563e+05,-1.93577422e+05
-1.60000000e-01,5.20000000e-02,-3.23240417e+04,3.62736859e+05,-2.13037213e+05
-1.56000000e-01,5.20000000e-02,-3.38199965e+04,3.86068284e+05,-2.34917689e+05
-1.52000000e-01,5.20000000e-02,-3.54125880e+04,4.11101898e+05,-2.59568822e+05
-1.48000000e-01,5.20000000e-02,-3.71088117e+04,4.37925736e+05,-2.87395542e+05
-1.44000000e-01,5.20000000e-02,-3.89159939e+04,4.66613169e+05,-3.18866110e+05
-1.40000000e-01,5.20000000e-02,-4.08417171e+04,4.97213717e+05,-3.54521317e+05
-1.36000000e-01,5.20000000e-02,-4.28937036e+04,5.29740472e+05,-3.94984299e+05
-1.32000000e-01,5.20000000e-02,-4.50796408e+04,5.64153104e+05,-4.40970528e+05
-1.28000000e-01,5.20000000e-02,-4.74069284e+04,6.00335151e+05,-4.93297203e+05
-1.24000000e-01,5.20000000e-02,-4.98823220e+04,6.38064050e+05,-5.52890736e+05
-1.20000000e-01,5.20000000e-02,-5.25114408e+04,6.76972169e+05,-6.20790269e+05
-1.16000000e-01,5.20000000e-02,-5.52980994e+04,7.16496995e+05,-6.98144044e+05
-1.12000000e-01,5.20000000e-02,-5.82434168e+04,7.55818900e+05,-7.86193975e+05
-1.08000000e-01,5.20000000e-02,-6.13446506e+04,7.93785654e+05,-8.86241747e+05
-1.04000000e-01,5.20000000e-02,-6.45937020e+04,8.28824660e+05,-9.99587384e+05
-1.00000000e-01,5.20000000e-02,-6.79752479e+04,8.58847166e+05,-1.12742862e+06
-9.60000000e-02,5.20000000e-02,-7.14644793e+04,8.81154243e+05,-1.27070726e+06
-9.20000000e-02,5.20000000e-02,-7.50244818e+04,8.92362607e+05,-1.42988826e+06
-8.80000000e-02,5.20000000e-02,-7.86033802e+04,8.88379559e+05,-1.60466112e+06
-8.40000000e-02,5.20000000e-02,-8.21315183e+04,8.64469000e+05,-1.79356416e+06
-8.00000000e-02,5.20000000e-02,-8.55191322e+04,8.15460797e+05,-1.99355502e+06
-7.60000000e-02,5.20000000e-02,-8.86552047e+04,7.36156123e+05,-2.19958782e+06
-7.20000000e-02,5.20000000e-02,-9.14083812e+04,6.21960583e+05,-2.40430585e+06
-6.80000000e-02,5.20000000e-02,-9.36308893e+04,4.69724201e+05,-2.59800660e+06
-6.40000000e-02,5.20000000e-02,-9.51661748e+04,2.78680560e+05,-2.76905292e+06
-6.00000000e-02,5.20000000e-02,-9.58603338e+04,5.12757895e+04,-2.90485343e+06
-5.60000000e-02,5.20000000e-02,-9.55763811e+04,-2.06391844e+05,-2.99338818e+06
-5.20000000e-02,5.20000000e-02,-9.42091990e+04,-4.84778486e+05,-3.02503340e+06
-4.80000000e-02,5.20000000e-02,-9.16981532e+04,-7.71853032e+05,-2.99423188e+06
-4.40000000e-02,5.20000000e-02,-8.80343748e+04,-1.05466584e+06,-2.90049551e+06
-4.00000000e-02,5.20000000e-02,-8.32608265e+04,-1.32115134e+06,-2.74839587e+06
-3.60000000e-02,5.20000000e-02,-7.74651641e+04,-1.56169085e+06,-2.54654293e+06
-3.20000000e-02,5.20000000e-02,-7.07672997e+04,-1.77005867e+06,-2.30589664e+06
-2.80000000e-02,5.20000000e-02,-6.33046947e+04,-1.94360936e+06,-2.03792576e+06
-2.40000000e-02,5.20000000e-02,-5.52184249e+04,-2.08281047e+06,-1.75306827e+06
-2.00000000e-02,5.20000000e-02,-4.66422109e+04,-2.19037627e+06,-1.45974193e+06
-1.60000000e-02,5.20000000e-02,-3.76954147e+04,-2.27027987e+06,-1.16393170e+06
-1.20000000e-02,5.20000000e-02,-2.84799719e+04,-2.32685173e+06,-8.69235758e+05
-8.00000000e-03,5.20000000e-02,-1.90806009e+04,-2.36407147e+06,-5.77202600e+05
-4.00000000e-03,5.20000000e-02,-9.56740018e+03,-2.38507511e+06,-2.87811666e+05
0.00000000e+00,5.20000000e-02,0.00000000e+00,-2.39185005e+06,-0.00000000e+00
4.00000000e-03,5.20000000e-02,9.56740018e+03,-2.38507511e+06,2.87811666e+05
8.00000000e-03,5.20000000e-02,1.90806009e+04,-2.36407147e+06,5.77202600e+05
1.20000000e-02,5.20000000e-02,2.84799719e+04,-2.32685173e+06,8.69235758e+05
1.60000000e-02,5.20000000e-02,3.76954147e+04,-2.27027987e+06,1.16393170e+06
2.00000000e-02,5.20000000e-02,4.66422109e+04,-2.19037627e+06,1.45974193e+06
2.40000000e-02,5.20000000e-02,5.52184249e+04,-2.08281047e+06,1.75306827e+06
2.80000000e-02,5.20000000e-02,6.33046947e+04,-1.94360936e+06,2.03792576e+06
3.20000000e-02,5.20000000e-02,7.07672997e+04,-1.77005867e+06,2.30589664e+06
3.60000000e-02,5.20000000e-02,7.74651641e+04,-1.56169085e+06,2.54654293e+06
4.00000000e-02,5.20000000e-02,8.32608265e+04,-1.32115134e+06,2.74839587e+06
4.40000000e-02,5.20000000e-02,8.80343748e+04,-1.05466584e+06,2.90049551e+06
4.80000000e-02,5.20000000e-02,9.16981532e+04,-7.71853032e+05,2.99423188e+06
5.20000000e-02,5.20000000e-02,9.42091990e+04,-4.84778486e+05,3.02503340e+06
5.60000000e-02,5.20000000e-02,9.55763811e+04,-2.06391844e+05,2.99338818e+06
6.00000000e-02,5.20000000e-02,9.58603338e+04,5.12757895e+04,2.90485343e+06
6.40000000e-02,5.20000000e-02,9.51661748e+04,2.78680560e+05,2.76905292e+06
6.80000000e-02,5.20000000e-02,9.36308893e+04,4.69724201e+05,2.59800660e+06
7.20000000e-02,5.20000000e-02,9.14083812e+04,6.21960583e+05,2.40430585e+06
7.60000000e-02,5.20000000e-02,8.86552047e+04,7.36156123e+05,2.19958782e+06
8.00000000e-02,5.20000000e-02,8.55191322e+04,8.15460797e+05,1.99355502e+06
8.40000000e-02,5.20000000e-02,8.21315183e+04,8.64469000e+05,1.79356416e+06
8.80000000e-02,5.20000000e-02,7.86033802e+04,8.88379559e+05,1.60466112e+06
9.20000000e-02,5.20000000e-02,7.50244818e+04,8.92362607e+05,1.42988826e+06
9.60000000e-02,5.20000000e-02,7.14644793e+04,8.81154243e+05,1.27070726e+06
1.00000000e-01,5.20000000e-02,6.79752479e+04,8.58847166e+05,1.12742862e+06
1.04000000e-01,5.20000000e-02,6.45937020e+04,8.28824660e+05,9.99587384e+05
1.08000000e-01,5.20000000e-02,6.13446506e+04,7.93785654e+05,8.86241747e+05
1.12000000e-01,5.20000000e-02,5.82434168e+04,7.55818900e+05,7.86193975e+05
1.16000000e-01,5.20000000e-02,5.52980994e+04,7.16496995e+05,6.98144044e+05
1.20000000e-01,5.20000000e-02,5.25114408e+04,6.76972169e+05,6.20790269e+05
1.24000000e-01,5.20000000e-02,4.98823220e+04,6.38064050e+05,5.52890736e+05
1.28000000e-01,5.20000000e-02,4.74069284e+04,6.00335151e+05,4.93297203e+05
1.32000000e-01,5.20000000e-02,4.50796408e+04,5.64153104e+05,4.40970528e+05
1.36000000e-01,5.20000000e-02,4.28937036e+04,5.29740472e+05,3.94984299e+05
1.40000000e-01,5.20000000e-02,4.08417171e+04,4.97213717e+05,3.54521317e+05
1.44000000e-01,5.20000000e-02,3.89159939e+04,4.66613169e+05,3.18866110e+05
1.48000000e-01,5.20000000e-02,3.71088117e+04,4.37925736e+05,2.87395542e+05
1.52000000e-01,5.20000000e-02,3.54125880e+04,4.11101898e+05,2.59568822e+05
1.56000000e-01,5.20000000e-02,3.38199965e+04,3.86068284e+05,2.34917689e+05
1.60000000e-01,5.20000000e-02,3.23240417e+04,3.62736859e+05,2.13037213e+05
1.64000000e-01,5.20000000e-02,3.09181016e+04,3.41011563e+05,1.93577422e+05
1.68000000e-01,5.20000000e-02,2.95959492e+04,3.20793027e+05,1.76235834e+05
1.72000000e-01,5.20000000e-02,2.83517574e+04,3.01981865e+05,1.60750886e+05
1.76000000e-01,5.20000000e-02,2.71800943e+04,2.84480912e+05,1.46896208e+05
1.80000000e-01,5.20000000e-02,2.60759101e+04,2.68196701e+05,1.34475671e+05
1.84000000e-01,5.20000000e-02,2.50345207e+04,2.53040367e+05,1.23319126e+05
1.88000000e-01,5.20000000e-02,2.40515872e+04,2.38928164e+05,1.13278739e+05
1.92000000e-01,5.20000000e-02,2.31230954e+04,2.25781688e+05,1.04225863e+05
1.96000000e-01,5.20000000e-02,2.22453337e+04,2.13527906e+05,9.60483567e+04
2.00000000e-01,5.20000000e-02,2.14148721e+04,nan,nan
-2.00000000e-01,5.60000000e-02,-2.10518744e+04,nan,nan
-1.96000000e-01,5.60000000e-02,-2.18522915e+04,2.05626743e+05,-1.00199321e+05
-1.92000000e-01,5.60000000e-02,-2.26968883e+04,2.17052050e+05,-1.08571533e+05
-1.88000000e-01,5.60000000e-02,-2.35887079e+04,2.29266421e+05,-1.17817684e+05
-1.84000000e-01,5.60000000e-02,-2.45310197e+04,2.42328062e+05,-1.28046025e+05
-1.80000000e-01,5.60000000e-02,-2.55273324e+04,2.56298226e+05,-1.39380018e+05
-1.76000000e-01,5.60000000e-02,-2.65814055e+04,2.71240815e+05,-1.51960650e+05
-1.72000000e-01,5.60000000e-02,-2.76972589e+04,2.87221719e+05,-1.65949089e+05
-1.68000000e-01,5.60000000e-02,-2.88791793e+04,3.04307824e+05,-1.81529735e+05
-1.64000000e-01,5.60000000e-02,-3.01317215e+04,3.22565553e+05,-1.98913707e+05
-1.60000000e-01,5.60000000e-02,-3.14597037e+04,3.42058798e+05,-2.18342799e+05
-1.56000000e-01,5.60000000e-02,-3.28681919e+04,3.62846043e+05,-2.40093926e+05
-1.52000000e-01,5.60000000e-02,-3.43624720e+04,3.84976417e+05,-2.64484074e+05
-1.48000000e-01,5.60000000e-02,-3.59480032e+04,4.08484351e+05,-2.91875691e+05
-1.44000000e-01,5.60000000e-02,-3.76303469e+04,4.33382432e+05,-3.22682441e+05
-1.40000000e-01,5.60000000e-02,-3.94150627e+04,4.59651925e+05,-3.57375099e+05
-1.36000000e-01,5.60000000e-02,-4.13075623e+04,4.87230341e+05,-3.96487236e+05
-1.32000000e-01,5.60000000e-02,-4.33129054e+04,5.15995287e+05,-4.40620117e+05
-1.28000000e-01,5.60000000e-02,-4.54355246e+04,5.45743732e+05,-4.90445906e+05
-1.24000000e-01,5.60000000e-02,-4.76788553e+04,5.76165755e+05,-5.46707820e+05
-1.20000000e-01,5.60000000e-02,-5.00448506e+04,6.06811852e+05,-6.10215255e+05
-1.16000000e-01,5.60000000e-02,-5.25333501e+04,6.37053084e+05,-6.81831073e+05
-1.12000000e-01,5.60000000e-02,-5.51412753e+04,6.66033874e+05,-7.62447236e+05
-1.08000000e-01,5.60000000e-02,-5.78616211e+04,6.92618284e+05,-8.52943734e+05
-1.04000000e-01,5.60000000e-02,-6.06822215e+04,7.15332382e+05,-9.54124556e+05
-1.00000000e-01,5.60000000e-02,-6.35842801e+04,7.32308138e+05,-1.06662349e+06
-9.60000000e-02,5.60000000e-02,-6.65406866e+04,7.41238421e+05,-1.19077246e+06
-9.20000000e-02,5.60000000e-02,-6.95141875e+04,7.39358049e+05,-1.32642697e+06
-8.80000000e-02,5.60000000e-02,-7.24555510e+04,7.23472023e+05,-1.47274832e+06
-8.40000000e-02,5.60000000e-02,-7.53019637e+04,6.90057518e+05,-1.62795233e+06
-8.00000000e-02,5.60000000e-02,-7.79760112e+04,6.35467868e+05,-1.78905064e+06
-7.60000000e-02,5.60000000e-02,-8.03857066e+04,5.56260426e+05,-1.95163312e+06
-7.20000000e-02,5.60000000e-02,-8.24260946e+04,4.49650572e+05,-2.10976379e+06
-6.80000000e-02,5.60000000e-02,-8.39829112e+04,3.14058510e+05,-2.25607915e+06
-6.40000000e-02,5.60000000e-02,-8.49385627e+04,1.49667330e+05,-2.38217160e+06
-6.00000000e-02,5.60000000e-02,-8.51802499e+04,-4.11360981e+04,-2.47929558e+06
-5.60000000e-02,5.60000000e-02,-8.46094739e+04,-2.53587238e+05,-2.53934709e+06
-5.20000000e-02,5.60000000e-02,-8.31515520e+04,-4.80757884e+05,-2.55595568e+06
-4.80000000e-02,5.60000000e-02,-8.07634108e+04,-7.14190653e+05,-2.52543998e+06
-4.40000000e-02,5.60000000e-02,-7.74380267e+04,-9.44861064e+05,-2.44736606e+06
-4.00000000e-02,5.60000000e-02,-7.32045223e+04,-1.16426211e+06,-2.32454137e+06
-3.60000000e-02,5.60000000e-02,-6.81239299e+04,-1.36536105e+06,-2.16244430e+06
-3.20000000e-02,5.60000000e-02,-6.22816339e+04,-1.54322319e+06,-1.96825791e+06
-2.80000000e-02,5.60000000e-02,-5.57781443e+04,-1.69520910e+06,-1.74976918e+06
-2.40000000e-02,5.60000000e-02,-4.87199611e+04,-1.82077744e+06,-1.51438439e+06
-2.00000000e-02,5.60000000e-02,-4.12119248e+04,-1.92101357e+06,-1.26842318e+06
-1.60000000e-02,5.60000000e-02,-3.33518525e+04,-1.99803319e+06,-1.01674375e+06
-1.20000000e-02,5.60000000e-02,-2.52276593e+04,-2.05438945e+06,-7.62665035e+05
-8.00000000e-03,5.60000000e-02,-1.69167369e+04,-2.09256601e+06,-5.08108343e+05
-4.00000000e-03,5.60000000e-02,-8.48713118e+03,-2.11459211e+06,-2.53875777e+05
0.00000000e+00,5.60000000e-02,0.00000000e+00,-2.12178279e+06,-0.00000000e+00
4.00000000e-03,5.60000000e-02,8.48713118e+03,-2.11459211e+06,2.53875777e+05
8.00000000e-03,5.60000000e-02,1.69167369e+04,-2.09256601e+06,5.08108343e+05
1.20000000e-02,5.60000000e-02,2.52276593e+04,-2.05438945e+06,7.62665035e+05
1.60000000e-02,5.60000000e-02,3.33518525e+04,-1.99803319e+06,1.01674375e+06
2.00000000e-02,5.60000000e-02,4.12119248e+04,-1.92101357e+06,1.26842318e+06
2.40000000e-02,5.60000000e-02,4.87199611e+04,-1.82077744e+06,1.51438439e+06
2.80000000e-02,5.60000000e-02,5.57781443e+04,-1.69520910e+06,1.74976918e+06
3.20000000e-02,5.60000000e-02,6.22816339e+04,-1.54322319e+06,1.96825791e+06
3.60000000e-02,5.60000000e-02,6.81239299e+04,-1.36536105e+06,2.16244430e+06
4.00000000e-02,5.60000000e-02,7.32045223e+04,-1.16426211e+06,2.32454137e+06
4.40000000e-02,5.60000000e-02,7.74380267e+04,-9.44861064e+05,2.44736606e+06
4.80000000e-02,5.60000000e-02,8.07634108e+04,-7.14190653e+05,2.52543998e+06
5.20000000e-02,5.60000000e-02,8.31515520e+04,-4.80757884e+05,2.55595568e+06
5.60000000e-02,5.60000000e-02,8.46094739e+04,-2.53587238e+05,2.53934709e+06
6.00000000e-02,5.60000000e-02,8.51802499e+04,-4.11360981e+04,2.47929558e+06
6.40000000e-02,5.60000000e-02,8.49385627e+04,1.49667330e+05,2.38217160e+06
6.80000000e-02,5.60000000e-02,8.39829112e+04,3.14058510e+05,2.25607915e+06
7.20000000e-02,5.60000000e-02,8.24260946e+04,4.49650572e+05,2.10976379e+06
7.60000000e-02,5.60000000e-02,8.03857066e+04,5.56260426e+05,1.95163312e+06
8.00000000e-02,5.60000000e-02,7.79760112e+04,6.35467868e+05,1.78905064e+06
8.40000000e-02,5.60000000e-02,7.53019637e+04,6.90057518e+05,1.62795233e+06
8.80000000e-02,5.60000000e-02,7.24555510e+04,7.23472023e+05,1.47274832e+06
9.20000000e-02,5.60000000e-02,6.95141875e+04,7.39358049e+05,1.32642697e+06
9.60000000e-02,5.60000000e-02,6.65406866e+04,7.41238421e+05,1.19077246e+06
1.00000000e-01,5.60000000e-02,6.35842801e+04,7.32308138e+05,1.06662349e+06
1.04000000e-01,5.60000000e-02,6.06822215e+04,7.15332382e+05,9.54124556e+05
1.08000000e-01,5.60000000e-02,5.78616211e+04,6.92618284e+05,8.52943734e+05
1.12000000e-01,5.60000000e-02,5.51412753e+04,6.66033874e+05,7.62447236e+05
1.16000000e-01,5.60000000e-02,5.25333501e+04,6.37053084e+05,6.81831073e+05
1.20000000e-01,5.60000000e-02,5.00448506e+04,6.06811852e+05,6.10215255e+05
1.24000000e-01,5.60000000e-02,4.76788553e+04,5.76165755e+05,5.46707820e+05
1.28000000e-01,5.60000000e-02,4.54355246e+04,5.45743732e+05,4.90445906e+05
1.32000000e-01,5.60000000e-02,4.33129054e+04,5.15995287e+05,4.40620117e+05
1.36000000e-01,5.60000000e-02,4.13075623e+04,4.87230341e+05,3.96487236e+05
1.40000000e-01,5.60000000e-02,3.94150627e+04,4.59651925e+05,3.57375099e+05
1.44000000e-01,5.60000000e-02,3.76303469e+04,4.33382432e+05,3.22682441e+05
1.48000000e-01,5.60000000e-02,3.59480032e+04,4.08484351e+05,2.91875691e+05
1.52000000e-01,5.60000000e-02,3.43624720e+04,3.84976417e+05,2.64484074e+05
1.56000000e-01,5.60000000e-02,3.28681919e+04,3.62846043e+05,2.40093926e+05
1.60000000e-01,5.60000000e-02,3.14597037e+04,3.42058798e+05,2.18342799e+05
1.64000000e-01,5.60000000e-02,3.01317215e+04,3.22565553e+05,1.98913707e+05
1.68000000e-01,5.60000000e-02,2.88791793e+04,3.04307824e+05,1.81529735e+05
1.72000000e-01,5.60000000e-02,2.76972589e+04,2.87221719e+05,1.65949089e+05
1.76000000e-01,5.60000000e-02,2.65814055e+04,2.71240815e+05,1.51960650e+05
1.80000000e-01,5.60000000e-02,2.55273324e+04,2.56298226e+05,1.39380018e+05
1.84000000e-01,5.60000000e-02,2.45310197e+04,2.42328062e+05,1.28046025e+05
1.88000000e-01,5.60000000e-02,2.35887079e+04,2.29266421e+05,1.17817684e+05
1.92000000e-01,5.60000000e-02,2.26968883e+04,2.17052050e+05,1.08571533e+05
1.96000000e-01,5.60000000e-02,2.18522915e+04,2.05626743e+05,1.00199321e+05
2.00000000e-01,5.60000000e-02,2.10518744e+04,nan,nan
-2.00000000e-01,6.00000000e-02,-2.06740240e+04,nan,nan
-1.96000000e-01,6.00000000e-02,-2.14437391e+04,1.97562386e+05,-1.03807280e+05
-1.92000000e-01,6.00000000e-02,-2.22545231e+04,2.08163324e+05,-1.12310540e+05
-1.88000000e-01,6.00000000e-02,-2.31090457e+04,2.19453671e+05,-1.21678005e+05
-1.84000000e-01,6.00000000e-02,-2.40101525e+04,2.31478033e+05,-1.32012910e+05
-1.80000000e-01,6.00000000e-02,-2.49608700e+04,2.44282076e+05,-1.43432282e+05
-1.76000000e-01,6.00000000e-02,-2.59644091e+04,2.57911842e+05,-1.56068870e+05
-1.72000000e-01,6.00000000e-02,-2.70241647e+04,2.72412780e+05,-1.70073338e+05
-1.68000000e-01,6.00000000e-02,-2.81437113e+04,2.87828409e+05,-1.85616726e+05
-1.64000000e-01,6.00000000e-02,-2.93267920e+04,3.04198499e+05,-2.02893186e+05
-1.60000000e-01,6.00000000e-02,-3.05772993e+04,3.21556639e+05,-2.22123012e+05
-1.56000000e-01,6.00000000e-02,-3.18992451e+04,3.39927009e+05,-2.43555919e+05
-1.52000000e-01,6.00000000e-02,-3.32967154e+04,3.59320134e+05,-2.67474532e+05
-1.48000000e-01,6.00000000e-02,-3.47738062e+04,3.79727369e+05,-2.94197980e+05
-1.44000000e-01,6.00000000e-02,-3.63345343e+04,4.01113761e+05,-3.24085426e+05
-1.40000000e-01,6.00000000e-02,-3.79827163e+04,4.23408922e+05,-3.57539243e+05
-1.36000000e-01,6.00000000e-02,-3.97218057e+04,4.46495454e+05,-3.95007439e+05
-1.32000000e-01,6.00000000e-02,-4.15546799e+04,4.70194434e+05,-4.36984692e+05
-1.28000000e-01,6.00000000e-02,-4.34833612e+04,4.94247448e+05,-4.84011103e+05
-1.24000000e-01,6.00000000e-02,-4.55086595e+04,5.18294701e+05,-5.36667413e+05
-1.20000000e-01,6.00000000e-02,-4.76297188e+04,5.41848916e+05,-5.95564973e+05
-1.16000000e-01,6.00000000e-02,-4.98434508e+04,5.64265014e+05,-6.61328202e+05
-1.12000000e-01,6.00000000e-02,-5.21438389e+04,5.84706240e+05,-7.34566636e+05
-1.08000000e-01,6.00000000e-02,-5.45211007e+04,6.02108334e+05,-8.15833097e+05
-1.04000000e-01,6.00000000e-02,-5.69607056e+04,6.15144904e+05,-9.05564038e+05
-1.00000000e-01,6.00000000e-02,-5.94422599e+04,6.22199266e+05,-1.00399818e+06
-9.60000000e-02,6.00000000e-02,-6.19382997e+04,6.21350763e+05,-1.11107047e+06
-9.20000000e-02,6.00000000e-02,-6.44130661e+04,6.10386739e+05,-1.22628090e+06
-8.80000000e-02,6.00000000e-02,-6.68213936e+04,5.86854200e+05,-1.34854249e+06
-8.40000000e-02,6.00000000e-02,-6.91078997e+04,5.48166688e+05,-1.47602024e+06
-8.00000000e-02,6.00000000e-02,-7.12067271e+04,4.91780003e+05,-1.60598376e+06
-7.60000000e-02,6.00000000e-02,-7.30421397e+04,4.15442969e+05,-1.73470826e+06
-7.20000000e-02,6.00000000e-02,-7.45302709e+04,3.17514550e+05,-1.85746921e+06
-6.80000000e-02,6.00000000e-02,-7.55822561e+04,1.97316391e+05,-1.96867902e+06
-6.40000000e-02,6.00000000e-02,-7.61088020e+04,5.54641351e+04,-2.06220213e+06
-6.00000000e-02,6.00000000e-02,-7.60259692e+04,-1.05899696e+05,-2.13185303e+06
-5.60000000e-02,6.00000000e-02,-7.52616044e+04,-2.83051948e+05,-2.17203116e+06
-5.20000000e-02,6.00000000e-02,-7.37615536e+04,-4.70871376e+05,-2.17839122e+06
-4.80000000e-02,6.00000000e-02,-7.14946334e+04,-6.63263405e+05,-2.14840881e+06
-4.40000000e-02,6.00000000e-02,-6.84554463e+04,-8.53767234e+05,-2.08170429e+06
-4.00000000e-02,6.00000000e-02,-6.46644955e+04,-1.03622959e+06,-1.98003935e+06
-3.60000000e-02,6.00000000e-02,-6.01656096e+04,-1.20540739e+06,-1.84698676e+06
-3.20000000e-02,6.00000000e-02,-5.50212364e+04,-1.35738356e+06,-1.68735950e+06
-2.80000000e-02,6.00000000e-02,-4.93065412e+04,-1.48973584e+06,-1.50653779e+06
-2.40000000e-02,6.00000000e-02,-4.31033497e+04,-1.60146447e+06,-1.30983504e+06
-2.00000000e-02,6.00000000e-02,-3.64948255e+04,-1.69273563e+06,-1.10200632e+06
-1.60000000e-02,6.00000000e-02,-2.95614647e+04,-1.76452173e+06,-8.86947362e+05
-1.20000000e-02,6.00000000e-02,-2.23786516e+04,-1.81821632e+06,-6.67582718e+05
-8.00000000e-03,6.00000000e-02,-1.50157341e+04,-1.85528221e+06,-4.45909895e+05
-4.00000000e-03,6.00000000e-02,-7.53639397e+03,-1.87696676e+06,-2.23155238e+05
0.00000000e+00,6.00000000e-02,0.00000000e+00,-1.88409849e+06,-0.00000000e+00
4.00000000e-03,6.00000000e-02,7.53639397e+03,-1.87696676e+06,2.23155238e+05
8.00000000e-03,6.00000000e-02,1.50157341e+04,-1.85528221e+06,4.45909895e+05
1.20000000e-02,6.00000000e-02,2.23786516e+04,-1.81821632e+06,6.67582718e+05
1.60000000e-02,6.00000000e-02,2.95614647e+04,-1.76452173e+06,8.86947362e+05
2.00000000e-02,6.00000000e-02,3.64948255e+04,-1.69273563e+06,1.10200632e+06
2.40000000e-02,6.00000000e-02,4.31033497e+04,-1.60146447e+06,1.30983504e+06
2.80000000e-02,6.00000000e-02,4.93065412e+04,-1.48973584e+06,1.50653779e+06
3.20000000e-02,6.00000000e-02,5.50212364e+04,-1.35738356e+06,1.68735950e+06
3.60000000e-02,6.00000000e-02,6.01656096e+04,-1.20540739e+06,1.84698676e+06
4.00000000e-02,6.00000000e-02,6.46644955e+04,-1.03622959e+06,1.98003935e+06
4.40000000e-02,6.00000000e-02,6.84554463e+04,-8.53767234e+05,2.08170429e+06
4.80000000e-02,6.00000000e-02,7.14946334e+04,-6.63263405e+05,2.14840881e+06
5.20000000e-02,6.00000000e-02,7.37615536e+04,-4.70871376e+05,2.17839122e+06
5.60000000e-02,6.00000000e-02,7.52616044e+04,-2.83051948e+05,2.17203116e+06
6.00000000e-02,6.00000000e-02,7.60259692e+04,-1.05899696e+05,2.13185303e+06
6.40000000e-02,6.00000000e-02,7.61088020e+04,5.54641351e+04,2.06220213e+06
6.80000000e-02,6.00000000e-02,7.55822561e+04,1.97316391e+05,1.96867902e+06
7.20000000e-02,6.00000000e-02,7.45302709e+04,3.17514550e+05,1.85746921e+06
7.60000000e-02,6.00000000e-02,7.30421397e+04,4.15442969e+05,1.73470826e+06
8.00000000e-02,6.00000000e-02,7.12067271e+04,4.91780003e+05,1.60598376e+06
8.40000000e-02,6.00000000e-02,6.91078997e+04,5.48166688e+05,1.47602024e+06
8.80000000e-02,6.00000000e-02,6.68213936e+04,5.86854200e+05,1.34854249e+06
9.20000000e-02,6.00000000e-02,6.44130661e+04,6.10386739e+05,1.22628090e+06
9.60000000e-02,6.00000000e-02,6.19382997e+04,6.21350763e+05,1.11107047e+06
1.00000000e-01,6.00000000e-02,5.94422599e+04,6.22199266e+05,1.00399818e+06
1.04000000e-01,6.00000000e-02,5.69607056e+04,6.15144904e+05,9.05564038e+05
1.08000000e-01,6.00000000e-02,5.45211007e+04,6.02108334e+05,8.15833097e+05
1.12000000e-01,6.00000000e-02,5.21438389e+04,5.84706240e+05,7.34566636e+05
1.16000000e-01,6.00000000e-02,4.98434508e+04,5.64265014e+05,6.61328202e+05
1.20000000e-01,6.00000000e-02,4.76297188e+04,5.41848916e+05,5.95564973e+05
1.24000000e-01,6.00000000e-02,4.55086595e+04,5.18294701e+05,5.36667413e+05
1.28000000e-01,6.00000000e-02,4.34833612e+04,4.94247448e+05,4.84011103e+05
1.32000000e-01,6.00000000e-02,4.15546799e+04,4.70194434e+05,4.36984692e+05
1.36000000e-01,6.00000000e-02,3.97218057e+04,4.46495454e+05,3.95007439e+05
1.40000000e-01,6.00000000e-02,3.79827163e+04,4.23408922e+05,3.57539243e+05
1.44000000e-01,6.00000000e-02,3.63345343e+04,4.01113761e+05,3.24085426e+05
1.48000000e-01,6.00000000e-02,3.47738062e+04,3.79727369e+05,2.94197980e+05
1.52000000e-01,6.00000000e-02,3.32967154e+04,3.59320134e+05,2.67474532e+05
1.56000000e-01,6.00000000e-02,3.18992451e+04,3.39927009e+05,2.43555919e+05
1.60000000e-01,6.00000000e-02,3.05772993e+04,3.21556639e+05,2.22123012e+05
1.64000000e-01,6.00000000e-02,2.93267920e+04,3.04198499e+05,2.02893186e+05
1.68000000e-01,6.00000000e-02,2.81437113e+04,2.87828409e+05,1.85616726e+05
1.72000000e-01,6.00000000e-02,2.70241647e+04,2.72412780e+05,1.70073338e+05
1.76000000e-01,6.00000000e-02,2.59644091e+04,2.57911842e+05,1.56068870e+05
1.80000000e-01,6.00000000e-02,2.49608700e+04,2.44282076e+05,1.43432282e+05
1.84000000e-01,6.00000000e-02,2.40101525e+04,2.31478033e+05,1.32012910e+05
1.88000000e-01,6.00000000e-02,2.31090457e+04,2.19453671e+05,1.21678005e+05
1.92000000e-01,6.00000000e-02,2.22545231e+04,2.08163324e+05,1.12310540e+05
1.96000000e-01,6.00000000e-02,2.14437391e+04,1.97562386e+05,1.03807280e+05
2.00000000e-01,6.00000000e-02,2.06740240e+04,nan,nan
-2.00000000e-01,6.40000000e-02,-2.02832578e+04,nan,nan
-1.96000000e-01,6.40000000e-02,-2.10218333e+04,1.89393278e+05,-1.06882482e+05
-1.92000000e-01,6.40000000e-02,-2.17984040e+04,1.99181325e+05,-1.15456956e+05
-1.88000000e-01,6.40000000e-02,-2.26152839e+04,2.09564051e+05,-1.24878590e+05
-1.84000000e-01,6.40000000e-02,-2.34749164e+04,2.20573785e+05,-1.35244731e+05
-1.80000000e-01,6.40000000e-02,-2.43798742e+04,2.32242267e+05,-1.46665018e+05
-1.76000000e-01,6.40000000e-02,-2.53328546e+04,2.44599758e+05,-1.59262957e+05
-1.72000000e-01,6.40000000e-02,-2.63366722e+04,2.57673863e+05,-1.73177660e+05
-1.68000000e-01,6.40000000e-02,-2.73942455e+04,2.71487976e+05,-1.88565754e+05
-1.64000000e-01,6.40000000e-02,-2.85085760e+04,2.86059266e+05,-2.05603436e+05
-1.60000000e-01,6.40000000e-02,-2.96827196e+04,3.01396065e+05,-2.24488661e+05
-1.56000000e-01,6.40000000e-02,-3.09197446e+04,3.17494524e+05,-2.45443392e+05
-1.52000000e-01,6.40000000e-02,-3.22226758e+04,3.34334355e+05,-2.68715843e+05
-1.48000000e-01,6.40000000e-02,-3.35944194e+04,3.51873456e+05,-2.94582562e+05
-1.44000000e-01,6.40000000e-02,-3.50376634e+04,3.70041169e+05,-3.23350153e+05
-1.40000000e-01,6.40000000e-02,-3.65547488e+04,3.88729912e+05,-3.55356336e+05
-1.36000000e-01,6.40000000e-02,-3.81475027e+04,4.07784892e+05,-3.90969918e+05
-1.32000000e-01,6.40000000e-02,-3.98170279e+04,4.26991623e+05,-4.30589072e+05
-1.28000000e-01,6.40000000e-02,-4.15634357e+04,4.46061011e+05,-4.74637129e+05
-1.24000000e-01,6.40000000e-02,-4.33855160e+04,4.64611885e+05,-5.23554804e+05
-1.20000000e-01,6.40000000e-02,-4.52803308e+04,4.82151063e+05,-5.77787487e+05
-1.16000000e-01,6.40000000e-02,-4.72427245e+04,4.98051421e+05,-6.37765902e+05
-1.12000000e-01,6.40000000e-02,-4.92647422e+04,5.11528979e+05,-7.03878106e+05
-1.08000000e-01,6.40000000e-02,-5.13349563e+04,5.21620883e+05,-7.76430634e+05
-1.04000000e-01,6.40000000e-02,-5.34377092e+04,5.27167302e+05,-8.55596603e+05
-1.00000000e-01,6.40000000e-02,-5.55522947e+04,5.26801710e+05,-9.41349108e+05
-9.60000000e-02,6.40000000e-02,-5.76521229e+04,5.18955693e+05,-1.03337952e+06
-9.20000000e-02,6.40000000e-02,-5.97039403e+04,5.01886020e+05,-1.13100262e+06
-8.80000000e-02,6.40000000e-02,-6.16672111e+04,4.73732687e+05,-1.23305429e+06
-8.40000000e-02,6.40000000e-02,-6.34938018e+04,4.32616249e+05,-1.33779273e+06
-8.00000000e-02,6.40000000e-02,-6.51281411e+04,3.76779846e+05,-1.44282049e+06
-7.60000000e-02,6.40000000e-02,-6.65080405e+04,3.04774979e+05,-1.54505075e+06
-7.20000000e-02,6.40000000e-02,-6.75663409e+04,2.15679818e+05,-1.64074509e+06
-6.80000000e-02,6.40000000e-02,-6.82334791e+04,1.09325589e+05,-1.72564771e+06
-6.40000000e-02,6.40000000e-02,-6.84409456e+04,-1.35066812e+04,-1.79523051e+06
-6.00000000e-02,6.40000000e-02,-6.81254256e+04,-1.50965130e+05,-1.84504186e+06
-5.60000000e-02,6.40000000e-02,-6.72332246e+04,-3.00125432e+05,-1.87112365e+06
-5.20000000e-02,6.40000000e-02,-6.57244222e+04,-4.57135530e+05,-1.87043277e+06
-4.80000000e-02,6.40000000e-02,-6.35761403e+04,-6.17503719e+05,-1.84118668e+06
-4.40000000e-02,6.40000000e-02,-6.07843924e+04,-7.76491609e+05,-1.78305822e+06
-4.00000000e-02,6.40000000e-02,-5.73642075e+04,-9.29544581e+05,-1.69717434e+06
-3.60000000e-02,6.40000000e-02,-5.33480358e+04,-1.07268120e+06,-1.58591910e+06
-3.20000000e-02,6.40000000e-02,-4.87827578e+04,-1.20277422e+06,-1.45258725e+06
-2.80000000e-02,6.40000000e-02,-4.37258420e+04,-1.31768464e+06,-1.30096427e+06
-2.40000000e-02,6.40000000e-02,-3.82412807e+04,-1.41624597e+06,-1.13491429e+06
-2.00000000e-02,6.40000000e-02,-3.23958743e+04,-1.49812589e+06,-9.58041232e+05
-1.60000000e-02,6.40000000e-02,-2.62562736e+04,-1.56360959e+06,-7.73460524e+05
-1.20000000e-02,6.40000000e-02,-1.98869975e+04,-1.61335198e+06,-5.83690210e+05
-8.00000000e-03,6.40000000e-02,-1.33494577e+04,-1.64813853e+06,-3.90649638e+05
-4.00000000e-03,6.40000000e-02,-6.70188927e+03,-1.66868222e+06,-1.95742678e+05
0.00000000e+00,6.40000000e-02,0.00000000e+00,-1.67547232e+06,-0.00000000e+00
4.00000000e-03,6.40000000e-02,6.70188927e+03,-1.66868222e+06,1.95742678e+05
8.00000000e-03,6.40000000e-02,1.33494577e+04,-1.64813853e+06,3.90649638e+05
1.20000000e-02,6.40000000e-02,1.98869975e+04,-1.61335198e+06,5.83690210e+05
1.60000000e-02,6.40000000e-02,2.62562736e+04,-1.56360959e+06,7.73460524e+05
2.00000000e-02,6.40000000e-02,3.23958743e+04,-1.49812589e+06,9.58041232e+05
2.40000000e-02,6.40000000e-02,3.82412807e+04,-1.41624597e+06,1.13491429e+06
2.80000000e-02,6.40000000e-02,4.37258420e+04,-1.31768464e+06,1.30096427e+06
3.20000000e-02,6.40000000e-02,4.87827578e+04,-1.20277422e+06,1.45258725e+06
3.60000000e-02,6.40000000e-02,5.33480358e+04,-1.07268120e+06,1.58591910e+06
4.00000000e-02,6.40000000e-02,5.73642075e+04,-9.29544581e+05,1.69717434e+06
4.40000000e-02,6.40000000e-02,6.07843924e+04,-7.76491609e+05,1.78305822e+06
4.80000000e-02,6.40000000e-02,6.35761403e+04,-6.17503719e+05,1.84118668e+06
5.20000000e-02,6.40000000e-02,6.57244222e+04,-4.57135530e+05,1.87043277e+06
5.60000000e-02,6.40000000e-02,6.72332246e+04,-3.00125432e+05,1.87112365e+06
6.00000000e-02,6.40000000e-02,6.81254256e+04,-1.50965130e+05,1.84504186e+06
6.40000000e-02,6.40000000e-02,6.84409456e+04,-1.35066812e+04,1.79523051e+06
6.80000000e-02,6.40000000e-02,6.82334791e+04,1.09325589e+05,1.72564771e+06
7.20000000e-02,6.40000000e-02,6.75663409e+04,2.15679818e+05,1.64074509e+06
7.60000000e-02,6.40000000e-02,6.65080405e+04,3.04774979e+05,1.54505075e+06
8.00000000e-02,6.40000000e-02,6.51281411e+04,3.76779846e+05,1.44282049e+06
8.40000000e-02,6.40000000e-02,6.34938018e+04,4.32616249e+05,1.33779273e+06
8.80000000e-02,6.40000000e-02,6.16672111e+04,4.73732687e+05,1.23305429e+06
9.20000000e-02,6.40000000e-02,5.97039403e+04,5.01886020e+05,1.13100262e+06
9.60000000e-02,6.40000000e-02,5.76521229e+04,5.18955693e+05,1.03337952e+06
1.00000000e-01,6.40000000e-02,5.55522947e+04,5.26801710e+05,9.41349108e+05
1.04000000e-01,6.40000000e-02,5.34377092e+04,5.27167302e+05,8.55596603e+05
1.08000000e-01,6.40000000e-02,5.13349563e+04,5.21620883e+05,7.76430634e+05
1.12000000e-01,6.40000000e-02,4.92647422e+04,5.11528979e+05,7.03878106e+05
1.16000000e-01,6.40000000e-02,4.72427245e+04,4.98051421e+05,6.37765902e+05
1.20000000e-01,6.40000000e-02,4.52803308e+04,4.82151063e+05,5.77787487e+05
1.24000000e-01,6.40000000e-02,4.33855160e+04,4.64611885e+05,5.23554804e+05
1.28000000e-01,6.40000000e-02,4.15634357e+04,4.46061011e+05,4.74637129e+05
1.32000000e-01,6.40000000e-02,3.98170279e+04,4.26991623e+05,4.30589072e+05
1.36000000e-01,6.40000000e-02,3.81475027e+04,4.07784892e+05,3.90969918e+05
1.40000000e-01,6.40000000e-02,3.65547488e+04,3.88729912e+05,3.55356336e+05
1.44000000e-01,6.40000000e-02,3.50376634e+04,3.70041169e+05,3.23350153e+05
1.48000000e-01,6.40000000e-02,3.35944194e+04,3.51873456e+05,2.94582562e+05
1.52000000e-01,6.40000000e-02,3.22226758e+04,3.34334355e+05,2.68715843e+05
1.56000000e-01,6.40000000e-02,3.09197446e+04,3.17494524e+05,2.45443392e+05
1.60000000e-01,6.40000000e-02,2.96827196e+04,3.01396065e+05,2.24488661e+05
1.64000000e-01,6.40000000e-02,2.85085760e+04,2.86059266e+05,2.05603436e+05
1.68000000e-01,6.40000000e-02,2.73942455e+04,2.71487976e+05,1.88565754e+05
1.72000000e-01,6.40000000e-02,2.63366722e+04,2.57673863e+05,1.73177660e+05
1.76000000e-01,6.40000000e-02,2.53328546e+04,2.44599758e+05,1.59262957e+05
1.80000000e-01,6.40000000e-02,2.43798742e+04,2.32242267e+05,1.46665018e+05
1.84000000e-01,6.40000000e-02,2.34749164e+04,2.20573785e+05,1.35244731e+05
1.88000000e-01,6.40000000e-02,2.26152839e+04,2.09564051e+05,1.24878590e+05
1.92000000e-01,6.40000000e-02,2.17984040e+04,1.99181325e+05,1.15456956e+05
1.96000000e-01,6.40000000e-02,2.10218333e+04,1.89393278e+05,1.06882482e+05
2.00000000e-01,6.40000000e-02,2.02832578e+04,nan,nan
-2.00000000e-01,6.80000000e-02,-1.98814744e+04,nan,nan
-1.96000000e-01,6.80000000e-02,-2.05886793e+04,1.81174133e+05,-1.09440073e+05
-1.92000000e-01,6.80000000e-02,-2.13308675e+04,1.90167216e+05,-1.18030306e+05
-1.88000000e-01,6.80000000e-02,-2.21100170e+04,1.99665896e+05,-1.27444377e+05
-1.84000000e-01,6.80000000e-02,-2.29281946e+04,2.09691605e+05,-1.37773104e+05
-1.80000000e-01,6.80000000e-02,-2.37875498e+04,2.20263850e+05,-1.49118082e+05
-1.76000000e-01,6.80000000e-02,-2.46903054e+04,2.31399200e+05,-1.61592915e+05
-1.72000000e-01,6.80000000e-02,-2.56387434e+04,2.43109983e+05,-1.75324547e+05
-1.68000000e-01,6.80000000e-02,-2.66351853e+04,2.55402633e+05,-1.90454662e+05
-1.64000000e-01,6.80000000e-02,-2.76819645e+04,2.68275592e+05,-2.07141141e+05
-1.60000000e-01,6.80000000e-02,-2.87813900e+04,2.81716684e+05,-2.25559511e+05
-1.56000000e-01,6.80000000e-02,-2.99356980e+04,2.95699826e+05,-2.45904329e+05
-1.52000000e-01,6.80000000e-02,-3.11469886e+04,3.10180963e+05,-2.68390387e+05
-1.48000000e-01,6.80000000e-02,-3.24171457e+04,3.25093059e+05,-2.93253581e+05
-1.44000000e-01,6.80000000e-02,-3.37477331e+04,3.40339987e+05,-3.20751236e+05
-1.40000000e-01,6.80000000e-02,-3.51398656e+04,3.55789157e+05,-3.51161589e+05
-1.36000000e-01,6.80000000e-02,-3.65940464e+04,3.71262718e+05,-3.84782023e+05
-1.32000000e-01,6.80000000e-02,-3.81099673e+04,3.86527223e+05,-4.21925538e+05
-1.28000000e-01,6.80000000e-02,-3.96862641e+04,4.01281716e+05,-4.62914768e+05
-1.24000000e-01,6.80000000e-02,-4.13202210e+04,4.15144343e+05,-5.08072698e+05
-1.20000000e-01,6.80000000e-02,-4.30074189e+04,4.27637818e+05,-5.57709057e+05
-1.16000000e-01,6.80000000e-02,-4.47413236e+04,4.38174396e+05,-6.12101173e+05
-1.12000000e-01,6.80000000e-02,-4.65128141e+04,4.46041508e+05,-6.71468020e+05
-1.08000000e-01,6.80000000e-02,-4.83096556e+04,4.50389837e+05,-7.35936185e+05
-1.04000000e-01,6.80000000e-02,-5.01159328e+04,4.50226431e+05,-8.05496800e+05
-1.00000000e-01,6.80000000e-02,-5.19114671e+04,4.44416349e+05,-8.79953122e+05
-9.60000000e-02,6.80000000e-02,-5.36712635e+04,4.31697253e+05,-9.58859688e+05
-9.20000000e-02,6.80000000e-02,-5.53650451e+04,4.10711970e+05,-1.04145591e+06
-8.80000000e-02,6.80000000e-02,-5.69569593e+04,3.80064087e+05,-1.12659960e+06
-8.40000000e-02,6.80000000e-02,-5.84055578e+04,3.38400487e+05,-1.21270948e+06
-8.00000000e-02,6.80000000e-02,-5.96641632e+04,2.84521982e+05,-1.29772882e+06
-7.60000000e-02,6.80000000e-02,-6.06817337e+04,2.17518371e+05,-1.37912576e+06
-7.20000000e-02,6.80000000e-02,-6.14043102e+04,1.36917591e+05,-1.45394563e+06
-6.80000000e-02,6.80000000e-02,-6.17770744e+04,4.28309665e+04,-1.51892797e+06
-6.40000000e-02,6.80000000e-02,-6.17469579e+04,-6.39300114e+04,-1.57069201e+06
-6.00000000e-02,6.80000000e-02,-6.12656343e+04,-1.81792834e+05,-1.60598132e+06
-5.60000000e-02,6.80000000e-02,-6.02926152e+04,-3.08442858e+05,-1.62194174e+06
-5.20000000e-02,6.80000000e-02,-5.87980914e+04,-4.40934404e+05,-1.61639258e+06
-4.80000000e-02,6.80000000e-02,-5.67651400e+04,-5.75888859e+05,-1.58804400e+06
-4.40000000e-02,6.80000000e-02,-5.41909806e+04,-7.09754896e+05,-1.53661818e+06
-4.00000000e-02,6.80000000e-02,-5.10871008e+04,-8.39090461e+05,-1.46284970e+06
-3.60000000e-02,6.80000000e-02,-4.74782569e+04,-9.60820302e+05,-1.36836523e+06
-3.20000000e-02,6.80000000e-02,-4.34005384e+04,-1.07242873e+06,-1.25546843e+06
-2.80000000e-02,6.80000000e-02,-3.88988270e+04,-1.17206287e+06,-1.12687310e+06
-2.40000000e-02,6.80000000e-02,-3.40240354e+04,-1.25854143e+06,-9.85432545e+05
-2.00000000e-02,6.80000000e-02,-2.88304956e+04,-1.33128187e+06,-8.33906703e+05
-1.60000000e-02,6.80000000e-02,-2.33737805e+04,-1.39017070e+06,-6.74793693e+05
-1.20000000e-02,6.80000000e-02,-1.77091300e+04,-1.43540543e+06,-5.10236823e+05
-8.00000000e-03,6.80000000e-02,-1.18905370e+04,-1.46733468e+06,-3.42004237e+05
-4.00000000e-03,6.80000000e-02,-5.97045254e+03,-1.48631713e+06,-1.71529829e+05
0.00000000e+00,6.80000000e-02,0.00000000e+00,-1.49261314e+06,-0.00000000e+00
4.00000000e-03,6.80000000e-02,5.97045254e+03,-1.48631713e+06,1.71529829e+05
8.00000000e-03,6.80000000e-02,1.18905370e+04,-1.46733468e+06,3.42004237e+05
1.20000000e-02,6.80000000e-02,1.77091300e+04,-1.43540543e+06,5.10236823e+05
1.60000000e-02,6.80000000e-02,2.33737805e+04,-1.39017070e+06,6.74793693e+05
2.00000000e-02,6.80000000e-02,2.88304956e+04,-1.33128187e+06,8.33906703e+05
2.40000000e-02,6.80000000e-02,3.40240354e+04,-1.25854143e+06,9.85432545e+05
2.80000000e-02,6.80000000e-02,3.88988270e+04,-1.17206287e+06,1.12687310e+06
3.20000000e-02,6.80000000e-02,4.34005384e+04,-1.07242873e+06,1.25546843e+06
3.60000000e-02,6.80000000e-02,4.74782569e+04,-9.60820302e+05,1.36836523e+06
4.00000000e-02,6.80000000e-02,5.10871008e+04,-8.39090461e+05,1.46284970e+06
4.40000000e-02,6.80000000e-02,5.41909806e+04,-7.09754896e+05,1.53661818e+06
4.80000000e-02,6.80000000e-02,5.67651400e+04,-5.75888859e+05,1.58804400e+06
5.20000000e-02,6.80000000e-02,5.87980914e+04,-4.40934404e+05,1.61639258e+06
5.60000000e-02,6.80000000e-02,6.02926152e+04,-3.08442858e+05,1.62194174e+06
6.00000000e-02,6.80000000e-02,6.12656343e+04,-1.81792834e+05,1.60598132e+06
6.40000000e-02,6.80000000e-02,6.17469579e+04,-6.39300114e+04,1.57069201e+06
6.80000000e-02,6.80000000e-02,6.17770744e+04,4.28309665e+04,1.51892797e+06
7.20000000e-02,6.80000000e-02,6.14043102e+04,1.36917591e+05,1.45394563e+06
7.60000000e-02,6.80000000e-02,6.06817337e+04,2.17518371e+05,1.37912576e+06
8.00000000e-02,6.80000000e-02,5.96641632e+04,2.84521982e+05,1.29772882e+06
8.40000000e-02,6.80000000e-02,5.84055578e+04,3.38400487e+05,1.21270948e+06
8.80000000e-02,6.80000000e-02,5.69569593e+04,3.80064087e+05,1.12659960e+06
9.20000000e-02,6.80000000e-02,5.53650451e+04,4.10711970e+05,1.04145591e+06
9.60000000e-02,6.80000000e-02,5.36712635e+04,4.31697253e+05,9.58859688e+05
1.00000000e-01,6.80000000e-02,5.19114671e+04,4.44416349e+05,8.79953122e+05
1.04000000e-01,6.80000000e-02,5.01159328e+04,4.50226431e+05,8.05496800e+05
1.08000000e-01,6.80000000e-02,4.83096556e+04,4.50389837e+05,7.35936185e+05
1.12000000e-01,6.80000000e-02,4.65128141e+04,4.46041508e+05,6.71468020e+05
1.16000000e-01,6.80000000e-02,4.47413236e+04,4.38174396e+05,6.12101173e+05
1.20000000e-01,6.80000000e-02,4.30074189e+04,4.27637818e+05,5.57709057e+05
1.24000000e-01,6.80000000e-02,4.13202210e+04,4.15144343e+05,5.08072698e+05
1.28000000e-01,6.80000000e-02,3.96862641e+04,4.01281716e+05,4.62914768e+05
1.32000000e-01,6.80000000e-02,3.81099673e+04,3.86527223e+05,4.21925538e+05
1.36000000e-01,6.80000000e-02,3.65940464e+04,3.71262718e+05,3.84782023e+05
1.40000000e-01,6.80000000e-02,3.51398656e+04,3.55789157e+05,3.51161589e+05
1.44000000e-01,6.80000000e-02,3.37477331e+04,3.40339987e+05,3.20751236e+05
1.48000000e-01,6.80000000e-02,3.24171457e+04,3.25093059e+05,2.93253581e+05
1.52000000e-01,6.80000000e-02,3.11469886e+04,3.10180963e+05,2.68390387e+05
1.56000000e-01,6.80000000e-02,2.99356980e+04,2.95699826e+05,2.45904329e+05
1.60000000e-01,6.80000000e-02,2.87813900e+04,2.81716684e+05,2.25559511e+05
1.64000000e-01,6.80000000e-02,2.76819645e+04,2.68275592e+05,2.07141141e+05
1.68000000e-01,6.80000000e-02,2.66351853e+04,2.55402633e+05,1.90454662e+05
1.72000000e-01,6.80000000e-02,2.56387434e+04,2.43109983e+05,1.75324547e+05
1.76000000e-01,6.80000000e-02,2.46903054e+04,2.31399200e+05,1.61592915e+05
1.80000000e-01,6.80000000e-02,2.37875498e+04,2.20263850e+05,1.49118082e+05
1.84000000e-01,6.80000000e-02,2.29281946e+04,2.09691605e+05,1.37773104e+05
1.88000000e-01,6.80000000e-02,2.21100170e+04,1.99665896e+05,1.27444377e+05
1.92000000e-01,6.80000000e-02,2.13308675e+04,1.90167216e+05,1.18030306e+05
1.96000000e-01,6.80000000e-02,2.05886793e+04,1.81174133e+05,1.09440073e+05
2.00000000e-01,6.80000000e-02,1.98814744e+04,nan,nan
-2.00000000e-01,7.20000000e-02,-1.94705178e+04,nan,nan
-1.96000000e-01,7.20000000e-02,-2.01463127e+04,1.72955478e+05,-1.11499372e+05
-1.92000000e-01,7.20000000e-02,-2.08541616e+04,1.81177022e+05,-1.20054677e+05
-1.88000000e-01,7.20000000e-02,-2.15957289e+04,1.89821252e+05,-1.29405258e+05
-1.84000000e-01,7.20000000e-02,-2.23727316e+04,1.98900080e+05,-1.39634983e+05
-1.80000000e-01,7.20000000e-02,-2.31869295e+04,2.08422456e+05,-1.50837005e+05
-1.76000000e-01,7.20000000e-02,-2.40401112e+04,2.18393294e+05,-1.63114688e+05
-1.72000000e-01,7.20000000e-02,-2.49340759e+04,2.28812116e+05,-1.76582561e+05
-1.68000000e-01,7.20000000e-02,-2.58706082e+04,2.39671382e+05,-1.91367289e+05
-1.64000000e-01,7.20000000e-02,-2.68514469e+04,2.50954418e+05,-2.07608594e+05
-1.60000000e-01,7.20000000e-02,-2.78782435e+04,2.62632877e+05,-2.25460098e+05
-1.56000000e-01,7.20000000e-02,-2.89525099e+04,2.74663647e+05,-2.45089990e+05
-1.52000000e-01,7.20000000e-02,-3.00755527e+04,2.86985104e+05,-2.66681403e+05
-1.48000000e-01,7.20000000e-02,-3.12483908e+04,2.99512608e+05,-2.90432353e+05
-1.44000000e-01,7.20000000e-02,-3.24716536e+04,3.12133161e+05,-3.16555035e+05
-1.40000000e-01,7.20000000e-02,-3.37454560e+04,3.24699125e+05,-3.45274191e+05
-1.36000000e-01,7.20000000e-02,-3.50692466e+04,3.37020943e+05,-3.76824224e+05
-1.32000000e-01,7.20000000e-02,-3.64416236e+04,3.48858879e+05,-4.11444597e+05
-1.28000000e-01,7.20000000e-02,-3.78601176e+04,3.59913852e+05,-4.49372992e+05
-1.24000000e-01,7.20000000e-02,-3.93209344e+04,3.69817595e+05,-4.90835583e+05
-1.20000000e-01,7.20000000e-02,-4.08186584e+04,3.78122588e+05,-5.36033696e+05
-1.16000000e-01,7.20000000e-02,-4.23459151e+04,3.84292458e+05,-5.85126075e+05
-1.12000000e-01,7.20000000e-02,-4.38929980e+04,3.87693966e+05,-6.38206022e+05
-1.08000000e-01,7.20000000e-02,-4.54474668e+04,3.87592102e+05,-6.95272808e+05
-1.04000000e-01,7.20000000e-02,-4.69937348e+04,3.83150366e+05,-7.56197158e+05
-1.00000000e-01,7.20000000e-02,-4.85126698e+04,3.73438822e+05,-8.20681239e+05
-9.60000000e-02,7.20000000e-02,-4.99812454e+04,3.57452909e+05,-8.88214644e+05
-9.20000000e-02,7.20000000e-02,-5.13722930e+04,3.34146104e+05,-9.58029264e+05
-8.80000000e-02,7.20000000e-02,-5.26544142e+04,3.02479115e+05,-1.02905780e+06
-8.40000000e-02,7.20000000e-02,-5.37921260e+04,2.61487029e+05,-1.09990268e+06
-8.00000000e-02,7.20000000e-02,-5.47463105e+04,2.10363560e+05,-1.16882384e+06
-7.60000000e-02,7.20000000e-02,-5.54750344e+04,1.48558168e+05,-1.23375503e+06
-7.20000000e-02,7.20000000e-02,-5.59347758e+04,7.58776116e+04,-1.29235725e+06
-6.80000000e-02,7.20000000e-02,-5.60820553e+04,-7.42078792e+03,-1.34211508e+06
-6.40000000e-02,7.20000000e-02,-5.58754095e+04,-1.00560032e+05,-1.38047546e+06
-6.00000000e-02,7.20000000e-02,-5.52775751e+04,-2.02214854e+05,-1.40502015e+06
-5.60000000e-02,7.20000000e-02,-5.42576907e+04,-3.10536695e+05,-1.41365388e+06
-5.20000000e-02,7.20000000e-02,-5.27932815e+04,-4.23237794e+05,-1.40478274e+06
-4.80000000e-02,7.20000000e-02,-5.08717883e+04,-5.37729321e+05,-1.37745458e+06
-4.40000000e-02,7.20000000e-02,-4.84914470e+04,-6.51297312e+05,-1.33143695e+06
-4.00000000e-02,7.20000000e-02,-4.56614098e+04,-7.61291623e+05,-1.26721850e+06
-3.60000000e-02,7.20000000e-02,-4.24011140e+04,-8.65299933e+05,-1.18593429e+06
-3.20000000e-02,7.20000000e-02,-3.87390104e+04,-9.61282090e+05,-1.08922956e+06
-2.80000000e-02,7.20000000e-02,-3.47108572e+04,-1.04764875e+06,-9.79087428e+05
-2.40000000e-02,7.20000000e-02,-3.03578204e+04,-1.12327958e+06,-8.57649319e+05
-2.00000000e-02,7.20000000e-02,-2.57246206e+04,-1.18748704e+06,-7.27054553e+05
-1.60000000e-02,7.20000000e-02,-2.08579240e+04,-1.23993971e+06,-5.89317856e+05
-1.20000000e-02,7.20000000e-02,-1.58051029e+04,-1.28056252e+06,-4.46254408e+05
-8.00000000e-03,7.20000000e-02,-1.06134238e+04,-1.30943154e+06,-2.99453420e+05
-4.00000000e-03,7.20000000e-02,-5.32965064e+03,-1.32667798e+06,-1.50294843e+05
0.00000000e+00,7.20000000e-02,0.00000000e+00,-1.33241266e+06,-0.00000000e+00
4.00000000e-03,7.20000000e-02,5.32965064e+03,-1.32667798e+06,1.50294843e+05
8.00000000e-03,7.20000000e-02,1.06134238e+04,-1.30943154e+06,2.99453420e+05
1.20000000e-02,7.20000000e-02,1.58051029e+04,-1.28056252e+06,4.46254408e+05
1.60000000e-02,7.20000000e-02,2.08579240e+04,-1.23993971e+06,5.89317856e+05
2.00000000e-02,7.20000000e-02,2.57246206e+04,-1.18748704e+06,7.27054553e+05
2.40000000e-02,7.20000000e-02,3.03578204e+04,-1.12327958e+06,8.57649319e+05
2.80000000e-02,7.20000000e-02,3.47108572e+04,-1.04764875e+06,9.79087428e+05
3.20000000e-02,7.20000000e-02,3.87390104e+04,-9.61282090e+05,1.08922956e+06
3.60000000e-02,7.20000000e-02,4.24011140e+04,-8.65299933e+05,1.18593429e+06
4.00000000e-02,7.20000000e-02,4.56614098e+04,-7.61291623e+05,1.26721850e+06
4.40000000e-02,7.20000000e-02,4.84914470e+04,-6.51297312e+05,1.33143695e+06
4.80000000e-02,7.20000000e-02,5.08717883e+04,-5.37729321e+05,1.37745458e+06
5.20000000e-02,7.20000000e-02,5.27932815e+04,-4.23237794e+05,1.40478274e+06
5.60000000e-02,7.20000000e-02,5.42576907e+04,-3.10536695e+05,1.41365388e+06
6.00000000e-02,7.20000000e-02,5.52775751e+04,-2.02214854e+05,1.40502015e+06
6.40000000e-02,7.20000000e-02,5.58754095e+04,-1.00560032e+05,1.38047546e+06
6.80000000e-02,7.20000000e-02,5.60820553e+04,-7.42078792e+03,1.34211508e+06
7.20000000e-02,7.20000000e-02,5.59347758e+04,7.58776116e+04,1.29235725e+06
7.60000000e-02,7.20000000e-02,5.54750344e+04,1.48558168e+05,1.23375503e+06
8.00000000e-02,7.20000000e-02,5.47463105e+04,2.10363560e+05,1.16882384e+06
8.40000000e-02,7.20000000e-02,5.37921260e+04,2.61487029e+05,1.09990268e+06
8.80000000e-02,7.20000000e-02,5.26544142e+04,3.02479115e+05,1.02905780e+06
9.20000000e-02,7.20000000e-02,5.13722930e+04,3.34146104e+05,9.58029264e+05
9.60000000e-02,7.20000000e-02,4.99812454e+04,3.57452909e+05,8.88214644e+05
1.00000000e-01,7.20000000e-02,4.85126698e+04,3.73438822e+05,8.20681239e+05
1.04000000e-01,7.20000000e-02,4.69937348e+04,3.83150366e+05,7.56197158e+05
1.08000000e-01,7.20000000e-02,4.54474668e+04,3.87592102e+05,6.95272808e+05
1.12000000e-01,7.20000000e-02,4.38929980e+04,3.87693966e+05,6.38206022e+05
1.16000000e-01,7.20000000e-02,4.23459151e+04,3.84292458e+05,5.85126075e+05
1.20000000e-01,7.20000000e-02,4.08186584e+04,3.78122588e+05,5.36033696e+05
1.24000000e-01,7.20000000e-02,3.93209344e+04,3.69817595e+05,4.90835583e+05
1.28000000e-01,7.20000000e-02,3.78601176e+04,3.59913852e+05,4.49372992e+05
1.32000000e-01,7.20000000e-02,3.64416236e+04,3.48858879e+05,4.11444597e+05
1.36000000e-01,7.20000000e-02,3.50692466e+04,3.37020943e+05,3.76824224e+05
1.40000000e-01,7.20000000e-02,3.37454560e+04,3.24699125e+05,3.45274191e+05
1.44000000e-01,7.20000000e-02,3.24716536e+04,3.12133161e+05,3.16555035e+05
1.48000000e-01,7.20000000e-02,3.12483908e+04,2.99512608e+05,2.90432353e+05
1.52000000e-01,7.20000000e-02,3.00755527e+04,2.86985104e+05,2.66681403e+05
1.56000000e-01,7.20000000e-02,2.89525099e+04,2.74663647e+05,2.45089990e+05
1.60000000e-01,7.20000000e-02,2.78782435e+04,2.62632877e+05,2.25460098e+05
1.64000000e-01,7.20000000e-02,2.68514469e+04,2.50954418e+05,2.07608594e+05
1.68000000e-01,7.20000000e-02,2.58706082e+04,2.39671382e+05,1.91367289e+05
1.72000000e-01,7.20000000e-02,2.49340759e+04,2.28812116e+05,1.76582561e+05
1.76000000e-01,7.20000000e-02,2.40401112e+04,2.18393294e+05,1.63114688e+05
1.80000000e-01,7.20000000e-02,2.31869295e+04,2.08422456e+05,1.50837005e+05
1.84000000e-01,7.20000000e-02,2.23727316e+04,1.98900080e+05,1.39634983e+05
1.88000000e-01,7.20000000e-02,2.15957289e+04,1.89821252e+05,1.29405258e+05
1.92000000e-01,7.20000000e-02,2.08541616e+04,1.81177022e+05,1.20054677e+05
1.96000000e-01,7.20000000e-02,2.01463127e+04,1.72955478e+05,1.11499372e+05
2.00000000e-01,7.20000000e-02,1.94705178e+04,nan,nan
-2.00000000e-01,7.60000000e-02,-1.90521633e+04,nan,nan
-1.96000000e-01,7.60000000e-02,-1.96966843e+04,1.64783342e+05,-1.13083135e+05
-1.92000000e-01,7.60000000e-02,-2.03704300e+04,1.72261330e+05,-1.21557837e+05
-1.88000000e-01,7.60000000e-02,-2.10747749e+04,1.80085590e+05,-1.30795021e+05
-1.84000000e-01,7.60000000e-02,-2.18111148e+04,1.88259858e+05,-1.40871380e+05
-1.80000000e-01,7.60000000e-02,-2.25808538e+04,1.96784146e+05,-1.51871462e+05
-1.76000000e-01,7.60000000e-02,-2.33853879e+04,2.05653643e+05,-1.63888321e+05
-1.72000000e-01,7.60000000e-02,-2.42260829e+04,2.14857381e+05,-1.77024151e+05
-1.68000000e-01,7.60000000e-02,-2.51042470e+04,2.24376601e+05,-1.91390875e+05
-1.64000000e-01,7.60000000e-02,-2.60210957e+04,2.34182784e+05,-2.07110637e+05
-1.60000000e-01,7.60000000e-02,-2.69777092e+04,2.44235288e+05,-2.24316144e+05
-1.56000000e-01,7.60000000e-02,-2.79749780e+04,2.54478521e+05,-2.43150759e+05
-1.52000000e-01,7.60000000e-02,-2.90135374e+04,2.64838600e+05,-2.63768260e+05
-1.48000000e-01,7.60000000e-02,-3.00936868e+04,2.75219427e+05,-2.86332086e+05
-1.44000000e-01,7.60000000e-02,-3.12152928e+04,2.85498149e+05,-3.11013920e+05
-1.40000000e-01,7.60000000e-02,-3.23776720e+04,2.95519968e+05,-3.37991346e+05
-1.36000000e-01,7.60000000e-02,-3.35794526e+04,3.05092312e+05,-3.67444309e+05
-1.32000000e-01,7.60000000e-02,-3.48184105e+04,3.13978455e+05,-3.99550020e+05
-1.28000000e-01,7.60000000e-02,-3.60912802e+04,3.21890729e+05,-4.34475907e+05
-1.24000000e-01,7.60000000e-02,-3.73935364e+04,3.28483639e+05,-4.72370148e+05
-1.20000000e-01,7.60000000e-02,-3.87191493e+04,3.33347326e+05,-5.13349322e+05
-1.16000000e-01,7.60000000e-02,-4.00603150e+04,3.36002070e+05,-5.57482698e+05
-1.12000000e-01,7.60000000e-02,-4.14071659e+04,3.35894774e+05,-6.04772836e+05
-1.08000000e-01,7.60000000e-02,-4.27474732e+04,3.32398701e+05,-6.55132311e+05
-1.04000000e-01,7.60000000e-02,-4.40663555e+04,3.24818000e+05,-7.08356811e+05
-1.00000000e-01,7.60000000e-02,-4.53460172e+04,3.12398863e+05,-7.64095381e+05
-9.60000000e-02,7.60000000e-02,-4.65655464e+04,2.94349228e+05,-8.21819390e+05
-9.20000000e-02,7.60000000e-02,-4.77008110e+04,2.69868809e+05,-8.80792840e+05
-8.80000000e-02,7.60000000e-02,-4.87244969e+04,2.38190669e+05,-9.40047741e+05
-8.40000000e-02,7.60000000e-02,-4.96063364e+04,1.98634447e+05,-9.98369479e+05
-8.00000000e-02,7.60000000e-02,-5.03135724e+04,1.50669631e+05,-1.05429784e+06
-7.60000000e-02,7.60000000e-02,-5.08116934e+04,9.39849650e+04,-1.10614953e+06
-7.20000000e-02,7.60000000e-02,-5.10654522e+04,2.85575447e+04,-1.15206681e+06
-6.80000000e-02,7.60000000e-02,-5.10401538e+04,-4.52872406e+04,-1.19009459e+06
-6.40000000e-02,7.60000000e-02,-5.07031542e+04,-1.26835080e+05,-1.21828374e+06
-6.00000000e-02,7.60000000e-02,-5.00254731e+04,-2.14971256e+05,-1.23481374e+06
-5.60000000e-02,7.60000000e-02,-4.89833842e+04,-3.08205454e+05,-1.23812200e+06
-5.20000000e-02,7.60000000e-02,-4.75598295e+04,-4.04735108e+05,-1.22702368e+06
-4.80000000e-02,7.60000000e-02,-4.57455033e+04,-5.02543062e+05,-1.20080473e+06
-4.40000000e-02,7.60000000e-02,-4.35394850e+04,-5.99518816e+05,-1.15927354e+06
-4.00000000e-02,7.60000000e-02,-4.09493528e+04,-6.93587806e+05,-1.10276311e+06
-3.60000000e-02,7.60000000e-02,-3.79907825e+04,-7.82831361e+05,-1.03208396e+06
-3.20000000e-02,7.60000000e-02,-3.46867019e+04,-8.65581868e+05,-9.48436575e+05
-2.80000000e-02,7.60000000e-02,-3.10661276e+04,-9.40482630e+05,-8.53298458e+05
-2.40000000e-02,7.60000000e-02,-2.71628409e+04,-1.00650855e+06,-7.48303775e+05
-2.00000000e-02,7.60000000e-02,-2.30140592e+04,-1.06295041e+06,-6.35132336e+05
-1.60000000e-02,7.60000000e-02,-1.86592376e+04,-1.10937056e+06,-5.15420969e+05
-1.20000000e-02,7.60000000e-02,-1.41390947e+04,-1.14554099e+06,-3.90704847e+05
-8.00000000e-03,7.60000000e-02,-9.49490966e+03,-1.17137511e+06,-2.62390924e+05
-4.00000000e-03,7.60000000e-02,-4.76809380e+03,-1.18686371e+06,-1.31761156e+05
0.00000000e+00,7.60000000e-02,0.00000000e+00,-1.19202345e+06,-0.00000000e+00
4.00000000e-03,7.60000000e-02,4.76809380e+03,-1.18686371e+06,1.31761156e+05
8.00000000e-03,7.60000000e-02,9.49490966e+03,-1.17137511e+06,2.62390924e+05
1.20000000e-02,7.60000000e-02,1.41390947e+04,-1.14554099e+06,3.90704847e+05
1.60000000e-02,7.60000000e-02,1.86592376e+04,-1.10937056e+06,5.15420969e+05
2.00000000e-02,7.60000000e-02,2.30140592e+04,-1.06295041e+06,6.35132336e+05
2.40000000e-02,7.60000000e-02,2.71628409e+04,-1.00650855e+06,7.48303775e+05
2.80000000e-02,7.60000000e-02,3.10661276e+04,-9.40482630e+05,8.53298458e+05
3.20000000e-02,7.60000000e-02,3.46867019e+04,-8.65581868e+05,9.48436575e+05
3.60000000e-02,7.60000000e-02,3.79907825e+04,-7.82831361e+05,1.03208396e+06
4.00000000e-02,7.60000000e-02,4.09493528e+04,-6.93587806e+05,1.10276311e+06
4.40000000e-02,7.60000000e-02,4.35394850e+04,-5.99518816e+05,1.15927354e+06
4.80000000e-02,7.60000000e-02,4.57455033e+04,-5.02543062e+05,1.20080473e+06
5.20000000e-02,7.60000000e-02,4.75598295e+04,-4.04735108e+05,1.22702368e+06
5.60000000e-02,7.60000000e-02,4.89833842e+04,-3.08205454e+05,1.23812200e+06
6.00000000e-02,7.60000000e-02,5.00254731e+04,-2.14971256e+05,1.23481374e+06
6.40000000e-02,7.60000000e-02,5.07031542e+04,-1.26835080e+05,1.21828374e+06
6.80000000e-02,7.60000000e-02,5.10401538e+04,-4.52872406e+04,1.19009459e+06
7.20000000e-02,7.60000000e-02,5.10654522e+04,2.85575447e+04,1.15206681e+06
7.60000000e-02,7.60000000e-02,5.08116934e+04,9.39849650e+04,1.10614953e+06
8.00000000e-02,7.60000000e-02,5.03135724e+04,1.50669631e+05,1.05429784e+06
8.40000000e-02,7.60000000e-02,4.96063364e+04,1.98634447e+05,9.98369479e+05
8.80000000e-02,7.60000000e-02,4.87244969e+04,2.38190669e+05,9.40047741e+05
9.20000000e-02,7.60000000e-02,4.77008110e+04,2.69868809e+05,8.80792840e+05
9.60000000e-02,7.60000000e-02,4.65655464e+04,2.94349228e+05,8.21819390e+05
1.00000000e-01,7.60000000e-02,4.53460172e+04,3.12398863e+05,7.64095381e+05
1.04000000e-01,7.60000000e-02,4.40663555e+04,3.24818000e+05,7.08356811e+05
1.08000000e-01,7.60000000e-02,4.27474732e+04,3.32398701e+05,6.55132311e+05
1.12000000e-01,7.60000000e-02,4.14071659e+04,3.35894774e+05,6.04772836e+05
1.16000000e-01,7.60000000e-02,4.00603150e+04,3.36002070e+05,5.57482698e+05
1.20000000e-01,7.60000000e-02,3.87191493e+04,3.33347326e+05,5.13349322e+05
1.24000000e-01,7.60000000e-02,3.73935364e+04,3.28483639e+05,4.72370148e+05
1.28000000e-01,7.60000000e-02,3.60912802e+04,3.21890729e+05,4.34475907e+05
1.32000000e-01,7.60000000e-02,3.48184105e+04,3.13978455e+05,3.99550020e+05
1.36000000e-01,7.60000000e-02,3.35794526e+04,3.05092312e+05,3.67444309e+05
1.40000000e-01,7.60000000e-02,3.23776720e+04,2.95519968e+05,3.37991346e+05
1.44000000e-01,7.60000000e-02,3.12152928e+04,2.85498149e+05,3.11013920e+05
1.48000000e-01,7.60000000e-02,3.00936868e+04,2.75219427e+05,2.86332086e+05
1.52000000e-01,7.60000000e-02,2.90135374e+04,2.64838600e+05,2.63768260e+05
1.56000000e-01,7.60000000e-02,2.79749780e+04,2.54478521e+05,2.43150759e+05
1.60000000e-01,7.60000000e-02,2.69777092e+04,2.44235288e+05,2.24316144e+05
1.64000000e-01,7.60000000e-02,2.60210957e+04,2.34182784e+05,2.07110637e+05
1.68000000e-01,7.60000000e-02,2.51042470e+04,2.24376601e+05,1.91390875e+05
1.72000000e-01,7.60000000e-02,2.42260829e+04,2.14857381e+05,1.77024151e+05
1.76000000e-01,7.60000000e-02,2.33853879e+04,2.05653643e+05,1.63888321e+05
1.80000000e-01,7.60000000e-02,2.25808538e+04,1.96784146e+05,1.51871462e+05
1.84000000e-01,7.60000000e-02,2.18111148e+04,1.88259858e+05,1.40871380e+05
1.88000000e-01,7.60000000e-02,2.10747749e+04,1.80085590e+05,1.30795021e+05
1.92000000e-01,7.60000000e-02,2.03704300e+04,1.72261330e+05,1.21557837e+05
1.96000000e-01,7.60000000e-02,1.96966843e+04,1.64783342e+05,1.13083135e+05
2.00000000e-01,7.60000000e-02,1.90521633e+04,nan,nan
-2.00000000e-01,8.00000000e-02,-1.86281063e+04,nan,nan
-1.96000000e-01,8.00000000e-02,-1.92416476e+04,1.56699073e+05,-1.14216843e+05
-1.92000000e-01,8.00000000e-02,-1.98816989e+04,1.63465136e+05,-1.22570383e+05
-1.88000000e-01,8.00000000e-02,-2.05493687e+04,1.70507709e+05,-1.31650337e+05
-1.84000000e-01,8.00000000e-02,-2.12457606e+04,1.77823638e+05,-1.41526170e+05
-1.80000000e-01,8.00000000e-02,-2.19719578e+04,1.85405515e+05,-1.52273858e+05
-1.76000000e-01,8.00000000e-02,-2.27290047e+04,1.93240605e+05,-1.63976304e+05
-1.72000000e-01,8.00000000e-02,-2.35178827e+04,2.01309562e+05,-1.76723699e+05
-1.68000000e-01,8.00000000e-02,-2.43394812e+04,2.09584896e+05,-1.90613798e+05
-1.64000000e-01,8.00000000e-02,-2.51945618e+04,2.18029149e+05,-2.05752060e+05
-1.60000000e-01,8.00000000e-02,-2.60837144e+04,2.26592755e+05,-2.22251597e+05
-1.56000000e-01,8.00000000e-02,-2.70073039e+04,2.35211531e+05,-2.40232839e+05
-1.52000000e-01,8.00000000e-02,-2.79654066e+04,2.43803777e+05,-2.59822831e+05
-1.48000000e-01,8.00000000e-02,-2.89577341e+04,2.52266947e+05,-2.81154015e+05
-1.44000000e-01,8.00000000e-02,-2.99835422e+04,2.60473901e+05,-3.04362352e+05
-1.40000000e-01,8.00000000e-02,-3.10415253e+04,2.68268736e+05,-3.29584577e+05
-1.36000000e-01,8.00000000e-02,-3.21296921e+04,2.75462268e+05,-3.56954378e+05
-1.32000000e-01,8.00000000e-02,-3.32452234e+04,2.81827281e+05,-3.86597209e+05
-1.28000000e-01,8.00000000e-02,-3.43843103e+04,2.87093723e+05,-4.18623472e+05
-1.24000000e-01,8.00000000e-02,-3.55419732e+04,2.90944181e+05,-4.53119753e+05
-1.20000000e-01,8.00000000e-02,-3.67118638e+04,2.93010038e+05,-4.90137827e+05
-1.16000000e-01,8.00000000e-02,-3.78860535e+04,2.92868943e+05,-5.29681201e+05
-1.12000000e-01,8.00000000e-02,-3.90548153e+04,2.90044353e+05,-5.71689109e+05
-1.08000000e-01,8.00000000e-02,-4.02064083e+04,2.84008127e+05,-6.16018038e+05
-1.04000000e-01,8.00000000e-02,-4.13268803e+04,2.74187296e+05,-6.62421242e+05
-1.00000000e-01,8.00000000e-02,-4.23999067e+04,2.59976244e+05,-7.10527122e+05
-9.60000000e-02,8.00000000e-02,-4.34066903e+04,2.40755450e+05,-7.59817926e+05
-9.20000000e-02,8.00000000e-02,-4.43259503e+04,2.15917753e+05,-8.09610934e+05
-8.80000000e-02,8.00000000e-02,-4.51340323e+04,1.84902476e+05,-8.59044954e+05
-8.40000000e-02,8.00000000e-02,-4.58051701e+04,1.47236927e+05,-9.07075581e+05
-8.00000000e-02,8.00000000e-02,-4.63119277e+04,1.02583511e+05,-9.52482918e+05
-7.60000000e-02,8.00000000e-02,-4.66258382e+04,5.07891983e+04,-9.93895196e+05
-7.20000000e-02,8.00000000e-02,-4.67182413e+04,-8.06744887e+03,-1.02983069e+06
-6.80000000e-02,8.00000000e-02,-4.65612986e+04,-7.36377154e+04,-1.05875835e+06
-6.40000000e-02,8.00000000e-02,-4.61291396e+04,-1.45279185e+05,-1.07917494e+06
-6.00000000e-02,8.00000000e-02,-4.53990651e+04,-2.22053112e+05,-1.08969292e+06
-5.60000000e-02,8.00000000e-02,-4.43527147e+04,-3.02746634e+05,-1.08913086e+06
-5.20000000e-02,8.00000000e-02,-4.29770921e+04,-3.85920523e+05,-1.07659547e+06
-4.80000000e-02,8.00000000e-02,-4.12653505e+04,-4.69979177e+05,-1.05154475e+06
-4.40000000e-02,8.00000000e-02,-3.92172587e+04,-5.53255693e+05,-1.01382328e+06
-4.00000000e-02,8.00000000e-02,-3.68393050e+04,-6.34102051e+05,-9.63664744e+05
-3.60000000e-02,8.00000000e-02,-3.41444422e+04,-7.10973398e+05,-9.01662080e+05
-3.20000000e-02,8.00000000e-02,-3.11515178e+04,-7.82496583e+05,-8.28710357e+05
-2.80000000e-02,8.00000000e-02,-2.78844696e+04,-8.47515951e+05,-7.45931873e+05
-2.40000000e-02,8.00000000e-02,-2.43713902e+04,-9.05113455e+05,-6.54594561e+05
-2.00000000e-02,8.00000000e-02,-2.06435619e+04,-9.54604236e+05,-5.56034679e+05
-1.60000000e-02,8.00000000e-02,-1.67345563e+04,-9.95512222e+05,-4.51592653e+05
-1.20000000e-02,8.00000000e-02,-1.26794642e+04,-1.02753248e+06,-3.42567739e+05
-8.00000000e-03,8.00000000e-02,-8.51429646e+03,-1.05048785e+06,-2.30193783e+05
-4.00000000e-03,8.00000000e-02,-4.27556139e+03,-1.06428706e+06,-1.15635208e+05
0.00000000e+00,8.00000000e-02,0.00000000e+00,-1.06889035e+06,-0.00000000e+00
4.00000000e-03,8.00000000e-02,4.27556139e+03,-1.06428706e+06,1.15635208e+05
8.00000000e-03,8.00000000e-02,8.51429646e+03,-1.05048785e+06,2.30193783e+05
1.20000000e-02,8.00000000e-02,1.26794642e+04,-1.02753248e+06,3.42567739e+05
1.60000000e-02,8.00000000e-02,1.67345563e+04,-9.95512222e+05,4.51592653e+05
2.00000000e-02,8.00000000e-02,2.06435619e+04,-9.54604236e+05,5.56034679e+05
2.40000000e-02,8.00000000e-02,2.43713902e+04,-9.05113455e+05,6.54594561e+05
2.80000000e-02,8.00000000e-02,2.78844696e+04,-8.47515951e+05,7.45931873e+05
3.20000000e-02,8.00000000e-02,3.11515178e+04,-7.82496583e+05,8.28710357e+05
3.60000000e-02,8.00000000e-02,3.41444422e+04,-7.10973398e+05,9.01662080e+05
4.00000000e-02,8.00000000e-02,3.68393050e+04,-6.34102051e+05,9.63664744e+05
4.40000000e-02,8.00000000e-02,3.92172587e+04,-5.53255693e+05,1.01382328e+06
4.80000000e-02,8.00000000e-02,4.12653505e+04,-4.69979177e+05,1.05154475e+06
5.20000000e-02,8.00000000e-02,4.29770921e+04,-3.85920523e+05,1.07659547e+06
5.60000000e-02,8.00000000e-02,4.43527147e+04,-3.02746634e+05,1.08913086e+06
6.00000000e-02,8.00000000e-02,4.53990651e+04,-2.22053112e+05,1.08969292e+06
6.40000000e-02,8.00000000e-02,4.61291396e+04,-1.45279185e+05,1.07917494e+06
6.80000000e-02,8.00000000e-02,4.65612986e+04,-7.36377154e+04,1.05875835e+06
7.20000000e-02,8.00000000e-02,4.67182413e+04,-8.06744887e+03,1.02983069e+06
7.60000000e-02,8.00000000e-02,4.66258382e+04,5.07891983e+04,9.93895196e+05
8.00000000e-02,8.00000000e-02,4.63119277e+04,1.02583511e+05,9.52482918e+05
8.40000000e-02,8.00000000e-02,4.58051701e+04,1.47236927e+05,9.07075581e+05
8.80000000e-02,8.00000000e-02,4.51340323e+04,1.84902476e+05,8.59044954e+05
9.20000000e-02,8.00000000e-02,4.43259503e+04,2.15917753e+05,8.09610934e+05
9.60000000e-02,8.00000000e-02,4.34066903e+04,2.40755450e+05,7.59817926e+05
1.00000000e-01,8.00000000e-02,4.23999067e+04,2.59976244e+05,7.10527122e+05
1.04000000e-01,8.00000000e-02,4.13268803e+04,2.74187296e+05,6.62421242e+05
1.08000000e-01,8.00000000e-02,4.02064083e+04,2.84008127e+05,6.16018038e+05
1.12000000e-01,8.00000000e-02,3.90548153e+04,2.90044353e+05,5.71689109e+05
1.16000000e-01,8.00000000e-02,3.78860535e+04,2.92868943e+05,5.29681201e+05
1.20000000e-01,8.00000000e-02,3.67118638e+04,2.93010038e+05,4.90137827e+05
1.24000000e-01,8.00000000e-02,3.55419732e+04,2.90944181e+05,4.53119753e+05
1.28000000e-01,8.00000000e-02,3.43843103e+04,2.87093723e+05,4.18623472e+05
1.32000000e-01,8.00000000e-02,3.32452234e+04,2.81827281e+05,3.86597209e+05
1.36000000e-01,8.00000000e-02,3.21296921e+04,2.75462268e+05,3.56954378e+05
1.40000000e-01,8.00000000e-02,3.10415253e+04,2.68268736e+05,3.29584577e+05
1.44000000e-01,8.00000000e-02,2.99835422e+04,2.60473901e+05,3.04362352e+05
1.48000000e-01,8.00000000e-02,2.89577341e+04,2.52266947e+05,2.81154015e+05
1.52000000e-01,8.00000000e-02,2.79654066e+04,2.43803777e+05,2.59822831e+05
1.56000000e-01,8.00000000e-02,2.70073039e+04,2.35211531e+05,2.40232839e+05
1.60000000e-01,8.00000000e-02,2.60837144e+04,2.26592755e+05,2.22251597e+05
1.64000000e-01,8.00000000e-02,2.51945618e+04,2.18029149e+05,2.05752060e+05
1.68000000e-01,8.00000000e-02,2.43394812e+04,2.09584896e+05,1.90613798e+05
1.72000000e-01,8.00000000e-02,2.35178827e+04,2.01309562e+05,1.76723699e+05
1.76000000e-01,8.00000000e-02,2.27290047e+04,1.93240605e+05,1.63976304e+05
1.80000000e-01,8.00000000e-02,2.19719578e+04,1.85405515e+05,1.52273858e+05
1.84000000e-01,8.00000000e-02,2.12457606e+04,1.77823638e+05,1.41526170e+05
1.88000000e-01,8.00000000e-02,2.05493687e+04,1.70507709e+05,1.31650337e+05
1.92000000e-01,8.00000000e-02,1.98816989e+04,1.63465136e+05,1.22570383e+05
1.96000000e-01,8.00000000e-02,1.92416476e+04,1.56699073e+05,1.14216843e+05
2.00000000e-01,8.00000000e-02,1.86281063e+04,nan,nan
-2.00000000e-01,8.40000000e-02,-1.81999527e+04,nan,nan
-1.96000000e-01,8.40000000e-02,-1.87829496e+04,1.48739280e+05,-1.14928021e+05
-1.92000000e-01,8.40000000e-02,-1.93898670e+04,1.54827835e+05,-1.23124944e+05
-1.88000000e-01,8.40000000e-02,-2.00215722e+04,1.61129803e+05,-1.32009827e+05
-1.84000000e-01,8.40000000e-02,-2.06789054e+04,1.67636337e+05,-1.41644999e+05
-1.80000000e-01,8.40000000e-02,-2.13626629e+04,1.74334011e+05,-1.52098062e+05
-1.76000000e-01,8.40000000e-02,-2.20735775e+04,1.81203802e+05,-1.63442108e+05
-1.72000000e-01,8.40000000e-02,-2.28122933e+04,1.88219887e+05,-1.75755858e+05
-1.68000000e-01,8.40000000e-02,-2.35793366e+04,1.95348239e+05,-1.89123684e+05
-1.64000000e-01,8.40000000e-02,-2.43750793e+04,2.02544985e+05,-2.03635475e+05
-1.60000000e-01,8.40000000e-02,-2.51996965e+04,2.09754510e+05,-2.19386293e+05
-1.56000000e-01,8.40000000e-02,-2.60531153e+04,2.16907288e+05,-2.36475723e+05
-1.52000000e-01,8.40000000e-02,-2.69349548e+04,2.23917424e+05,-2.55006861e+05
-1.48000000e-01,8.40000000e-02,-2.78444547e+04,2.30679906e+05,-2.75084800e+05
-1.44000000e-01,8.40000000e-02,-2.87803940e+04,2.37067586e+05,-2.96814502e+05
-1.40000000e-01,8.40000000e-02,-2.97409954e+04,2.42927941e+05,-3.20297889e+05
-1.36000000e-01,8.40000000e-02,-3.07238175e+04,2.48079681e+05,-3.45629994e+05
-1.32000000e-01,8.40000000e-02,-3.17256329e+04,2.52309362e+05,-3.72893975e+05
-1.28000000e-01,8.40000000e-02,-3.27422924e+04,2.55368185e+05,-4.02154787e+05
-1.24000000e-01,8.40000000e-02,-3.37685783e+04,2.56969285e+05,-4.33451356e+05
-1.20000000e-01,8.40000000e-02,-3.47980467e+04,2.56785878e+05,-4.66787077e+05
-1.16000000e-01,8.40000000e-02,-3.58228654e+04,2.54450787e+05,-5.02118589e+05
-1.12000000e-01,8.40000000e-02,-3.68336530e+04,2.49557938e+05,-5.39342857e+05
-1.08000000e-01,8.40000000e-02,-3.78193289e+04,2.41666568e+05,-5.78282832e+05
-1.04000000e-01,8.40000000e-02,-3.87669856e+04,2.30308916e+05,-6.18672172e+05
-1.00000000e-01,8.40000000e-02,-3.96618002e+04,2.15002179e+05,-6.60139886e+05
-9.60000000e-02,8.40000000e-02,-4.04870030e+04,1.95265416e+05,-7.02196152e+05
-9.20000000e-02,8.40000000e-02,-4.12239235e+04,1.70641782e+05,-7.44220999e+05
-8.80000000e-02,8.40000000e-02,-4.18521372e+04,1.40726022e+05,-7.85457943e+05
-8.40000000e-02,8.40000000e-02,-4.23497317e+04,1.05196483e+05,-8.25014930e+05
-8.00000000e-02,8.40000000e-02,-4.26937091e+04,6.38500154e+04,-8.61874949e+05
-7.60000000e-02,8.40000000e-02,-4.28605318e+04,1.66371966e+04,-8.94918293e+05
-7.20000000e-02,8.40000000e-02,-4.28268067e+04,-3.63056137e+04,-9.22957555e+05
-6.80000000e-02,8.40000000e-02,-4.25700869e+04,-9.46314922e+04,-9.44785039e+05
-6.40000000e-02,8.40000000e-02,-4.20697547e+04,-1.57769649e+05,-9.59230437e+05
-6.00000000e-02,8.40000000e-02,-4.13079297e+04,-2.24927178e+05,-9.65224631e+05
-5.60000000e-02,8.40000000e-02,-4.02703373e+04,-2.95108001e+05,-9.61863716e+05
-5.20000000e-02,8.40000000e-02,-3.89470657e+04,-3.67149001e+05,-9.48466341e+05
-4.80000000e-02,8.40000000e-02,-3.73331453e+04,-4.39770867e+05,-9.24617500e+05
-4.40000000e-02,8.40000000e-02,-3.54288988e+04,-5.11638807e+05,-8.90193307e+05
-4.00000000e-02,8.40000000e-02,-3.32400349e+04,-5.81426610e+05,-8.45363744e+05
-3.60000000e-02,8.40000000e-02,-3.07774859e+04,-6.47876974e+05,-7.90573565e+05
-3.20000000e-02,8.40000000e-02,-2.80570191e+04,-7.09851662e+05,-7.26504693e+05
-2.80000000e-02,8.40000000e-02,-2.50986726e+04,-7.66366833e+05,-6.54025900e+05
-2.40000000e-02,8.40000000e-02,-2.19260844e+04,-8.16611359e+05,-5.74136935e+05
-2.00000000e-02,8.40000000e-02,-1.85657817e+04,-8.59948501e+05,-4.87914234e+05
-1.60000000e-02,8.40000000e-02,-1.50464964e+04,-8.95903620e+05,-3.96464265e+05
-1.20000000e-02,8.40000000e-02,-1.13985528e+04,-9.24142124e+05,-3.00888642e+05
-8.00000000e-03,8.40000000e-02,-7.65335940e+03,-9.44442579e+05,-2.02262966e+05
-4.00000000e-03,8.40000000e-02,-3.84301214e+03,-9.56669924e+05,-1.01629251e+05
0.00000000e+00,8.40000000e-02,0.00000000e+00,-9.60753035e+05,-0.00000000e+00
4.00000000e-03,8.40000000e-02,3.84301214e+03,-9.56669924e+05,1.01629251e+05
8.00000000e-03,8.40000000e-02,7.65335940e+03,-9.44442579e+05,2.02262966e+05
1.20000000e-02,8.40000000e-02,1.13985528e+04,-9.24142124e+05,3.00888642e+05
1.60000000e-02,8.40000000e-02,1.50464964e+04,-8.95903620e+05,3.96464265e+05
2.00000000e-02,8.40000000e-02,1.85657817e+04,-8.59948501e+05,4.87914234e+05
2.40000000e-02,8.40000000e-02,2.19260844e+04,-8.16611359e+05,5.74136935e+05
2.80000000e-02,8.40000000e-02,2.50986726e+04,-7.66366833e+05,6.54025900e+05
3.20000000e-02,8.40000000e-02,2.80570191e+04,-7.09851662e+05,7.26504693e+05
3.60000000e-02,8.40000000e-02,3.07774859e+04,-6.47876974e+05,7.90573565e+05
4.00000000e-02,8.40000000e-02,3.32400349e+04,-5.81426610e+05,8.45363744e+05
4.40000000e-02,8.40000000e-02,3.54288988e+04,-5.11638807e+05,8.90193307e+05
4.80000000e-02,8.40000000e-02,3.73331453e+04,-4.39770867e+05,9.24617500e+05
5.20000000e-02,8.40000000e-02,3.89470657e+04,-3.67149001e+05,9.48466341e+05
5.60000000e-02,8.40000000e-02,4.02703373e+04,-2.95108001e+05,9.61863716e+05
6.00000000e-02,8.40000000e-02,4.13079297e+04,-2.24927178e+05,9.65224631e+05
6.40000000e-02,8.40000000e-02,4.20697547e+04,-1.57769649e+05,9.59230437e+05
6.80000000e-02,8.40000000e-02,4.25700869e+04,-9.46314922e+04,9.44785039e+05
7.20000000e-02,8.40000000e-02,4.28268067e+04,-3.63056137e+04,9.22957555e+05
7.60000000e-02,8.40000000e-02,4.28605318e+04,1.66371966e+04,8.94918293e+05
8.00000000e-02,8.40000000e-02,4.26937091e+04,6.38500154e+04,8.61874949e+05
8.40000000e-02,8.40000000e-02,4.23497317e+04,1.05196483e+05,8.25014930e+05
8.80000000e-02,8.40000000e-02,4.18521372e+04,1.40726022e+05,7.85457943e+05
9.20000000e-02,8.40000000e-02,4.12239235e+04,1.70641782e+05,7.44220999e+05
9.60000000e-02,8.40000000e-02,4.04870030e+04,1.95265416e+05,7.02196152e+05
1.00000000e-01,8.40000000e-02,3.96618002e+04,2.15002179e+05,6.60139886e+05
1.04000000e-01,8.40000000e-02,3.87669856e+04,2.30308916e+05,6.18672172e+05
1.08000000e-01,8.40000000e-02,3.78193289e+04,2.41666568e+05,5.78282832e+05
1.12000000e-01,8.40000000e-02,3.68336530e+04,2.49557938e+05,5.39342857e+05
1.16000000e-01,8.40000000e-02,3.58228654e+04,2.54450787e+05,5.02118589e+05
1.20000000e-01,8.40000000e-02,3.47980467e+04,2.56785878e+05,4.66787077e+05
1.24000000e-01,8.40000000e-02,3.37685783e+04,2.56969285e+05,4.33451356e+05
1.28000000e-01,8.40000000e-02,3.27422924e+04,2.55368185e+05,4.02154787e+05
1.32000000e-01,8.40000000e-02,3.17256329e+04,2.52309362e+05,3.72893975e+05
1.36000000e-01,8.40000000e-02,3.07238175e+04,2.48079681e+05,3.45629994e+05
1.40000000e-01,8.40000000e-02,2.97409954e+04,2.42927941e+05,3.20297889e+05
1.44000000e-01,8.40000000e-02,2.87803940e+04,2.37067586e+05,2.96814502e+05
1.48000000e-01,8.40000000e-02,2.78444547e+04,2.30679906e+05,2.75084800e+05
1.52000000e-01,8.40000000e-02,2.69349548e+04,2.23917424e+05,2.55006861e+05
1.56000000e-01,8.40000000e-02,2.60531153e+04,2.16907288e+05,2.36475723e+05
1.60000000e-01,8.40000000e-02,2.51996965e+04,2.09754510e+05,2.19386293e+05
1.64000000e-01,8.40000000e-02,2.43750793e+04,2.02544985e+05,2.03635475e+05
1.68000000e-01,8.40000000e-02,2.35793366e+04,1.95348239e+05,1.89123684e+05
1.72000000e-01,8.40000000e-02,2.28122933e+04,1.88219887e+05,1.75755858e+05
1.76000000e-01,8.40000000e-02,2.20735775e+04,1.81203802e+05,1.63442108e+05
1.80000000e-01,8.40000000e-02,2.13626629e+04,1.74334011e+05,1.52098062e+05
1.84000000e-01,8.40000000e-02,2.06789054e+04,1.67636337e+05,1.41644999e+05
1.88000000e-01,8.40000000e-02,2.00215722e+04,1.61129803e+05,1.32009827e+05
1.92000000e-01,8.40000000e-02,1.93898670e+04,1.54827835e+05,1.23124944e+05
1.96000000e-01,8.40000000e-02,1.87829496e+04,1.48739280e+05,1.14928021e+05
2.00000000e-01,8.40000000e-02,1.81999527e+04,nan,nan
-2.00000000e-01,8.80000000e-02,-1.77692124e+04,nan,nan
-1.96000000e-01,8.80000000e-02,-1.83222235e+04,1.40935867e+05,-1.15245607e+05
-1.92000000e-01,8.80000000e-02,-1.88966993e+04,1.46383329e+05,-1.23255449e+05
-1.88000000e-01,8.80000000e-02,-1.94932901e+04,1.51987654e+05,-1.31913220e+05
-1.84000000e-01,8.80000000e-02,-2.01126006e+04,1.57735404e+05,-1.41274321e+05
-1.80000000e-01,8.80000000e-02,-2.07551733e+04,1.63608406e+05,-1.51398307e+05
-1.76000000e-01,8.80000000e-02,-2.14214678e+04,1.69582809e+05,-1.62348941e+05
-1.72000000e-01,8.80000000e-02,-2.21118358e+04,1.75627987e+05,-1.74194150e+05
-1.68000000e-01,8.80000000e-02,-2.28264917e+04,1.81705279e+05,-1.87005858e+05
-1.64000000e-01,8.80000000e-02,-2.35654780e+04,1.87766540e+05,-2.00859644e+05
-1.60000000e-01,8.80000000e-02,-2.43286240e+04,1.93752508e+05,-2.15834181e+05
-1.56000000e-01,8.80000000e-02,-2.51154981e+04,1.99590963e+05,-2.32010389e+05
-1.52000000e-01,8.80000000e-02,-2.59253517e+04,2.05194700e+05,-2.49470215e+05
-1.48000000e-01,8.80000000e-02,-2.67570557e+04,2.10459306e+05,-2.68294973e+05
-1.44000000e-01,8.80000000e-02,-2.76090262e+04,2.15260813e+05,-2.88563120e+05
-1.40000000e-01,8.80000000e-02,-2.84791422e+04,2.19453243e+05,-3.10347353e+05
-1.36000000e-01,8.80000000e-02,-2.93646521e+04,2.22866182e+05,-3.33710916e+05
-1.32000000e-01,8.80000000e-02,-3.02620716e+04,2.25302489e+05,-3.58702975e+05
-1.28000000e-01,8.80000000e-02,-3.11670720e+04,2.26536342e+05,-3.85352947e+05
-1.24000000e-01,8.80000000e-02,-3.20743624e+04,2.26311890e+05,-4.13663681e+05
-1.20000000e-01,8.80000000e-02,-3.29775672e+04,2.24342805e+05,-4.43603453e+05
-1.16000000e-01,8.80000000e-02,-3.38691048e+04,2.20313164e+05,-4.75096783e+05
-1.12000000e-01,8.80000000e-02,-3.47400725e+04,2.13880110e+05,-5.08014228e+05
-1.08000000e-01,8.80000000e-02,-3.55801457e+04,2.04678811e+05,-5.42161451e+05
-1.04000000e-01,8.80000000e-02,-3.63775030e+04,1.92330242e+05,-5.77268057e+05
-1.00000000e-01,8.80000000e-02,-3.71187876e+04,1.76452263e+05,-6.12976955e+05
-9.60000000e-02,8.80000000e-02,-3.77891211e+04,1.56674337e+05,-6.48835270e+05
-9.20000000e-02,8.80000000e-02,-3.83721823e+04,1.32655962e+05,-6.84288090e+05
-8.80000000e-02,8.80000000e-02,-3.88503688e+04,1.04108545e+05,-7.18676536e+05
-8.40000000e-02,8.80000000e-02,-3.92050507e+04,7.08199210e+04,-7.51241764e+05
-8.00000000e-02,8.80000000e-02,-3.94169281e+04,3.26801480e+04,-7.81136335e+05
-7.60000000e-02,8.80000000e-02,-3.94664919e+04,-1.02934076e+04,-8.07444080e+05
-7.20000000e-02,8.80000000e-02,-3.93345809e+04,-5.79341943e+04,-8.29208814e+05
-6.80000000e-02,8.80000000e-02,-3.90030183e+04,-1.09910598e+05,-8.45471307e+05
-6.40000000e-02,8.80000000e-02,-3.84552961e+04,-1.65718778e+05,-8.55312683e+05
-6.00000000e-02,8.80000000e-02,-3.76772681e+04,-2.24686391e+05,-8.57901194e+05
-5.60000000e-02,8.80000000e-02,-3.66578050e+04,-2.85988344e+05,-8.52538284e+05
-5.20000000e-02,8.80000000e-02,-3.53893613e+04,-3.48674307e+05,-8.38699359e+05
-4.80000000e-02,8.80000000e-02,-3.38684105e+04,-4.11706143e+05,-8.16064828e+05
-4.40000000e-02,8.80000000e-02,-3.20957122e+04,-4.74001937e+05,-7.84537938e+05
-4.00000000e-02,8.80000000e-02,-3.00763950e+04,-5.34482309e+05,-7.44247534e+05
-3.60000000e-02,8.80000000e-02,-2.78198537e+04,-5.92114347e+05,-6.95535876e+05
-3.20000000e-02,8.80000000e-02,-2.53394802e+04,-6.45948918e+05,-6.38933605e+05
-2.80000000e-02,8.80000000e-02,-2.26522624e+04,-6.95148193e+05,-5.75125591e+05
-2.40000000e-02,8.80000000e-02,-1.97782947e+04,-7.39001789e+05,-5.04912237e+05
-2.00000000e-02,8.80000000e-02,-1.67402481e+04,-7.76931566e+05,-4.29170998e+05
-1.60000000e-02,8.80000000e-02,-1.35628422e+04,-8.08486629e+05,-3.48822201e+05
-1.20000000e-02,8.80000000e-02,-1.02723550e+04,-8.33331179e+05,-2.64802151e+05
-8.00000000e-03,8.80000000e-02,-6.89619273e+03,-8.51228457e+05,-1.78045083e+05
-4.00000000e-03,8.80000000e-02,-3.46252738e+03,-8.62024091e+05,-8.94740994e+04
0.00000000e+00,8.80000000e-02,0.00000000e+00,-8.65631845e+05,-0.00000000e+00
4.00000000e-03,8.80000000e-02,3.46252738e+03,-8.62024091e+05,8.94740994e+04
8.00000000e-03,8.80000000e-02,6.89619273e+03,-8.51228457e+05,1.78045083e+05
1.20000000e-02,8.80000000e-02,1.02723550e+04,-8.33331179e+05,2.64802151e+05
1.60000000e-02,8.80000000e-02,1.35628422e+04,-8.08486629e+05,3.48822201e+05
2.00000000e-02,8.80000000e-02,1.67402481e+04,-7.76931566e+05,4.29170998e+05
2.40000000e-02,8.80000000e-02,1.97782947e+04,-7.39001789e+05,5.04912237e+05
2.80000000e-02,8.80000000e-02,2.26522624e+04,-6.95148193e+05,5.75125591e+05
3.20000000e-02,8.80000000e-02,2.53394802e+04,-6.45948918e+05,6.38933605e+05
3.60000000e-02,8.80000000e-02,2.78198537e+04,-5.92114347e+05,6.95535876e+05
4.00000000e-02,8.80000000e-02,3.00763950e+04,-5.34482309e+05,7.44247534e+05
4.40000000e-02,8.80000000e-02,3.20957122e+04,-4.74001937e+05,7.84537938e+05
4.80000000e-02,8.80000000e-02,3.38684105e+04,-4.11706143e+05,8.16064828e+05
5.20000000e-02,8.80000000e-02,3.53893613e+04,-3.48674307e+05,8.38699359e+05
5.60000000e-02,8.80000000e-02,3.66578050e+04,-2.85988344e+05,8.52538284e+05
6.00000000e-02,8.80000000e-02,3.76772681e+04,-2.24686391e+05,8.57901194e+05
6.40000000e-02,8.80000000e-02,3.84552961e+04,-1.65718778e+05,8.55312683e+05
6.80000000e-02,8.80000000e-02,3.90030183e+04,-1.09910598e+05,8.45471307e+05
7.20000000e-02,8.80000000e-02,3.93345809e+04,-5.79341943e+04,8.29208814e+05
7.60000000e-02,8.80000000e-02,3.94664919e+04,-1.02934076e+04,8.07444080e+05
8.00000000e-02,8.80000000e-02,3.94169281e+04,3.26801480e+04,7.81136335e+05
8.40000000e-02,8.80000000e-02,3.92050507e+04,7.08199210e+04,7.51241764e+05
8.80000000e-02,8.80000000e-02,3.88503688e+04,1.04108545e+05,7.18676536e+05
9.20000000e-02,8.80000000e-02,3.83721823e+04,1.32655962e+05,6.84288090e+05
9.60000000e-02,8.80000000e-02,3.77891211e+04,1.56674337e+05,6.48835270e+05
1.00000000e-01,8.80000000e-02,3.71187876e+04,1.76452263e+05,6.12976955e+05
1.04000000e-01,8.80000000e-02,3.63775030e+04,1.92330242e+05,5.77268057e+05
1.08000000e-01,8.80000000e-02,3.55801457e+04,2.04678811e+05,5.42161451e+05
1.12000000e-01,8.80000000e-02,3.47400725e+04,2.13880110e+05,5.08014228e+05
1.16000000e-01,8.80000000e-02,3.38691048e+04,2.20313164e+05,4.75096783e+05
1.20000000e-01,8.80000000e-02,3.29775672e+04,2.24342805e+05,4.43603453e+05
1.24000000e-01,8.80000000e-02,3.20743624e+04,2.26311890e+05,4.13663681e+05
1.28000000e-01,8.80000000e-02,3.11670720e+04,2.26536342e+05,3.85352947e+05
1.32000000e-01,8.80000000e-02,3.02620716e+04,2.25302489e+05,3.58702975e+05
1.36000000e-01,8.80000000e-02,2.93646521e+04,2.22866182e+05,3.33710916e+05
1.40000000e-01,8.80000000e-02,2.84791422e+04,2.19453243e+05,3.10347353e+05
1.44000000e-01,8.80000000e-02,2.76090262e+04,2.15260813e+05,2.88563120e+05
1.48000000e-01,8.80000000e-02,2.67570557e+04,2.10459306e+05,2.68294973e+05
1.52000000e-01,8.80000000e-02,2.59253517e+04,2.05194700e+05,2.49470215e+05
1.56000000e-01,8.80000000e-02,2.51154981e+04,1.99590963e+05,2.32010389e+05
1.60000000e-01,8.80000000e-02,2.43286240e+04,1.93752508e+05,2.15834181e+05
1.64000000e-01,8.80000000e-02,2.35654780e+04,1.87766540e+05,2.00859644e+05
1.68000000e-01,8.80000000e-02,2.28264917e+04,1.81705279e+05,1.87005858e+05
1.72000000e-01,8.80000000e-02,2.21118358e+04,1.75627987e+05,1.74194150e+05
1.76000000e-01,8.80000000e-02,2.14214678e+04,1.69582809e+05,1.62348941e+05
1.80000000e-01,8.80000000e-02,2.07551733e+04,1.63608406e+05,1.51398307e+05
1.84000000e-01,8.80000000e-02,2.01126006e+04,1.57735404e+05,1.41274321e+05
1.88000000e-01,8.80000000e-02,1.94932901e+04,1.51987654e+05,1.31913220e+05
1.92000000e-01,8.80000000e-02,1.88966993e+04,1.46383329e+05,1.23255449e+05
1.96000000e-01,8.80000000e-02,1.83222235e+04,1.40935867e+05,1.15245607e+05
2.00000000e-01,8.80000000e-02,1.77692124e+04,nan,nan
-2.00000000e-01,9.20000000e-02,-1.73372941e+04,nan,nan
-1.96000000e-01,9.20000000e-02,-1.78609847e+04,1.33316161e+05,-1.15199380e+05
-1.92000000e-01,9.20000000e-02,-1.84038234e+04,1.38160223e+05,-1.22996474e+05
-1.88000000e-01,9.20000000e-02,-1.89662665e+04,1.43110931e+05,-1.31400609e+05
-1.84000000e-01,9.20000000e-02,-1.95487108e+04,1.48151249e+05,-1.40460560e+05
-1.80000000e-01,9.20000000e-02,-2.01514765e+04,1.53259391e+05,-1.50228257e+05
-1.76000000e-01,9.20000000e-02,-2.07747860e+04,1.58407959e+05,-1.60758714e+05
-1.72000000e-01,9.20000000e-02,-2.14187401e+04,1.63562971e+05,-1.72109844e+05
-1.68000000e-01,9.20000000e-02,-2.20832897e+04,1.68682746e+05,-1.84342147e+05
-1.64000000e-01,9.20000000e-02,-2.27682021e+04,1.73716661e+05,-1.97518223e+05
-1.60000000e-01,9.20000000e-02,-2.34730230e+04,1.78603765e+05,-2.11702071e+05
-1.56000000e-01,9.20000000e-02,-2.41970322e+04,1.83271254e+05,-2.26958108e+05
-1.52000000e-01,9.20000000e-02,-2.49391931e+04,1.87632839e+05,-2.43349860e+05
-1.48000000e-01,9.20000000e-02,-2.56980949e+04,1.91587000e+05,-2.60938246e+05
-1.44000000e-01,9.20000000e-02,-2.64718891e+04,1.95015207e+05,-2.79779373e+05
-1.40000000e-01,9.20000000e-02,-2.72582166e+04,1.97780145e+05,-2.99921763e+05
-1.36000000e-01,9.20000000e-02,-2.80541302e+04,1.99724059e+05,-3.21402924e+05
-1.32000000e-01,9.20000000e-02,-2.88560091e+04,2.00667331e+05,-3.44245183e+05
-1.28000000e-01,9.20000000e-02,-2.96594689e+04,2.00407479e+05,-3.68450724e+05
-1.24000000e-01,9.20000000e-02,-3.04592689e+04,1.98718778e+05,-3.93995783e+05
-1.20000000e-01,9.20000000e-02,-3.12492191e+04,1.95352777e+05,-4.20824020e+05
-1.16000000e-01,9.20000000e-02,-3.20220911e+04,1.90040012e+05,-4.48839157e+05
-1.12000000e-01,9.20000000e-02,-3.27695392e+04,1.82493269e+05,-4.77897045e+05
-1.08000000e-01,9.20000000e-02,-3.34820373e+04,1.72412739e+05,-5.07797483e+05
-1.04000000e-01,9.20000000e-02,-3.41488411e+04,1.59493412e+05,-5.38276232e+05
-1.00000000e-01,9.20000000e-02,-3.47579846e+04,1.43434965e+05,-5.68997868e+05
-9.60000000e-02,9.20000000e-02,-3.52963208e+04,1.23954281e+05,-5.99550269e+05
-9.20000000e-02,9.20000000e-02,-3.57496188e+04,1.00800516e+05,-6.29441697e+05
-8.80000000e-02,9.20000000e-02,-3.61027249e+04,7.37723482e+04,-6.58101532e+05
-8.40000000e-02,9.20000000e-02,-3.63397976e+04,4.27366843e+04,-6.84885699e+05
-8.00000000e-02,9.20000000e-02,-3.64446184e+04,7.64769853e+03,-7.09087690e+05
-7.60000000e-02,9.20000000e-02,-3.64009792e+04,-3.14352827e+04,-7.29955727e+05
-7.20000000e-02,9.20000000e-02,-3.61931362e+04,-7.43328401e+04,-7.46716107e+05
-6.80000000e-02,9.20000000e-02,-3.58063165e+04,-1.20735361e+05,-7.58602049e+05
-6.40000000e-02,9.20000000e-02,-3.52272533e+04,-1.70199536e+05,-7.64886570e+05
-6.00000000e-02,9.20000000e-02,-3.44447202e+04,-2.22152779e+05,-7.64917151e+05
-5.60000000e-02,9.20000000e-02,-3.34500310e+04,-2.75906166e+05,-7.58149357e+05
-5.20000000e-02,9.20000000e-02,-3.22374709e+04,-3.30675545e+05,-7.44176323e+05
-4.80000000e-02,9.20000000e-02,-3.08046267e+04,-3.85609446e+05,-7.22751192e+05
-4.40000000e-02,9.20000000e-02,-2.91525953e+04,-4.39821513e+05,-6.93800255e+05
-4.00000000e-02,9.20000000e-02,-2.72860546e+04,-4.92424548e+05,-6.57425606e+05
-3.60000000e-02,9.20000000e-02,-2.52131989e+04,-5.42563045e+05,-6.13897393e+05
-3.20000000e-02,9.20000000e-02,-2.29455502e+04,-5.89441377e+05,-5.63637022e+05
-2.80000000e-02,9.20000000e-02,-2.04976679e+04,-6.32345465e+05,-5.07193706e+05
-2.40000000e-02,9.20000000e-02,-1.78867865e+04,-6.70656766e+05,-4.45217383e+05
-2.00000000e-02,9.20000000e-02,-1.51324138e+04,-7.03858465e+05,-3.78431126e+05
-1.60000000e-02,9.20000000e-02,-1.22559188e+04,-7.31534774e+05,-3.07605877e+05
-1.20000000e-02,9.20000000e-02,-9.28013557e+03,-7.53365006e+05,-2.33539593e+05
-8.00000000e-03,9.20000000e-02,-6.22899873e+03,-7.69114528e+05,-1.57042015e+05
-4.00000000e-03,9.20000000e-02,-3.12721935e+03,-7.78624842e+05,-7.89253181e+04
0.00000000e+00,9.20000000e-02,0.00000000e+00,-7.81804836e+05,-0.00000000e+00
4.00000000e-03,9.20000000e-02,3.12721935e+03,-7.78624842e+05,7.89253181e+04
8.00000000e-03,9.20000000e-02,6.22899873e+03,-7.69114528e+05,1.57042015e+05
1.20000000e-02,9.20000000e-02,9.28013557e+03,-7.53365006e+05,2.33539593e+05
1.60000000e-02,9.20000000e-02,1.22559188e+04,-7.31534774e+05,3.07605877e+05
2.00000000e-02,9.20000000e-02,1.51324138e+04,-7.03858465e+05,3.78431126e+05
2.40000000e-02,9.20000000e-02,1.78867865e+04,-6.70656766e+05,4.45217383e+05
2.80000000e-02,9.20000000e-02,2.04976679e+04,-6.32345465e+05,5.07193706e+05
3.20000000e-02,9.20000000e-02,2.29455502e+04,-5.89441377e+05,5.63637022e+05
3.60000000e-02,9.20000000e-02,2.52131989e+04,-5.42563045e+05,6.13897393e+05
4.00000000e-02,9.20000000e-02,2.72860546e+04,-4.92424548e+05,6.57425606e+05
4.40000000e-02,9.20000000e-02,2.91525953e+04,-4.39821513e+05,6.93800255e+05
4.80000000e-02,9.20000000e-02,3.08046267e+04,-3.85609446e+05,7.22751192e+05
5.20000000e-02,9.20000000e-02,3.22374709e+04,-3.30675545e+05,7.44176323e+05
5.60000000e-02,9.20000000e-02,3.34500310e+04,-2.75906166e+05,7.58149357e+05
6.00000000e-02,9.20000000e-02,3.44447202e+04,-2.22152779e+05,7.64917151e+05
6.40000000e-02,9.20000000e-02,3.52272533e+04,-1.70199536e+05,7.64886570e+05
6.80000000e-02,9.20000000e-02,3.58063165e+04,-1.20735361e+05,7.58602049e+05
7.20000000e-02,9.20000000e-02,3.61931362e+04,-7.43328401e+04,7.46716107e+05
7.60000000e-02,9.20000000e-02,3.64009792e+04,-3.14352827e+04,7.29955727e+05
8.00000000e-02,9.20000000e-02,3.64446184e+04,7.64769853e+03,7.09087690e+05
8.40000000e-02,9.20000000e-02,3.63397976e+04,4.27366843e+04,6.84885699e+05
8.80000000e-02,9.20000000e-02,3.61027249e+04,7.37723482e+04,6.58101532e+05
9.20000000e-02,9.20000000e-02,3.57496188e+04,1.00800516e+05,6.29441697e+05
9.60000000e-02,9.20000000e-02,3.52963208e+04,1.23954281e+05,5.99550269e+05
1.00000000e-01,9.20000000e-02,3.47579846e+04,1.43434965e+05,5.68997868e+05
1.04000000e-01,9.20000000e-02,3.41488411e+04,1.59493412e+05,5.38276232e+05
1.08000000e-01,9.20000000e-02,3.34820373e+04,1.72412739e+05,5.07797483e+05
1.12000000e-01,9.20000000e-02,3.27695392e+04,1.82493269e+05,4.77897045e+05
1.16000000e-01,9.20000000e-02,3.20220911e+04,1.90040012e+05,4.48839157e+05
1.20000000e-01,9.20000000e-02,3.12492191e+04,1.95352777e+05,4.20824020e+05
1.24000000e-01,9.20000000e-02,3.04592689e+04,1.98718778e+05,3.93995783e+05
1.28000000e-01,9.20000000e-02,2.96594689e+04,2.00407479e+05,3.68450724e+05
1.32000000e-01,9.20000000e-02,2.88560091e+04,2.00667331e+05,3.44245183e+05
1.36000000e-01,9.20000000e-02,2.80541302e+04,1.99724059e+05,3.21402924e+05
1.40000000e-01,9.20000000e-02,2.72582166e+04,1.97780145e+05,2.99921763e+05
1.44000000e-01,9.20000000e-02,2.64718891e+04,1.95015207e+05,2.79779373e+05
1.48000000e-01,9.20000000e-02,2.56980949e+04,1.91587000e+05,2.60938246e+05
1.52000000e-01,9.20000000e-02,2.49391931e+04,1.87632839e+05,2.43349860e+05
1.56000000e-01,9.20000000e-02,2.41970322e+04,1.83271254e+05,2.26958108e+05
1.60000000e-01,9.20000000e-02,2.34730230e+04,1.78603765e+05,2.11702071e+05
1.64000000e-01,9.20000000e-02,2.27682021e+04,1.73716661e+05,1.97518223e+05
1.68000000e-01,9.20000000e-02,2.20832897e+04,1.68682746e+05,1.84342147e+05
1.72000000e-01,9.20000000e-02,2.14187401e+04,1.63562971e+05,1.72109844e+05
1.76000000e-01,9.20000000e-02,2.07747860e+04,1.58407959e+05,1.60758714e+05
1.80000000e-01,9.20000000e-02,2.01514765e+04,1.53259391e+05,1.50228257e+05
1.84000000e-01,9.20000000e-02,1.95487108e+04,1.48151249e+05,1.40460560e+05
1.88000000e-01,9.20000000e-02,1.89662665e+04,1.43110931e+05,1.31400609e+05
1.92000000e-01,9.20000000e-02,1.84038234e+04,1.38160223e+05,1.22996474e+05
1.96000000e-01,9.20000000e-02,1.78609847e+04,1.33316161e+05,1.15199380e+05
2.00000000e-01,9.20000000e-02,1.73372941e+04,nan,nan
-2.00000000e-01,9.60000000e-02,-1.69055027e+04,nan,nan
-1.96000000e-01,9.60000000e-02,-1.74006284e+04,1.25903104e+05,-1.14819447e+05
-1.92000000e-01,9.60000000e-02,-1.79127275e+04,1.30182100e+05,-1.22382670e+05
-1.88000000e-01,9.60000000e-02,-1.84420852e+04,1.34523569e+05,-1.30511816e+05
-1.84000000e-01,9.60000000e-02,-1.89889161e+04,1.38907756e+05,-1.39249402e+05
-1.80000000e-01,9.60000000e-02,-1.95533473e+04,1.43310251e+05,-1.48640231e+05
-1.76000000e-01,9.60000000e-02,-2.01353981e+04,1.47701222e+05,-1.58731210e+05
-1.72000000e-01,9.60000000e-02,-2.07349570e+04,1.52044554e+05,-1.69571078e+05
-1.68000000e-01,9.60000000e-02,-2.13517545e+04,1.56296899e+05,-1.81209978e+05
-1.64000000e-01,9.60000000e-02,-2.19853322e+04,1.60406615e+05,-1.93698885e+05
-1.60000000e-01,9.60000000e-02,-2.26350075e+04,1.64312623e+05,-2.07088811e+05
-1.56000000e-01,9.60000000e-02,-2.32998332e+04,1.67943175e+05,-2.21429771e+05
-1.52000000e-01,9.60000000e-02,-2.39785529e+04,1.71214561e+05,-2.36769442e+05
-1.48000000e-01,9.60000000e-02,-2.46695497e+04,1.74029793e+05,-2.53151478e+05
-1.44000000e-01,9.60000000e-02,-2.53707912e+04,1.76277296e+05,-2.70613398e+05
-1.40000000e-01,9.60000000e-02,-2.60797681e+04,1.77829692e+05,-2.89184015e+05
-1.36000000e-01,9.60000000e-02,-2.67934287e+04,1.78542762e+05,-3.08880342e+05
-1.32000000e-01,9.60000000e-02,-2.75081102e+04,1.78254688e+05,-3.29703913e+05
-1.28000000e-01,9.60000000e-02,-2.82194662e+04,1.76785743e+05,-3.51636531e+05
-1.24000000e-01,9.60000000e-02,-2.89223961e+04,1.73938595e+05,-3.74635414e+05
-1.20000000e-01,9.60000000e-02,-2.96109750e+04,1.69499431e+05,-3.98627803e+05
-1.16000000e-01,9.60000000e-02,-3.02783916e+04,1.63240138e+05,-4.23505146e+05
-1.12000000e-01,9.60000000e-02,-3.09168961e+04,1.54921784e+05,-4.49117043e+05
-1.08000000e-01,9.60000000e-02,-3.15177658e+04,1.44299624e+05,-4.75265227e+05
-1.04000000e-01,9.60000000e-02,-3.20712931e+04,1.31129857e+05,-5.01698003e+05
-1.00000000e-01,9.60000000e-02,-3.25668047e+04,1.15178226e+05,-5.28105622e+05
-9.60000000e-02,9.60000000e-02,-3.29927189e+04,9.62305086e+04,-5.54117243e+05
-9.20000000e-02,9.60000000e-02,-3.33366487e+04,7.41046994e+04,-5.79300149e+05
-8.80000000e-02,9.60000000e-02,-3.35855565e+04,4.86645426e+04,-6.03161984e+05
-8.40000000e-02,9.60000000e-02,-3.37259651e+04,1.98337627e+04,-6.25156649e+05
-8.00000000e-02,9.60000000e-02,-3.37442266e+04,-1.23898793e+04,-6.44694424e+05
-7.60000000e-02,9.60000000e-02,-3.36268461e+04,-4.79218244e+04,-6.61156532e+05
-7.20000000e-02,9.60000000e-02,-3.33608520e+04,-8.65805168e+04,-6.73914023e+05
-6.80000000e-02,9.60000000e-02,-3.29342019e+04,-1.28081061e+05,-6.82350342e+05
-6.40000000e-02,9.60000000e-02,-3.23362035e+04,-1.72033879e+05,-6.85886419e+05
-6.00000000e-02,9.60000000e-02,-3.15579309e+04,-2.17949177e+05,-6.84006641e+05
-5.60000000e-02,9.60000000e-02,-3.05926101e+04,-2.65247516e+05,-6.76283733e+05
-5.20000000e-02,9.60000000e-02,-2.94359508e+04,-3.13276143e+05,-6.62400413e+05
-4.80000000e-02,9.60000000e-02,-2.80864010e+04,-3.61330076e+05,-6.42165914e+05
-4.40000000e-02,9.60000000e-02,-2.65453102e+04,-4.08676351e+05,-6.15525867e+05
-4.00000000e-02,9.60000000e-02,-2.48169902e+04,-4.54579447e+05,-5.82564767e+05
-3.60000000e-02,9.60000000e-02,-2.29086746e+04,-4.98325762e+05,-5.43501089e+05
-3.20000000e-02,9.60000000e-02,-2.08303841e+04,-5.39245231e+05,-4.98675927e+05
-2.80000000e-02,9.60000000e-02,-1.85947127e+04,-5.76728554e+05,-4.48536720e+05
-2.40000000e-02,9.60000000e-02,-1.62165556e+04,-6.10239209e+05,-3.93618059e+05
-2.00000000e-02,9.60000000e-02,-1.37127991e+04,-6.39320061e+05,-3.34521682e+05
-1.60000000e-02,9.60000000e-02,-1.11019951e+04,-6.63595096e+05,-2.71897583e+05
-1.20000000e-02,9.60000000e-02,-8.40403829e+03,-6.82767317e+05,-2.06427715e+05
-8.00000000e-03,9.60000000e-02,-5.63985660e+03,-6.96614182e+05,-1.38813204e+05
-4.00000000e-03,9.60000000e-02,-2.83112484e+03,-7.04982075e+05,-6.97653403e+04
0.00000000e+00,9.60000000e-02,0.00000000e+00,-7.07781209e+05,-0.00000000e+00
4.00000000e-03,9.60000000e-02,2.83112484e+03,-7.04982075e+05,6.97653403e+04
8.00000000e-03,9.60000000e-02,5.63985660e+03,-6.96614182e+05,1.38813204e+05
1.20000000e-02,9.60000000e-02,8.40403829e+03,-6.82767317e+05,2.06427715e+05
1.60000000e-02,9.60000000e-02,1.11019951e+04,-6.63595096e+05,2.71897583e+05
2.00000000e-02,9.60000000e-02,1.37127991e+04,-6.39320061e+05,3.34521682e+05
2.40000000e-02,9.60000000e-02,1.62165556e+04,-6.10239209e+05,3.93618059e+05
2.80000000e-02,9.60000000e-02,1.85947127e+04,-5.76728554e+05,4.48536720e+05
3.20000000e-02,9.60000000e-02,2.08303841e+04,-5.39245231e+05,4.98675927e+05
3.60000000e-02,9.60000000e-02,2.29086746e+04,-4.98325762e+05,5.43501089e+05
4.00000000e-02,9.60000000e-02,2.48169902e+04,-4.54579447e+05,5.82564767e+05
4.40000000e-02,9.60000000e-02,2.65453102e+04,-4.08676351e+05,6.15525867e+05
4.80000000e-02,9.60000000e-02,2.80864010e+04,-3.61330076e+05,6.42165914e+05
5.20000000e-02,9.60000000e-02,2.94359508e+04,-3.13276143e+05,6.62400413e+05
5.60000000e-02,9.60000000e-02,3.05926101e+04,-2.65247516e+05,6.76283733e+05
6.00000000e-02,9.60000000e-02,3.15579309e+04,-2.17949177e+05,6.84006641e+05
6.40000000e-02,9.60000000e-02,3.23362035e+04,-1.72033879e+05,6.85886419e+05
6.80000000e-02,9.60000000e-02,3.29342019e+04,-1.28081061e+05,6.82350342e+05
7.20000000e-02,9.60000000e-02,3.33608520e+04,-8.65805168e+04,6.73914023e+05
7.60000000e-02,9.60000000e-02,3.36268461e+04,-4.79218244e+04,6.61156532e+05
8.00000000e-02,9.60000000e-02,3.37442266e+04,-1.23898793e+04,6.44694424e+05
8.40000000e-02,9.60000000e-02,3.37259651e+04,1.98337627e+04,6.25156649e+05
8.80000000e-02,9.60000000e-02,3.35855565e+04,4.86645426e+04,6.03161984e+05
9.20000000e-02,9.60000000e-02,3.33366487e+04,7.41046994e+04,5.79300149e+05
9.60000000e-02,9.60000000e-02,3.29927189e+04,9.62305086e+04,5.54117243e+05
1.00000000e-01,9.60000000e-02,3.25668047e+04,1.15178226e+05,5.28105622e+05
1.04000000e-01,9.60000000e-02,3.20712931e+04,1.31129857e+05,5.01698003e+05
1.08000000e-01,9.60000000e-02,3.15177658e+04,1.44299624e+05,4.75265227e+05
1.12000000e-01,9.60000000e-02,3.09168961e+04,1.54921784e+05,4.49117043e+05
1.16000000e-01,9.60000000e-02,3.02783916e+04,1.63240138e+05,4.23505146e+05
1.20000000e-01,9.60000000e-02,2.96109750e+04,1.69499431e+05,3.98627803e+05
1.24000000e-01,9.60000000e-02,2.89223961e+04,1.73938595e+05,3.74635414e+05
1.28000000e-01,9.60000000e-02,2.82194662e+04,1.76785743e+05,3.51636531e+05
1.32000000e-01,9.60000000e-02,2.75081102e+04,1.78254688e+05,3.29703913e+05
1.36000000e-01,9.60000000e-02,2.67934287e+04,1.78542762e+05,3.08880342e+05
1.40000000e-01,9.60000000e-02,2.60797681e+04,1.77829692e+05,2.89184015e+05
1.44000000e-01,9.60000000e-02,2.53707912e+04,1.76277296e+05,2.70613398e+05
1.48000000e-01,9.60000000e-02,2.46695497e+04,1.74029793e+05,2.53151478e+05
1.52000000e-01,9.60000000e-02,2.39785529e+04,1.71214561e+05,2.36769442e+05
1.56000000e-01,9.60000000e-02,2.32998332e+04,1.67943175e+05,2.21429771e+05
1.60000000e-01,9.60000000e-02,2.26350075e+04,1.64312623e+05,2.07088811e+05
1.64000000e-01,9.60000000e-02,2.19853322e+04,1.60406615e+05,1.93698885e+05
1.68000000e-01,9.60000000e-02,2.13517545e+04,1.56296899e+05,1.81209978e+05
1.72000000e-01,9.60000000e-02,2.07349570e+04,1.52044554e+05,1.69571078e+05
1.76000000e-01,9.60000000e-02,2.01353981e+04,1.47701222e+05,1.58731210e+05
1.80000000e-01,9.60000000e-02,1.95533473e+04,1.43310251e+05,1.48640231e+05
1.84000000e-01,9.60000000e-02,1.89889161e+04,1.38907756e+05,1.39249402e+05
1.88000000e-01,9.60000000e-02,1.84420852e+04,1.34523569e+05,1.30511816e+05
1.92000000e-01,9.60000000e-02,1.79127275e+04,1.30182100e+05,1.22382670e+05
1.96000000e-01,9.60000000e-02,1.74006284e+04,1.25903104e+05,1.14819447e+05
2.00000000e-01,9.60000000e-02,1.69055027e+04,nan,nan
-2.00000000e-01,1.00000000e-01,-1.64750380e+04,nan,nan
-1.96000000e-01,1.00000000e-01,-1.69424291e+04,1.18715500e+05,-1.14135804e+05
-1.92000000e-01,1.00000000e-01,-1.74247620e+04,1.22467854e+05,-1.21448272e+05
-1.88000000e-01,1.00000000e-01,-1.79221719e+04,1.26244199e+05,-1.29285853e+05
-1.84000000e-01,1.00000000e-01,-1.84347156e+04,1.30022835e+05,-1.37685223e+05
-1.80000000e-01,1.00000000e-01,-1.89623546e+04,1.33777583e+05,-1.46684591e+05
-1.76000000e-01,1.00000000e-01,-1.95049363e+04,1.37477112e+05,-1.56323450e+05
-1.72000000e-01,1.00000000e-01,-2.00621715e+04,1.41084203e+05,-1.66642217e+05
-1.68000000e-01,1.00000000e-01,-2.06336099e+04,1.44554939e+05,-1.77681759e+05
-1.64000000e-01,1.00000000e-01,-2.12186110e+04,1.47837828e+05,-1.89482751e+05
-1.60000000e-01,1.00000000e-01,-2.18163125e+04,1.50872879e+05,-2.02084847e+05
-1.56000000e-01,1.00000000e-01,-2.24255941e+04,1.53590623e+05,-2.15525638e+05
-1.52000000e-01,1.00000000e-01,-2.30450375e+04,1.55911132e+05,-2.29839332e+05
-1.48000000e-01,1.00000000e-01,-2.36728831e+04,1.57743045e+05,-2.45055149e+05
-1.44000000e-01,1.00000000e-01,-2.43069819e+04,1.58982670e+05,-2.61195362e+05
-1.40000000e-01,1.00000000e-01,-2.49447445e+04,1.59513201e+05,-2.78272967e+05
-1.36000000e-01,1.00000000e-01,-2.55830875e+04,1.59204161e+05,-2.96288936e+05
-1.32000000e-01,1.00000000e-01,-2.62183778e+04,1.57911141e+05,-3.15229046e+05
-1.28000000e-01,1.00000000e-01,-2.68463766e+04,1.55475977e+05,-3.35060288e+05
-1.24000000e-01,1.00000000e-01,-2.74621856e+04,1.51727507e+05,-3.55726867e+05
-1.20000000e-01,1.00000000e-01,-2.80601967e+04,1.46483045e+05,-3.77145889e+05
-1.16000000e-01,1.00000000e-01,-2.86340499e+04,1.39550772e+05,-3.99202834e+05
-1.12000000e-01,1.00000000e-01,-2.91766028e+04,1.30733188e+05,-4.21747004e+05
-1.08000000e-01,1.00000000e-01,-2.96799154e+04,1.19831779e+05,-4.44587200e+05
-1.04000000e-01,1.00000000e-01,-3.01352571e+04,1.06653017e+05,-4.67487952e+05
-1.00000000e-01,1.00000000e-01,-3.05331396e+04,9.10157256e+04,-4.90166714e+05
-9.60000000e-02,1.00000000e-01,-3.08633829e+04,7.27597539e+04,-5.12292480e+05
-9.20000000e-02,1.00000000e-01,-3.11152176e+04,5.17557744e+04,-5.33486334e+05
-8.80000000e-02,1.00000000e-01,-3.12774291e+04,2.79158483e+04,-5.53324432e+05
-8.40000000e-02,1.00000000e-01,-3.13385444e+04,1.20424400e+03,-5.71343841e+05
-8.00000000e-02,1.00000000e-01,-3.12870630e+04,-2.83521837e+04,-5.87051533e+05
-7.60000000e-02,1.00000000e-01,-3.11117269e+04,-6.06548811e+04,-5.99936611e+05
-7.20000000e-02,1.00000000e-01,-3.08018240e+04,-9.55266506e+04,-6.09485566e+05
-6.80000000e-02,1.00000000e-01,-3.03475137e+04,-1.32707757e+05,-6.15199990e+05
-6.40000000e-02,1.00000000e-01,-2.97401619e+04,-1.71855835e+05,-6.16615880e+05
-6.00000000e-02,1.00000000e-01,-2.89726670e+04,-2.12550093e+05,-6.13323307e+05
-5.60000000e-02,1.00000000e-01,-2.80397612e+04,-2.54299937e+05,-6.04985056e+05
-5.20000000e-02,1.00000000e-01,-2.69382676e+04,-2.96557727e+05,-5.91352779e+05
-4.80000000e-02,1.00000000e-01,-2.56672994e+04,-3.38734901e+05,-5.72279359e+05
-4.40000000e-02,1.00000000e-01,-2.42283883e+04,-3.80220365e+05,-5.47726463e+05
-4.00000000e-02,1.00000000e-01,-2.26255364e+04,-4.20399770e+05,-5.17766793e+05
-3.60000000e-02,1.00000000e-01,-2.08651902e+04,-4.58674206e+05,-4.82581046e+05
-3.20000000e-02,1.00000000e-01,-1.89561428e+04,-4.94477008e+05,-4.42450163e+05
-2.80000000e-02,1.00000000e-01,-1.69093741e+04,-5.27287596e+05,-3.97743908e+05
-2.40000000e-02,1.00000000e-01,-1.47378420e+04,-5.56641728e+05,-3.48907098e+05
-2.00000000e-02,1.00000000e-01,-1.24562403e+04,-5.82137989e+05,-2.96444907e+05
-1.60000000e-02,1.00000000e-01,-1.00807381e+04,-6.03440807e+05,-2.40908564e+05
-1.20000000e-02,1.00000000e-01,-7.62871384e+03,-6.20280626e+05,-1.82882513e+05
-8.00000000e-03,1.00000000e-01,-5.11849310e+03,-6.32452153e+05,-1.22973685e+05
-4.00000000e-03,1.00000000e-01,-2.56909662e+03,-6.39811637e+05,-6.18031549e+04
0.00000000e+00,1.00000000e-01,0.00000000e+00,-6.42274156e+05,-0.00000000e+00
4.00000000e-03,1.00000000e-01,2.56909662e+03,-6.39811637e+05,6.18031549e+04
8.00000000e-03,1.00000000e-01,5.11849310e+03,-6.32452153e+05,1.22973685e+05
1.20000000e-02,1.00000000e-01,7.62871384e+03,-6.20280626e+05,1.82882513e+05
1.60000000e-02,1.00000000e-01,1.00807381e+04,-6.03440807e+05,2.40908564e+05
2.00000000e-02,1.00000000e-01,1.24562403e+04,-5.82137989e+05,2.96444907e+05
2.40000000e-02,1.00000000e-01,1.47378420e+04,-5.56641728e+05,3.48907098e+05
2.80000000e-02,1.00000000e-01,1.69093741e+04,-5.27287596e+05,3.97743908e+05
3.20000000e-02,1.00000000e-01,1.89561428e+04,-4.94477008e+05,4.42450163e+05
3.60000000e-02,1.00000000e-01,2.08651902e+04,-4.58674206e+05,4.82581046e+05
4.00000000e-02,1.00000000e-01,2.26255364e+04,-4.20399770e+05,5.17766793e+05
4.40000000e-02,1.00000000e-01,2.42283883e+04,-3.80220365e+05,5.47726463e+05
4.80000000e-02,1.00000000e-01,2.56672994e+04,-3.38734901e+05,5.72279359e+05
5.20000000e-02,1.00000000e-01,2.69382676e+04,-2.96557727e+05,5.91352779e+05
5.60000000e-02,1.00000000e-01,2.80397612e+04,-2.54299937e+05,6.04985056e+05
6.00000000e-02,1.00000000e-01,2.89726670e+04,-2.12550093e+05,6.13323307e+05
6.40000000e-02,1.00000000e-01,2.97401619e+04,-1.71855835e+05,6.16615880e+05
6.80000000e-02,1.00000000e-01,3.03475137e+04,-1.32707757e+05,6.15199990e+05
7.20000000e-02,1.00000000e-01,3.08018240e+04,-9.55266506e+04,6.09485566e+05
7.60000000e-02,1.00000000e-01,3.11117269e+04,-6.06548811e+04,5.99936611e+05
8.00000000e-02,1.00000000e-01,3.12870630e+04,-2.83521837e+04,5.87051533e+05
8.40000000e-02,1.00000000e-01,3.13385444e+04,1.20424400e+03,5.71343841e+05
8.80000000e-02,1.00000000e-01,3.12774291e+04,2.79158483e+04,5.53324432e+05
9.20000000e-02,1.00000000e-01,3.11152176e+04,5.17557744e+04,5.33486334e+05
9.60000000e-02,1.00000000e-01,3.08633829e+04,7.27597539e+04,5.12292480e+05
1.00000000e-01,1.00000000e-01,3.05331396e+04,9.10157256e+04,4.90166714e+05
1.04000000e-01,1.00000000e-01,3.01352571e+04,1.06653017e+05,4.67487952e+05
1.08000000e-01,1.00000000e-01,2.96799154e+04,1.19831779e+05,4.44587200e+05
1.12000000e-01,1.00000000e-01,2.91766028e+04,1.30733188e+05,4.21747004e+05
1.16000000e-01,1.00000000e-01,2.86340499e+04,1.39550772e+05,3.99202834e+05
1.20000000e-01,1.00000000e-01,2.80601967e+04,1.46483045e+05,3.77145889e+05
1.24000000e-01,1.00000000e-01,2.74621856e+04,1.51727507e+05,3.55726867e+05
1.28000000e-01,1.00000000e-01,2.68463766e+04,1.55475977e+05,3.35060288e+05
1.32000000e-01,1.00000000e-01,2.62183778e+04,1.57911141e+05,3.15229046e+05
1.36000000e-01,1.00000000e-01,2.55830875e+04,1.59204161e+05,2.96288936e+05
1.40000000e-01,1.00000000e-01,2.49447445e+04,1.59513201e+05,2.78272967e+05
1.44000000e-01,1.00000000e-01,2.43069819e+04,1.58982670e+05,2.61195362e+05
1.48000000e-01,1.00000000e-01,2.36728831e+04,1.57743045e+05,2.45055149e+05
1.52000000e-01,1.00000000e-01,2.30450375e+04,1.55911132e+05,2.29839332e+05
1.56000000e-01,1.00000000e-01,2.24255941e+04,1.53590623e+05,2.15525638e+05
1.60000000e-01,1.00000000e-01,2.18163125e+04,1.50872879e+05,2.02084847e+05
1.64000000e-01,1.00000000e-01,2.12186110e+04,1.47837828e+05,1.89482751e+05
1.68000000e-01,1.00000000e-01,2.06336099e+04,1.44554939e+05,1.77681759e+05
1.72000000e-01,1.00000000e-01,2.00621715e+04,1.41084203e+05,1.66642217e+05
1.76000000e-01,1.00000000e-01,1.95049363e+04,1.37477112e+05,1.56323450e+05
1.80000000e-01,1.00000000e-01,1.89623546e+04,1.33777583e+05,1.46684591e+05
1.84000000e-01,1.00000000e-01,1.84347156e+04,1.30022835e+05,1.37685223e+05
1.88000000e-01,1.00000000e-01,1.79221719e+04,1.26244199e+05,1.29285853e+05
1.92000000e-01,1.00000000e-01,1.74247620e+04,1.22467854e+05,1.21448272e+05
1.96000000e-01,1.00000000e-01,1.69424291e+04,1.18715500e+05,1.14135804e+05
2.00000000e-01,1.00000000e-01,1.64750380e+04,nan,nan
-2.00000000e-01,1.04000000e-01,-1.60469950e+04,nan,nan
-1.96000000e-01,1.04000000e-01,-1.64875420e+04,1.11768298e+05,-1.13177952e+05
-1.92000000e-01,1.04000000e-01,-1.69411414e+04,1.15032051e+05,-1.20226691e+05
-1.88000000e-01,1.04000000e-01,-1.74077984e+04,1.18286618e+05,-1.27760486e+05
-1.84000000e-01,1.04000000e-01,-1.78874343e+04,1.21509017e+05,-1.35810622e+05
-1.80000000e-01,1.04000000e-01,-1.83798705e+04,1.24672024e+05,-1.44409277e+05
-1.76000000e-01,1.04000000e-01,-1.88848105e+04,1.27743596e+05,-1.53589218e+05
-1.72000000e-01,1.04000000e-01,-1.94018193e+04,1.30686245e+05,-1.63383409e+05
-1.68000000e-01,1.04000000e-01,-1.99303005e+04,1.33456365e+05,-1.73824487e+05
-1.64000000e-01,1.04000000e-01,-2.04694702e+04,1.36003527e+05,-1.84944099e+05
-1.60000000e-01,1.04000000e-01,-2.10183287e+04,1.38269736e+05,-1.96772079e+05
-1.56000000e-01,1.04000000e-01,-2.15756281e+04,1.40188691e+05,-2.09335415e+05
-1.52000000e-01,1.04000000e-01,-2.21398382e+04,1.41685050e+05,-2.22657009e+05
-1.48000000e-01,1.04000000e-01,-2.27091085e+04,1.42673762e+05,-2.36754173e+05
-1.44000000e-01,1.04000000e-01,-2.32812283e+04,1.43059477e+05,-2.51636854e+05
-1.40000000e-01,1.04000000e-01,-2.38535843e+04,1.42736119e+05,-2.67305558e+05
-1.36000000e-01,1.04000000e-01,-2.44231173e+04,1.41586683e+05,-2.83748963e+05
-1.32000000e-01,1.04000000e-01,-2.49862778e+04,1.39483335e+05,-3.00941221e+05
-1.28000000e-01,1.04000000e-01,-2.55389839e+04,1.36287922e+05,-3.18838966e+05
-1.24000000e-01,1.04000000e-01,-2.60765812e+04,1.31852994e+05,-3.37378075e+05
-1.20000000e-01,1.04000000e-01,-2.65938079e+04,1.26023464e+05,-3.56470257e+05
-1.16000000e-01,1.04000000e-01,-2.70847689e+04,1.18639024e+05,-3.75999581e+05
-1.12000000e-01,1.04000000e-01,-2.75429201e+04,1.09537418e+05,-3.95819128e+05
-1.08000000e-01,1.04000000e-01,-2.79610682e+04,9.85586763e+04,-4.15747949e+05
-1.04000000e-01,1.04000000e-01,-2.83313895e+04,8.55503425e+04,-4.35568626e+05
-1.00000000e-01,1.04000000e-01,-2.86454710e+04,7.03736991e+04,-4.55025736e+05
-9.60000000e-02,1.04000000e-01,-2.88943791e+04,5.29108889e+04,-4.73825567e+05
-9.20000000e-02,1.04000000e-01,-2.90687581e+04,3.30727466e+04,-4.91637440e+05
-8.80000000e-02,1.04000000e-01,-2.91589611e+04,1.08070349e+04,-5.08096985e+05
-8.40000000e-02,1.04000000e-01,-2.91552144e+04,-1.38933376e+04,-5.22811619e+05
-8.00000000e-02,1.04000000e-01,-2.90478144e+04,-4.09826490e+04,-5.35368396e+05
-7.60000000e-02,1.04000000e-01,-2.88273532e+04,-7.03558573e+04,-5.45344205e+05
-7.20000000e-02,1.04000000e-01,-2.84849675e+04,-1.01843895e+05,-5.52318085e+05
-6.80000000e-02,1.04000000e-01,-2.80126020e+04,-1.35211376e+05,-5.55885215e+05
-6.40000000e-02,1.04000000e-01,-2.74032765e+04,-1.70157197e+05,-5.55671865e+05
-6.00000000e-02,1.04000000e-01,-2.66513444e+04,-2.06318353e+05,-5.51350454e+05
-5.60000000e-02,1.04000000e-01,-2.57527297e+04,-2.43276988e+05,-5.42653682e+05
-5.20000000e-02,1.04000000e-01,-2.47051285e+04,-2.80570446e+05,-5.29386743e+05
-4.80000000e-02,1.04000000e-01,-2.35081661e+04,-3.17703759e+05,-5.11436710e+05
-4.40000000e-02,1.04000000e-01,-2.21634985e+04,-3.54163785e+05,-4.88778402e+05
-4.00000000e-02,1.04000000e-01,-2.06748558e+04,-3.89434030e+05,-4.61476384e+05
-3.60000000e-02,1.04000000e-01,-1.90480262e+04,-4.23009132e+05,-4.29683120e+05
-3.20000000e-02,1.04000000e-01,-1.72907828e+04,-4.54408093e+05,-3.93633638e+05
-2.80000000e-02,1.04000000e-01,-1.54127615e+04,-4.83185489e+05,-3.53637415e+05
-2.40000000e-02,1.04000000e-01,-1.34252988e+04,-5.08940207e+05,-3.10068366e+05
-2.00000000e-02,1.04000000e-01,-1.13412398e+04,-5.31321527e+05,-2.63353896e+05
-1.60000000e-02,1.04000000e-01,-9.17472663e+03,-5.50032703e+05,-2.13963943e+05
-1.20000000e-02,1.04000000e-01,-6.94097818e+03,-5.64832438e+05,-1.62400754e+05
-8.00000000e-03,1.04000000e-01,-4.65606712e+03,-5.75534823e+05,-1.09189885e+05
-4.00000000e-03,1.04000000e-01,-2.33669960e+03,-5.82008390e+05,-5.48726594e+04
0.00000000e+00,1.04000000e-01,0.00000000e+00,-5.84174899e+05,-0.00000000e+00
4.00000000e-03,1.04000000e-01,2.33669960e+03,-5.82008390e+05,5.48726594e+04
8.00000000e-03,1.04000000e-01,4.65606712e+03,-5.75534823e+05,1.09189885e+05
1.20000000e-02,1.04000000e-01,6.94097818e+03,-5.64832438e+05,1.62400754e+05
1.60000000e-02,1.04000000e-01,9.17472663e+03,-5.50032703e+05,2.13963943e+05
2.00000000e-02,1.04000000e-01,1.13412398e+04,-5.31321527e+05,2.63353896e+05
2.40000000e-02,1.04000000e-01,1.34252988e+04,-5.08940207e+05,3.10068366e+05
2.80000000e-02,1.04000000e-01,1.54127615e+04,-4.83185489e+05,3.53637415e+05
3.20000000e-02,1.04000000e-01,1.72907828e+04,-4.54408093e+05,3.93633638e+05
3.60000000e-02,1.04000000e-01,1.90480262e+04,-4.23009132e+05,4.29683120e+05
4.00000000e-02,1.04000000e-01,2.06748558e+04,-3.89434030e+05,4.61476384e+05
4.40000000e-02,1.04000000e-01,2.21634985e+04,-3.54163785e+05,4.88778402e+05
4.80000000e-02,1.04000000e-01,2.35081661e+04,-3.17703759e+05,5.11436710e+05
5.20000000e-02,1.04000000e-01,2.47051285e+04,-2.80570446e+05,5.29386743e+05
5.60000000e-02,1.04000000e-01,2.57527297e+04,-2.43276988e+05,5.42653682e+05
6.00000000e-02,1.04000000e-01,2.66513444e+04,-2.06318353e+05,5.51350454e+05
6.40000000e-02,1.04000000e-01,2.74032765e+04,-1.70157197e+05,5.55671865e+05
6.80000000e-02,1.04000000e-01,2.80126020e+04,-1.35211376e+05,5.55885215e+05
7.20000000e-02,1.04000000e-01,2.84849675e+04,-1.01843895e+05,5.52318085e+05
7.60000000e-02,1.04000000e-01,2.88273532e+04,-7.03558573e+04,5.45344205e+05
8.00000000e-02,1.04000000e-01,2.90478144e+04,-4.09826490e+04,5.35368396e+05
8.40000000e-02,1.04000000e-01,2.91552144e+04,-1.38933376e+04,5.22811619e+05
8.80000000e-02,1.04000000e-01,2.91589611e+04,1.08070349e+04,5.08096985e+05
9.20000000e-02,1.04000000e-01,2.90687581e+04,3.30727466e+04,4.91637440e+05
9.60000000e-02,1.04000000e-01,2.88943791e+04,5.29108889e+04,4.73825567e+05
1.00000000e-01,1.04000000e-01,2.86454710e+04,7.03736991e+04,4.55025736e+05
1.04000000e-01,1.04000000e-01,2.83313895e+04,8.55503425e+04,4.35568626e+05
1.08000000e-01,1.04000000e-01,2.79610682e+04,9.85586763e+04,4.15747949e+05
1.12000000e-01,1.04000000e-01,2.75429201e+04,1.09537418e+05,3.95819128e+05
1.16000000e-01,1.04000000e-01,2.70847689e+04,1.18639024e+05,3.75999581e+05
1.20000000e-01,1.04000000e-01,2.65938079e+04,1.26023464e+05,3.56470257e+05
1.24000000e-01,1.04000000e-01,2.60765812e+04,1.31852994e+05,3.37378075e+05
1.28000000e-01,1.04000000e-01,2.55389839e+04,1.36287922e+05,3.18838966e+05
1.32000000e-01,1.04000000e-01,2.49862778e+04,1.39483335e+05,3.00941221e+05
1.36000000e-01,1.04000000e-01,2.44231173e+04,1.41586683e+05,2.83748963e+05
1.40000000e-01,1.04000000e-01,2.38535843e+04,1.42736119e+05,2.67305558e+05
1.44000000e-01,1.04000000e-01,2.32812283e+04,1.43059477e+05,2.51636854e+05
1.48000000e-01,1.04000000e-01,2.27091085e+04,1.42673762e+05,2.36754173e+05
1.52000000e-01,1.04000000e-01,2.21398382e+04,1.41685050e+05,2.22657009e+05
1.56000000e-01,1.04000000e-01,2.15756281e+04,1.40188691e+05,2.09335415e+05
1.60000000e-01,1.04000000e-01,2.10183287e+04,1.38269736e+05,1.96772079e+05
1.64000000e-01,1.04000000e-01,2.04694702e+04,1.36003527e+05,1.84944099e+05
1.68000000e-01,1.04000000e-01,1.99303005e+04,1.33456365e+05,1.73824487e+05
1.72000000e-01,1.04000000e-01,1.94018193e+04,1.30686245e+05,1.63383409e+05
1.76000000e-01,1.04000000e-01,1.88848105e+04,1.27743596e+05,1.53589218e+05
1.80000000e-01,1.04000000e-01,1.83798705e+04,1.24672024e+05,1.44409277e+05
1.84000000e-01,1.04000000e-01,1.78874343e+04,1.21509017e+05,1.35810622e+05
1.88000000e-01,1.04000000e-01,1.74077984e+04,1.18286618e+05,1.27760486e+05
1.92000000e-01,1.04000000e-01,1.69411414e+04,1.15032051e+05,1.20226691e+05
1.96000000e-01,1.04000000e-01,1.64875420e+04,1.11768298e+05,1.13177952e+05
2.00000000e-01,1.04000000e-01,1.60469950e+04,nan,nan
-2.00000000e-01,1.08000000e-01,-1.56223653e+04,nan,nan
-1.96000000e-01,1.08000000e-01,-1.60370055e+04,1.05072902e+05,-1.11974591e+05
-1.92000000e-01,1.08000000e-01,-1.64629485e+04,1.07885320e+05,-1.18750182e+05
-1.88000000e-01,1.08000000e-01,-1.69000881e+04,1.10660268e+05,-1.25971895e+05
-1.84000000e-01,1.08000000e-01,-1.73482306e+04,1.13374045e+05,-1.33666082e+05
-1.80000000e-01,1.08000000e-01,-1.78070804e+04,1.15998987e+05,-1.41859454e+05
-1.76000000e-01,1.08000000e-01,-1.82762225e+04,1.18502979e+05,-1.50578751e+05
-1.72000000e-01,1.08000000e-01,-1.87551042e+04,1.20848934e+05,-1.59850313e+05
-1.68000000e-01,1.08000000e-01,-1.92430140e+04,1.22994249e+05,-1.69699552e+05
-1.64000000e-01,1.08000000e-01,-1.97390582e+04,1.24890237e+05,-1.80150289e+05
-1.60000000e-01,1.08000000e-01,-2.02421359e+04,1.26481563e+05,-1.91223947e+05
-1.56000000e-01,1.08000000e-01,-2.07509107e+04,1.27705692e+05,-2.02938581e+05
-1.52000000e-01,1.08000000e-01,-2.12637814e+04,1.28492373e+05,-2.15307710e+05
-1.48000000e-01,1.08000000e-01,-2.17788497e+04,1.28763200e+05,-2.28338956e+05
-1.44000000e-01,1.08000000e-01,-2.22938870e+04,1.28431285e+05,-2.42032456e+05
-1.40000000e-01,1.08000000e-01,-2.28063000e+04,1.27401093e+05,-2.56379043e+05
-1.36000000e-01,1.08000000e-01,-2.33130958e+04,1.25568499e+05,-2.71358204e+05
-1.32000000e-01,1.08000000e-01,-2.38108480e+04,1.22821138e+05,-2.86935811e+05
-1.28000000e-01,1.08000000e-01,-2.42956649e+04,1.19039123e+05,-3.03061665e+05
-1.24000000e-01,1.08000000e-01,-2.47631610e+04,1.14096216e+05,-3.19666906e+05
-1.20000000e-01,1.08000000e-01,-2.52084346e+04,1.07861539e+05,-3.36661348e+05
-1.16000000e-01,1.08000000e-01,-2.56260533e+04,1.00201901e+05,-3.53930872e+05
-1.12000000e-01,1.08000000e-01,-2.60100498e+04,9.09848212e+04,-3.71334999e+05
-1.08000000e-01,1.08000000e-01,-2.63539319e+04,8.00822821e+04,-3.88704830e+05
-1.04000000e-01,1.08000000e-01,-2.66507081e+04,6.73752301e+04,-4.05841566e+05
-1.00000000e-01,1.08000000e-01,-2.68929337e+04,5.27587844e+04,-4.22515850e+05
-9.60000000e-02,1.08000000e-01,-2.70727783e+04,3.61480497e+04,-4.38468177e+05
-9.20000000e-02,1.08000000e-01,-2.71821181e+04,1.74843562e+04,-4.53410634e+05
-8.80000000e-02,1.08000000e-01,-2.72126532e+04,-3.25833031e+03,-4.67030184e+05
-8.40000000e-02,1.08000000e-01,-2.71560515e+04,-2.60671674e+04,-4.78993657e+05
-8.00000000e-02,1.08000000e-01,-2.70041159e+04,-5.08847700e+04,-4.88954510e+05
-7.60000000e-02,1.08000000e-01,-2.67489733e+04,-7.76045702e+04,-4.96561305e+05
-7.20000000e-02,1.08000000e-01,-2.63832793e+04,-1.06067660e+05,-5.01467672e+05
-6.80000000e-02,1.08000000e-01,-2.59004320e+04,-1.36061537e+05,-5.03343409e+05
-6.40000000e-02,1.08000000e-01,-2.52947870e+04,-1.67321075e+05,-5.01886161e+05
-6.00000000e-02,1.08000000e-01,-2.45618634e+04,-1.99531909e+05,-4.96833045e+05
-5.60000000e-02,1.08000000e-01,-2.36985317e+04,-2.32336226e+05,-4.87971501e+05
-5.20000000e-02,1.08000000e-01,-2.27031736e+04,-2.65340756e+05,-4.75148628e+05
-4.80000000e-02,1.08000000e-01,-2.15758057e+04,-2.98126559e+05,-4.58278410e+05
-4.40000000e-02,1.08000000e-01,-2.03181611e+04,-3.30260039e+05,-4.37346316e+05
-4.00000000e-02,1.08000000e-01,-1.89337254e+04,-3.61304488e+05,-4.12411064e+05
-3.60000000e-02,1.08000000e-01,-1.74277252e+04,-3.90831460e+05,-3.83603520e+05
-3.20000000e-02,1.08000000e-01,-1.58070737e+04,-4.18431304e+05,-3.51122999e+05
-2.80000000e-02,1.08000000e-01,-1.40802748e+04,-4.43722325e+05,-3.15231419e+05
-2.40000000e-02,1.08000000e-01,-1.22572951e+04,-4.66358208e+05,-2.76245915e+05
-2.00000000e-02,1.08000000e-01,-1.03494091e+04,-4.86033566e+05,-2.34530575e+05
-1.60000000e-02,1.08000000e-01,-8.36902657e+03,-5.02487665e+05,-1.90487930e+05
-1.20000000e-02,1.08000000e-01,-6.32950781e+03,-5.15506569e+05,-1.44550739e+05
-8.00000000e-03,1.08000000e-01,-4.24497402e+03,-5.24924058e+05,-9.71744247e+04
-4.00000000e-03,1.08000000e-01,-2.13011535e+03,-5.30621752e+05,-4.88303629e+04
0.00000000e+00,1.08000000e-01,0.00000000e+00,-5.32528837e+05,-0.00000000e+00
4.00000000e-03,1.08000000e-01,2.13011535e+03,-5.30621752e+05,4.88303629e+04
8.00000000e-03,1.08000000e-01,4.24497402e+03,-5.24924058e+05,9.71744247e+04
1.20000000e-02,1.08000000e-01,6.32950781e+03,-5.15506569e+05,1.44550739e+05
1.60000000e-02,1.08000000e-01,8.36902657e+03,-5.02487665e+05,1.90487930e+05
2.00000000e-02,1.08000000e-01,1.03494091e+04,-4.86033566e+05,2.34530575e+05
2.40000000e-02,1.08000000e-01,1.22572951e+04,-4.66358208e+05,2.76245915e+05
2.80000000e-02,1.08000000e-01,1.40802748e+04,-4.43722325e+05,3.15231419e+05
3.20000000e-02,1.08000000e-01,1.58070737e+04,-4.18431304e+05,3.51122999e+05
3.60000000e-02,1.08000000e-01,1.74277252e+04,-3.90831460e+05,3.83603520e+05
4.00000000e-02,1.08000000e-01,1.89337254e+04,-3.61304488e+05,4.12411064e+05
4.40000000e-02,1.08000000e-01,2.03181611e+04,-3.30260039e+05,4.37346316e+05
4.80000000e-02,1.08000000e-01,2.15758057e+04,-2.98126559e+05,4.58278410e+05
5.20000000e-02,1.08000000e-01,2.27031736e+04,-2.65340756e+05,4.75148628e+05
5.60000000e-02,1.08000000e-01,2.36985317e+04,-2.32336226e+05,4.87971501e+05
6.00000000e-02,1.08000000e-01,2.45618634e+04,-1.99531909e+05,4.96833045e+05
6.40000000e-02,1.08000000e-01,2.52947870e+04,-1.67321075e+05,5.01886161e+05
6.80000000e-02,1.08000000e-01,2.59004320e+04,-1.36061537e+05,5.03343409e+05
7.20000000e-02,1.08000000e-01,2.63832793e+04,-1.06067660e+05,5.01467672e+05
7.60000000e-02,1.08000000e-01,2.67489733e+04,-7.76045702e+04,4.96561305e+05
8.00000000e-02,1.08000000e-01,2.70041159e+04,-5.08847700e+04,4.88954510e+05
8.40000000e-02,1.08000000e-01,2.71560515e+04,-2.60671674e+04,4.78993657e+05
8.80000000e-02,1.08000000e-01,2.72126532e+04,-3.25833031e+03,4.67030184e+05
9.20000000e-02,1.08000000e-01,2.71821181e+04,1.74843562e+04,4.53410634e+05
9.60000000e-02,1.08000000e-01,2.70727783e+04,3.61480497e+04,4.38468177e+05
1.00000000e-01,1.08000000e-01,2.68929337e+04,5.27587844e+04,4.22515850e+05
1.04000000e-01,1.08000000e-01,2.66507081e+04,6.73752301e+04,4.05841566e+05
1.08000000e-01,1.08000000e-01,2.63539319e+04,8.00822821e+04,3.88704830e+05
1.12000000e-01,1.08000000e-01,2.60100498e+04,9.09848212e+04,3.71334999e+05
1.16000000e-01,1.08000000e-01,2.56260533e+04,1.00201901e+05,3.53930872e+05
1.20000000e-01,1.08000000e-01,2.52084346e+04,1.07861539e+05,3.36661348e+05
1.24000000e-01,1.08000000e-01,2.47631610e+04,1.14096216e+05,3.19666906e+05
1.28000000e-01,1.08000000e-01,2.42956649e+04,1.19039123e+05,3.03061665e+05
1.32000000e-01,1.08000000e-01,2.38108480e+04,1.22821138e+05,2.86935811e+05
1.36000000e-01,1.08000000e-01,2.33130958e+04,1.25568499e+05,2.71358204e+05
1.40000000e-01,1.08000000e-01,2.28063000e+04,1.27401093e+05,2.56379043e+05
1.44000000e-01,1.08000000e-01,2.22938870e+04,1.28431285e+05,2.42032456e+05
1.48000000e-01,1.08000000e-01,2.17788497e+04,1.28763200e+05,2.28338956e+05
1.52000000e-01,1.08000000e-01,2.12637814e+04,1.28492373e+05,2.15307710e+05
1.56000000e-01,1.08000000e-01,2.07509107e+04,1.27705692e+05,2.02938581e+05
1.60000000e-01,1.08000000e-01,2.02421359e+04,1.26481563e+05,1.91223947e+05
1.64000000e-01,1.08000000e-01,1.97390582e+04,1.24890237e+05,1.80150289e+05
1.68000000e-01,1.08000000e-01,1.92430140e+04,1.22994249e+05,1.69699552e+05
1.72000000e-01,1.08000000e-01,1.87551042e+04,1.20848934e+05,1.59850313e+05
1.76000000e-01,1.08000000e-01,1.82762225e+04,1.18502979e+05,1.50578751e+05
1.80000000e-01,1.08000000e-01,1.78070804e+04,1.15998987e+05,1.41859454e+05
1.84000000e-01,1.08000000e-01,1.73482306e+04,1.13374045e+05,1.33666082e+05
1.88000000e-01,1.08000000e-01,1.69000881e+04,1.10660268e+05,1.25971895e+05
1.92000000e-01,1.08000000e-01,1.64629485e+04,1.07885320e+05,1.18750182e+05
1.96000000e-01,1.08000000e-01,1.60370055e+04,1.05072902e+05,1.11974591e+05
2.00000000e-01,1.08000000e-01,1.56223653e+04,nan,nan
-2.00000000e-01,1.12000000e-01,-1.52020400e+04,nan,nan
-1.96000000e-01,1.12000000e-01,-1.55917453e+04,9.86374942e+04,-1.10553362e+05
-1.92000000e-01,1.12000000e-01,-1.59911399e+04,1.01034747e+05,-1.17049587e+05
-1.88000000e-01,1.12000000e-01,-1.64000232e+04,1.03370718e+05,-1.23954409e+05
-1.84000000e-01,1.12000000e-01,-1.68181057e+04,1.05621457e+05,-1.31289711e+05
-1.80000000e-01,1.12000000e-01,-1.72449949e+04,1.07759355e+05,-1.39077298e+05
-1.76000000e-01,1.12000000e-01,-1.76801805e+04,1.09752737e+05,-1.47338546e+05
-1.72000000e-01,1.12000000e-01,-1.81230168e+04,1.11565444e+05,-1.56093973e+05
-1.68000000e-01,1.12000000e-01,-1.85727040e+04,1.13156390e+05,-1.65362707e+05
-1.64000000e-01,1.12000000e-01,-1.90282679e+04,1.14479132e+05,-1.75161851e+05
-1.60000000e-01,1.12000000e-01,-1.94885371e+04,1.15481444e+05,-1.85505711e+05
-1.56000000e-01,1.12000000e-01,-1.99521195e+04,1.16104928e+05,-1.96404888e+05
-1.52000000e-01,1.12000000e-01,-2.04173765e+04,1.16284675e+05,-2.07865224e+05
-1.48000000e-01,1.12000000e-01,-2.08823969e+04,1.15949017e+05,-2.19886572e+05
-1.44000000e-01,1.12000000e-01,-2.13449687e+04,1.15019390e+05,-2.32461398e+05
-1.40000000e-01,1.12000000e-01,-2.18025520e+04,1.13410370e+05,-2.45573220e+05
-1.36000000e-01,1.12000000e-01,-2.22522516e+04,1.11029915e+05,-2.59194868e+05
-1.32000000e-01,1.12000000e-01,-2.26907913e+04,1.07779874e+05,-2.73286610e+05
-1.28000000e-01,1.12000000e-01,-2.31144906e+04,1.03556827e+05,-2.87794161e+05
-1.24000000e-01,1.12000000e-01,-2.35192459e+04,9.82533111e+04,-3.02646628e+05
-1.20000000e-01,1.12000000e-01,-2.39005171e+04,9.17594973e+04,-3.17754473e+05
-1.16000000e-01,1.12000000e-01,-2.42533219e+04,8.39653722e+04,-3.33007579e+05
-1.12000000e-01,1.12000000e-01,-2.45722401e+04,7.47634604e+04,-3.48273539e+05
-1.08000000e-01,1.12000000e-01,-2.48514296e+04,6.40521092e+04,-3.63396333e+05
-1.04000000e-01,1.12000000e-01,-2.50846570e+04,5.17393220e+04,-3.78195524e+05
-1.00000000e-01,1.12000000e-01,-2.52653442e+04,3.77470880e+04,-3.92466197e+05
-9.60000000e-02,1.12000000e-01,-2.53866337e+04,2.20161049e+04,-4.05979785e+05
-9.20000000e-02,1.12000000e-01,-2.54414730e+04,4.51073966e+03,-4.18485995e+05
-8.80000000e-02,1.12000000e-01,-2.54227196e+04,-1.47759873e+04,-4.29715936e+05
-8.40000000e-02,1.12000000e-01,-2.53232651e+04,-3.58176632e+04,-4.39386580e+05
-8.00000000e-02,1.12000000e-01,-2.51361783e+04,-5.85502968e+04,-4.47206543e+05
-7.60000000e-02,1.12000000e-01,-2.48548627e+04,-8.28690195e+04,-4.52883112e+05
-7.20000000e-02,1.12000000e-01,-2.44732261e+04,-1.08626000e+05,-4.56130337e+05
-6.80000000e-02,1.12000000e-01,-2.39858547e+04,-1.35629864e+05,-4.56677878e+05
-6.40000000e-02,1.12000000e-01,-2.33881872e+04,-1.63646833e+05,-4.54280200e+05
-6.00000000e-02,1.12000000e-01,-2.26766801e+04,-1.92403693e+05,-4.48725636e+05
-5.60000000e-02,1.12000000e-01,-2.18489577e+04,-2.21592571e+05,-4.39844787e+05
-5.20000000e-02,1.12000000e-01,-2.09039395e+04,-2.50877355e+05,-4.27517762e+05
-4.80000000e-02,1.12000000e-01,-1.98419388e+04,-2.79901446e+05,-4.11679781e+05
-4.40000000e-02,1.12000000e-01,-1.86647279e+04,-3.08296439e+05,-3.92324833e+05
-4.00000000e-02,1.12000000e-01,-1.73755673e+04,-3.35691234e+05,-3.69507200e+05
-3.60000000e-02,1.12000000e-01,-1.59791981e+04,-3.61721068e+05,-3.43340829e+05
-3.20000000e-02,1.12000000e-01,-1.44817988e+04,-3.86035992e+05,-3.13996737e+05
-2.80000000e-02,1.12000000e-01,-1.28909101e+04,-4.08308405e+05,-2.81698735e+05
-2.40000000e-02,1.12000000e-01,-1.12153315e+04,-4.28239363e+05,-2.46717907e+05
-2.00000000e-02,1.12000000e-01,-9.46499521e+03,-4.45563542e+05,-2.09366269e+05
-1.60000000e-02,1.12000000e-01,-7.65082319e+03,-4.60052867e+05,-1.69990085e+05
-1.20000000e-02,1.12000000e-01,-5.78457228e+03,-4.71518933e+05,-1.28963200e+05
-8.00000000e-03,1.12000000e-01,-3.87867172e+03,-4.79814448e+05,-8.66806732e+04
-4.00000000e-03,1.12000000e-01,-1.94605669e+03,-4.84833966e+05,-4.35528636e+04
0.00000000e+00,1.12000000e-01,0.00000000e+00,-4.86514174e+05,-0.00000000e+00
4.00000000e-03,1.12000000e-01,1.94605669e+03,-4.84833966e+05,4.35528636e+04
8.00000000e-03,1.12000000e-01,3.87867172e+03,-4.79814448e+05,8.66806732e+04
1.20000000e-02,1.12000000e-01,5.78457228e+03,-4.71518933e+05,1.28963200e+05
1.60000000e-02,1.12000000e-01,7.65082319e+03,-4.60052867e+05,1.69990085e+05
2.00000000e-02,1.12000000e-01,9.46499521e+03,-4.45563542e+05,2.09366269e+05
2.40000000e-02,1.12000000e-01,1.12153315e+04,-4.28239363e+05,2.46717907e+05
2.80000000e-02,1.12000000e-01,1.28909101e+04,-4.08308405e+05,2.81698735e+05
3.20000000e-02,1.12000000e-01,1.44817988e+04,-3.86035992e+05,3.13996737e+05
3.60000000e-02,1.12000000e-01,1.59791981e+04,-3.61721068e+05,3.43340829e+05
4.00000000e-02,1.12000000e-01,1.73755673e+04,-3.35691234e+05,3.69507200e+05
4.40000000e-02,1.12000000e-01,1.86647279e+04,-3.08296439e+05,3.92324833e+05
4.80000000e-02,1.12000000e-01,1.98419388e+04,-2.79901446e+05,4.11679781e+05
5.20000000e-02,1.12000000e-01,2.09039395e+04,-2.50877355e+05,4.27517762e+05
5.60000000e-02,1.12000000e-01,2.18489577e+04,-2.21592571e+05,4.39844787e+05
6.00000000e-02,1.12000000e-01,2.26766801e+04,-1.92403693e+05,4.48725636e+05
6.40000000e-02,1.12000000e-01,2.33881872e+04,-1.63646833e+05,4.54280200e+05
6.80000000e-02,1.12000000e-01,2.39858547e+04,-1.35629864e+05,4.56677878e+05
7.20000000e-02,1.12000000e-01,2.44732261e+04,-1.08626000e+05,4.56130337e+05
7.60000000e-02,1.12000000e-01,2.48548627e+04,-8.28690195e+04,4.52883112e+05
8.00000000e-02,1.12000000e-01,2.51361783e+04,-5.85502968e+04,4.47206543e+05
8.40000000e-02,1.12000000e-01,2.53232651e+04,-3.58176632e+04,4.39386580e+05
8.80000000e-02,1.12000000e-01,2.54227196e+04,-1.47759873e+04,4.29715936e+05
9.20000000e-02,1.12000000e-01,2.54414730e+04,4.51073966e+03,4.18485995e+05
9.60000000e-02,1.12000000e-01,2.53866337e+04,2.20161049e+04,4.05979785e+05
1.00000000e-01,1.12000000e-01,2.52653442e+04,3.77470880e+04,3.92466197e+05
1.04000000e-01,1.12000000e-01,2.50846570e+04,5.17393220e+04,3.78195524e+05
1.08000000e-01,1.12000000e-01,2.48514296e+04,6.40521092e+04,3.63396333e+05
1.12000000e-01,1.12000000e-01,2.45722401e+04,7.47634604e+04,3.48273539e+05
1.16000000e-01,1.12000000e-01,2.42533219e+04,8.39653722e+04,3.33007579e+05
1.20000000e-01,1.12000000e-01,2.39005171e+04,9.17594973e+04,3.17754473e+05
1.24000000e-01,1.12000000e-01,2.35192459e+04,9.82533111e+04,3.02646628e+05
1.28000000e-01,1.12000000e-01,2.31144906e+04,1.03556827e+05,2.87794161e+05
1.32000000e-01,1.12000000e-01,2.26907913e+04,1.07779874e+05,2.73286610e+05
1.36000000e-01,1.12000000e-01,2.22522516e+04,1.11029915e+05,2.59194868e+05
1.40000000e-01,1.12000000e-01,2.18025520e+04,1.13410370e+05,2.45573220e+05
1.44000000e-01,1.12000000e-01,2.13449687e+04,1.15019390e+05,2.32461398e+05
1.48000000e-01,1.12000000e-01,2.08823969e+04,1.15949017e+05,2.19886572e+05
1.52000000e-01,1.12000000e-01,2.04173765e+04,1.16284675e+05,2.07865224e+05
1.56000000e-01,1.12000000e-01,1.99521195e+04,1.16104928e+05,1.96404888e+05
1.60000000e-01,1.12000000e-01,1.94885371e+04,1.15481444e+05,1.85505711e+05
1.64000000e-01,1.12000000e-01,1.90282679e+04,1.14479132e+05,1.75161851e+05
1.68000000e-01,1.12000000e-01,1.85727040e+04,1.13156390e+05,1.65362707e+05
1.72000000e-01,1.12000000e-01,1.81230168e+04,1.11565444e+05,1.56093973e+05
1.76000000e-01,1.12000000e-01,1.76801805e+04,1.09752737e+05,1.47338546e+05
1.80000000e-01,1.12000000e-01,1.72449949e+04,1.07759355e+05,1.39077298e+05
1.84000000e-01,1.12000000e-01,1.68181057e+04,1.05621457e+05,1.31289711e+05
1.88000000e-01,1.12000000e-01,1.64000232e+04,1.03370718e+05,1.23954409e+05
1.92000000e-01,1.12000000e-01,1.59911399e+04,1.01034747e+05,1.17049587e+05
1.96000000e-01,1.12000000e-01,1.55917453e+04,9.86374942e+04,1.10553362e+05
2.00000000e-01,1.12000000e-01,1.52020400e+04,nan,nan
-2.00000000e-01,1.16000000e-01,-1.47868129e+04,nan,nan
-1.96000000e-01,1.16000000e-01,-1.51525786e+04,9.24673601e+04,-1.08940654e+05
-1.92000000e-01,1.16000000e-01,-1.55265518e+04,9.44842735e+04,-1.15154138e+05
-1.88000000e-01,1.16000000e-01,-1.59084528e+04,9.64201436e+04,-1.21740326e+05
-1.84000000e-01,1.16000000e-01,-1.62979129e+04,9.82511552e+04,-1.28717085e+05
-1.80000000e-01,1.16000000e-01,-1.66944620e+04,9.99501518e+04,-1.36101852e+05
-1.76000000e-01,1.16000000e-01,-1.70975142e+04,1.01486304e+05,-1.43911278e+05
-1.72000000e-01,1.16000000e-01,-1.75063525e+04,1.02824773e+05,-1.52160806e+05
-1.68000000e-01,1.16000000e-01,-1.79201123e+04,1.03926370e+05,-1.60864156e+05
-1.64000000e-01,1.16000000e-01,-1.83377634e+04,1.04747234e+05,-1.70032719e+05
-1.60000000e-01,1.16000000e-01,-1.87580902e+04,1.05238527e+05,-1.79674838e+05
-1.56000000e-01,1.16000000e-01,-1.91796716e+04,1.05346179e+05,-1.89794985e+05
-1.52000000e-01,1.16000000e-01,-1.96008596e+04,1.05010690e+05,-2.00392800e+05
-1.48000000e-01,1.16000000e-01,-2.00197572e+04,1.04167026e+05,-2.11462012e+05
-1.44000000e-01,1.16000000e-01,-2.04341959e+04,1.02744637e+05,-2.22989224e+05
-1.40000000e-01,1.16000000e-01,-2.08417142e+04,1.00667623e+05,-2.34952576e+05
-1.36000000e-01,1.16000000e-01,-2.12395368e+04,9.78551082e+04,-2.47320297e+05
-1.32000000e-01,1.16000000e-01,-2.16245551e+04,9.42218448e+04,-2.60049163e+05
-1.28000000e-01,1.16000000e-01,-2.19933116e+04,8.96791053e+04,-2.73082905e+05
-1.24000000e-01,1.16000000e-01,-2.23419880e+04,8.41359038e+04,-2.86350606e+05
-1.20000000e-01,1.16000000e-01,-2.26663988e+04,7.75005880e+04,-2.99765158e+05
-1.16000000e-01,1.16000000e-01,-2.29619927e+04,6.96828346e+04,-3.13221867e+05
-1.12000000e-01,1.16000000e-01,-2.32238615e+04,6.05960669e+04,-3.26597291e+05
-1.08000000e-01,1.16000000e-01,-2.34467612e+04,5.01602973e+04,-3.39748444e+05
-1.04000000e-01,1.16000000e-01,-2.36251439e+04,3.83053663e+04,-3.52512483e+05
-1.00000000e-01,1.16000000e-01,-2.37532041e+04,2.49745232e+04,-3.64707022e+05
-9.60000000e-02,1.16000000e-01,-2.38249401e+04,1.01282516e+04,-3.76131203e+05
-9.20000000e-02,1.16000000e-01,-2.38342301e+04,-6.25179414e+03,-3.86567639e+05
-8.80000000e-02,1.16000000e-01,-2.37749257e+04,-2.41589162e+04,-3.95785323e+05
-8.40000000e-02,1.16000000e-01,-2.36409588e+04,-4.35577751e+04,-4.03543555e+05
-8.00000000e-02,1.16000000e-01,-2.34264635e+04,-6.43813016e+04,-4.09596856e+05
-7.60000000e-02,1.16000000e-01,-2.31259084e+04,-8.65283640e+04,-4.13700803e+05
-7.20000000e-02,1.16000000e-01,-2.27342366e+04,-1.09862426e+05,-4.15618619e+05
-6.80000000e-02,1.16000000e-01,-2.22470090e+04,-1.34211400e+05,-4.15128260e+05
-6.40000000e-02,1.16000000e-01,-2.16605454e+04,-1.59368832e+05,-4.12029707e+05
-6.00000000e-02,1.16000000e-01,-2.09720583e+04,-1.85096497e+05,-4.06152091e+05
-5.60000000e-02,1.16000000e-01,-2.01797734e+04,-2.11128353e+05,-3.97360266e+05
-5.20000000e-02,1.16000000e-01,-1.92830315e+04,-2.37175749e+05,-3.85560459e+05
-4.80000000e-02,1.16000000e-01,-1.82823674e+04,-2.62933630e+05,-3.70704677e+05
-4.40000000e-02,1.16000000e-01,-1.71795625e+04,-2.88087458e+05,-3.52793628e+05
-4.00000000e-02,1.16000000e-01,-1.59776678e+04,-3.12320484e+05,-3.31878017e+05
-3.60000000e-02,1.16000000e-01,-1.46809986e+04,-3.35320996e+05,-3.08058222e+05
-3.20000000e-02,1.16000000e-01,-1.32950998e+04,-3.56789210e+05,-2.81482437e+05
-2.80000000e-02,1.16000000e-01,-1.18266849e+04,-3.76443495e+05,-2.52343503e+05
-2.40000000e-02,1.16000000e-01,-1.02835518e+04,-3.94025741e+05,-2.20874709e+05
-2.00000000e-02,1.16000000e-01,-8.67447898e+03,-4.09305744e+05,-1.87344864e+05
-1.60000000e-02,1.16000000e-01,-7.00910589e+03,-4.22084597e+05,-1.52052979e+05
-1.20000000e-02,1.16000000e-01,-5.29780221e+03,-4.32197157e+05,-1.15322811e+05
-8.00000000e-03,1.16000000e-01,-3.55152863e+03,-4.39513721e+05,-7.74974891e+04
-4.00000000e-03,1.16000000e-01,-1.78169244e+03,-4.43941079e+05,-3.89343454e+04
0.00000000e+00,1.16000000e-01,0.00000000e+00,-4.45423110e+05,-0.00000000e+00
4.00000000e-03,1.16000000e-01,1.78169244e+03,-4.43941079e+05,3.89343454e+04
8.00000000e-03,1.16000000e-01,3.55152863e+03,-4.39513721e+05,7.74974891e+04
1.20000000e-02,1.16000000e-01,5.29780221e+03,-4.32197157e+05,1.15322811e+05
1.60000000e-02,1.16000000e-01,7.00910589e+03,-4.22084597e+05,1.52052979e+05
2.00000000e-02,1.16000000e-01,8.67447898e+03,-4.09305744e+05,1.87344864e+05
2.40000000e-02,1.16000000e-01,1.02835518e+04,-3.94025741e+05,2.20874709e+05
2.80000000e-02,1.16000000e-01,1.18266849e+04,-3.76443495e+05,2.52343503e+05
3.20000000e-02,1.16000000e-01,1.32950998e+04,-3.56789210e+05,2.81482437e+05
3.60000000e-02,1.16000000e-01,1.46809986e+04,-3.35320996e+05,3.08058222e+05
4.00000000e-02,1.16000000e-01,1.59776678e+04,-3.12320484e+05,3.31878017e+05
4.40000000e-02,1.16000000e-01,1.71795625e+04,-2.88087458e+05,3.52793628e+05
4.80000000e-02,1.16000000e-01,1.82823674e+04,-2.62933630e+05,3.70704677e+05
5.20000000e-02,1.16000000e-01,1.92830315e+04,-2.37175749e+05,3.85560459e+05
5.60000000e-02,1.16000000e-01,2.01797734e+04,-2.11128353e+05,3.97360266e+05
6.00000000e-02,1.16000000e-01,2.09720583e+04,-1.85096497e+05,4.06152091e+05
6.40000000e-02,1.16000000e-01,2.16605454e+04,-1.59368832e+05,4.12029707e+05
6.80000000e-02,1.16000000e-01,2.22470090e+04,-1.34211400e+05,4.15128260e+05
7.20000000e-02,1.16000000e-01,2.27342366e+04,-1.09862426e+05,4.15618619e+05
7.60000000e-02,1.16000000e-01,2.31259084e+04,-8.65283640e+04,4.13700803e+05
8.00000000e-02,1.16000000e-01,2.34264635e+04,-6.43813016e+04,4.09596856e+05
8.40000000e-02,1.16000000e-01,2.36409588e+04,-4.35577751e+04,4.03543555e+05
8.80000000e-02,1.16000000e-01,2.37749257e+04,-2.41589162e+04,3.95785323e+05
9.20000000e-02,1.16000000e-01,2.38342301e+04,-6.25179414e+03,3.86567639e+05
9.60000000e-02,1.16000000e-01,2.38249401e+04,1.01282516e+04,3.76131203e+05
1.00000000e-01,1.16000000e-01,2.37532041e+04,2.49745232e+04,3.64707022e+05
1.04000000e-01,1.16000000e-01,2.36251439e+04,3.83053663e+04,3.52512483e+05
1.08000000e-01,1.16000000e-01,2.34467612e+04,5.01602973e+04,3.39748444e+05
1.12000000e-01,1.16000000e-01,2.32238615e+04,6.05960669e+04,3.26597291e+05
1.16000000e-01,1.16000000e-01,2.29619927e+04,6.96828346e+04,3.13221867e+05
1.20000000e-01,1.16000000e-01,2.26663988e+04,7.75005880e+04,2.99765158e+05
1.24000000e-01,1.16000000e-01,2.23419880e+04,8.41359038e+04,2.86350606e+05
1.28000000e-01,1.16000000e-01,2.19933116e+04,8.96791053e+04,2.73082905e+05
1.32000000e-01,1.16000000e-01,2.16245551e+04,9.42218448e+04,2.60049163e+05
1.36000000e-01,1.16000000e-01,2.12395368e+04,9.78551082e+04,2.47320297e+05
1.40000000e-01,1.16000000e-01,2.08417142e+04,1.00667623e+05,2.34952576e+05
1.44000000e-01,1.16000000e-01,2.04341959e+04,1.02744637e+05,2.22989224e+05
1.48000000e-01,1.16000000e-01,2.00197572e+04,1.04167026e+05,2.11462012e+05
1.52000000e-01,1.16000000e-01,1.96008596e+04,1.05010690e+05,2.00392800e+05
1.56000000e-01,1.16000000e-01,1.91796716e+04,1.05346179e+05,1.89794985e+05
1.60000000e-01,1.16000000e-01,1.87580902e+04,1.05238527e+05,1.79674838e+05
1.64000000e-01,1.16000000e-01,1.83377634e+04,1.04747234e+05,1.70032719e+05
1.68000000e-01,1.16000000e-01,1.79201123e+04,1.03926370e+05,1.60864156e+05
1.72000000e-01,1.16000000e-01,1.75063525e+04,1.02824773e+05,1.52160806e+05
1.76000000e-01,1.16000000e-01,1.70975142e+04,1.01486304e+05,1.43911278e+05
1.80000000e-01,1.16000000e-01,1.66944620e+04,9.99501518e+04,1.36101852e+05
1.84000000e-01,1.16000000e-01,1.62979129e+04,9.82511552e+04,1.28717085e+05
1.88000000e-01,1.16000000e-01,1.59084528e+04,9.64201436e+04,1.21740326e+05
1.92000000e-01,1.16000000e-01,1.55265518e+04,9.44842735e+04,1.15154138e+05
1.96000000e-01,1.16000000e-01,1.51525786e+04,9.24673601e+04,1.08940654e+05
2.00000000e-01,1.16000000e-01,1.47868129e+04,nan,nan
-2.00000000e-01,1.20000000e-01,-1.43773851e+04,nan,nan
-1.96000000e-01,1.20000000e-01,-1.47202200e+04,8.65652142e+04,-1.07161454e+05
-1.92000000e-01,1.20000000e-01,-1.50699068e+04,8.82350753e+04,-1.13091323e+05
-1.88000000e-01,1.20000000e-01,-1.54261006e+04,8.98077713e+04,-1.19359794e+05
-1.84000000e-01,1.20000000e-01,-1.57883690e+04,9.12599311e+04,-1.25981154e+05
-1.80000000e-01,1.20000000e-01,-1.61561801e+04,9.25651616e+04,-1.32968985e+05
-1.76000000e-01,1.20000000e-01,-1.65288903e+04,9.36937829e+04,-1.40335812e+05
-1.72000000e-01,1.20000000e-01,-1.69057303e+04,9.46125658e+04,-1.48092695e+05
-1.68000000e-01,1.20000000e-01,-1.72857908e+04,9.52844779e+04,-1.56248741e+05
-1.64000000e-01,1.20000000e-01,-1.76680062e+04,9.56684504e+04,-1.64810538e+05
-1.60000000e-01,1.20000000e-01,-1.80511384e+04,9.57191777e+04,-1.73781498e+05
-1.56000000e-01,1.20000000e-01,-1.84337596e+04,9.53869658e+04,-1.83161110e+05
-1.52000000e-01,1.20000000e-01,-1.88142341e+04,9.46176483e+04,-1.92944090e+05
-1.48000000e-01,1.20000000e-01,-1.91907008e+04,9.33525933e+04,-2.03119437e+05
-1.44000000e-01,1.20000000e-01,-1.95610549e+04,9.15288259e+04,-2.13669390e+05
-1.40000000e-01,1.20000000e-01,-1.99229314e+04,8.90792969e+04,-2.24568302e+05
-1.36000000e-01,1.20000000e-01,-2.02736892e+04,8.59333276e+04,-2.35781437e+05
-1.32000000e-01,1.20000000e-01,-2.06103980e+04,8.20172659e+04,-2.47263725e+05
-1.28000000e-01,1.20000000e-01,-2.09298274e+04,7.72553850e+04,-2.58958500e+05
-1.24000000e-01,1.20000000e-01,-2.12284411e+04,7.15710586e+04,-2.70796266e+05
-1.20000000e-01,1.20000000e-01,-2.15023958e+04,6.48882359e+04,-2.82693558e+05
-1.16000000e-01,1.20000000e-01,-2.17475470e+04,5.71332388e+04,-2.94551955e+05
-1.12000000e-01,1.20000000e-01,-2.19594618e+04,4.82368833e+04,-3.06257335e+05
-1.08000000e-01,1.20000000e-01,-2.21334420e+04,3.81369176e+04,-3.17679467e+05
-1.04000000e-01,1.20000000e-01,-2.22645571e+04,2.67807441e+04,-3.28672026e+05
-1.00000000e-01,1.20000000e-01,-2.23476880e+04,1.41283679e+04,-3.39073147e+05
-9.60000000e-02,1.20000000e-01,-2.23775840e+04,1.55488360e+02,-3.48706601e+05
-9.20000000e-02,1.20000000e-01,-2.23489319e+04,-1.51433806e+04,-3.57383684e+05
-8.80000000e-02,1.20000000e-01,-2.22564370e+04,-3.17519040e+04,-3.64905856e+05
-8.40000000e-02,1.20000000e-01,-2.20949167e+04,-4.96291956e+04,-3.71068168e+05
-8.00000000e-02,1.20000000e-01,-2.18594034e+04,-6.87075449e+04,-3.75663435e+05
-7.60000000e-02,1.20000000e-01,-2.15452563e+04,-8.88907832e+04,-3.78487084e+05
-7.20000000e-02,1.20000000e-01,-2.11482772e+04,-1.10053457e+05,-3.79342528e+05
-6.80000000e-02,1.20000000e-01,-2.06648286e+04,-1.32040952e+05,-3.78046889e+05
-6.40000000e-02,1.20000000e-01,-2.00919495e+04,-1.54670664e+05,-3.74436813e+05
-6.00000000e-02,1.20000000e-01,-1.94274633e+04,-1.77734252e+05,-3.68374114e+05
-5.60000000e-02,1.20000000e-01,-1.86700755e+04,-2.01000939e+05,-3.59750961e+05
-5.20000000e-02,1.20000000e-01,-1.78194558e+04,-2.24221766e+05,-3.48494332e+05
-4.80000000e-02,1.20000000e-01,-1.68763014e+04,-2.47134615e+05,-3.34569499e+05
-4.40000000e-02,1.20000000e-01,-1.58423789e+04,-2.69469779e+05,-3.17982379e+05
-4.00000000e-02,1.20000000e-01,-1.47205432e+04,-2.90955829e+05,-2.98780625e+05
-3.60000000e-02,1.20000000e-01,-1.35147323e+04,-3.11325488e+05,-2.77053482e+05
-3.20000000e-02,1.20000000e-01,-1.22299393e+04,-3.30321274e+05,-2.52930434e+05
-2.80000000e-02,1.20000000e-01,-1.08721621e+04,-3.47700677e+05,-2.26578818e+05
-2.40000000e-02,1.20000000e-01,-9.44833385e+03,-3.63240723e+05,-1.98200576e+05
-2.00000000e-02,1.20000000e-01,-7.96623630e+03,-3.76741812e+05,-1.68028380e+05
-1.60000000e-02,1.20000000e-01,-6.43439935e+03,-3.88030815e+05,-1.36321341e+05
-1.20000000e-02,1.20000000e-01,-4.86198979e+03,-3.96963443e+05,-1.03360517e+05
-8.00000000e-03,1.20000000e-01,-3.25869181e+03,-4.03425982e+05,-6.94443603e+04
-4.00000000e-03,1.20000000e-01,-1.63458193e+03,-4.07336476e+05,-3.48842303e+04
0.00000000e+00,1.20000000e-01,0.00000000e+00,-4.08645483e+05,-0.00000000e+00
4.00000000e-03,1.20000000e-01,1.63458193e+03,-4.07336476e+05,3.48842303e+04
8.00000000e-03,1.20000000e-01,3.25869181e+03,-4.03425982e+05,6.94443603e+04
1.20000000e-02,1.20000000e-01,4.86198979e+03,-3.96963443e+05,1.03360517e+05
1.60000000e-02,1.20000000e-01,6.43439935e+03,-3.88030815e+05,1.36321341e+05
2.00000000e-02,1.20000000e-01,7.96623630e+03,-3.76741812e+05,1.68028380e+05
2.40000000e-02,1.20000000e-01,9.44833385e+03,-3.63240723e+05,1.98200576e+05
2.80000000e-02,1.20000000e-01,1.08721621e+04,-3.47700677e+05,2.26578818e+05
3.20000000e-02,1.20000000e-01,1.22299393e+04,-3.30321274e+05,2.52930434e+05
3.60000000e-02,1.20000000e-01,1.35147323e+04,-3.11325488e+05,2.77053482e+05
4.00000000e-02,1.20000000e-01,1.47205432e+04,-2.90955829e+05,2.98780625e+05
4.40000000e-02,1.20000000e-01,1.58423789e+04,-2.69469779e+05,3.17982379e+05
4.80000000e-02,1.20000000e-01,1.68763014e+04,-2.47134615e+05,3.34569499e+05
5.20000000e-02,1.20000000e-01,1.78194558e+04,-2.24221766e+05,3.48494332e+05
5.60000000e-02,1.20000000e-01,1.86700755e+04,-2.01000939e+05,3.59750961e+05
6.00000000e-02,1.20000000e-01,1.94274633e+04,-1.77734252e+05,3.68374114e+05
6.40000000e-02,1.20000000e-01,2.00919495e+04,-1.54670664e+05,3.74436813e+05
6.80000000e-02,1.20000000e-01,2.06648286e+04,-1.32040952e+05,3.78046889e+05
7.20000000e-02,1.20000000e-01,2.11482772e+04,-1.10053457e+05,3.79342528e+05
7.60000000e-02,1.20000000e-01,2.15452563e+04,-8.88907832e+04,3.78487084e+05
8.00000000e-02,1.20000000e-01,2.18594034e+04,-6.87075449e+04,3.75663435e+05
8.40000000e-02,1.20000000e-01,2.20949167e+04,-4.96291956e+04,3.71068168e+05
8.80000000e-02,1.20000000e-01,2.22564370e+04,-3.17519040e+04,3.64905856e+05
9.20000000e-02,1.20000000e-01,2.23489319e+04,-1.51433806e+04,3.57383684e+05
9.60000000e-02,1.20000000e-01,2.23775840e+04,1.55488360e+02,3.48706601e+05
1.00000000e-01,1.20000000e-01,2.23476880e+04,1.41283679e+04,3.39073147e+05
1.04000000e-01,1.20000000e-01,2.22645571e+04,2.67807441e+04,3.28672026e+05
1.08000000e-01,1.20000000e-01,2.21334420e+04,3.81369176e+04,3.17679467e+05
1.12000000e-01,1.20000000e-01,2.19594618e+04,4.82368833e+04,3.06257335e+05
1.16000000e-01,1.20000000e-01,2.17475470e+04,5.71332388e+04,2.94551955e+05
1.20000000e-01,1.20000000e-01,2.15023958e+04,6.48882359e+04,2.82693558e+05
1.24000000e-01,1.20000000e-01,2.12284411e+04,7.15710586e+04,2.70796266e+05
1.28000000e-01,1.20000000e-01,2.09298274e+04,7.72553850e+04,2.58958500e+05
1.32000000e-01,1.20000000e-01,2.06103980e+04,8.20172659e+04,2.47263725e+05
1.36000000e-01,1.20000000e-01,2.02736892e+04,8.59333276e+04,2.35781437e+05
1.40000000e-01,1.20000000e-01,1.99229314e+04,8.90792969e+04,2.24568302e+05
1.44000000e-01,1.20000000e-01,1.95610549e+04,9.15288259e+04,2.13669390e+05
1.48000000e-01,1.20000000e-01,1.91907008e+04,9.33525933e+04,2.03119437e+05
1.52000000e-01,1.20000000e-01,1.88142341e+04,9.46176483e+04,1.92944090e+05
1.56000000e-01,1.20000000e-01,1.84337596e+04,9.53869658e+04,1.83161110e+05
1.60000000e-01,1.20000000e-01,1.80511384e+04,9.57191777e+04,1.73781498e+05
1.64000000e-01,1.20000000e-01,1.76680062e+04,9.56684504e+04,1.64810538e+05
1.68000000e-01,1.20000000e-01,1.72857908e+04,9.52844779e+04,1.56248741e+05
1.72000000e-01,1.20000000e-01,1.69057303e+04,9.46125658e+04,1.48092695e+05
1.76000000e-01,1.20000000e-01,1.65288903e+04,9.36937829e+04,1.40335812e+05
1.80000000e-01,1.20000000e-01,1.61561801e+04,9.25651616e+04,1.32968985e+05
1.84000000e-01,1.20000000e-01,1.57883690e+04,9.12599311e+04,1.25981154e+05
1.88000000e-01,1.20000000e-01,1.54261006e+04,8.98077713e+04,1.19359794e+05
1.92000000e-01,1.20000000e-01,1.50699068e+04,8.82350753e+04,1.13091323e+05
1.96000000e-01,1.20000000e-01,1.47202200e+04,8.65652142e+04,1.07161454e+05
2.00000000e-01,1.20000000e-01,1.43773851e+04,nan,nan
-2.00000000e-01,1.24000000e-01,-1.39743691e+04,nan,nan
-1.96000000e-01,1.24000000e-01,-1.42952870e+04,8.09315124e+04,-1.05239252e+05
-1.92000000e-01,1.24000000e-01,-1.46218212e+04,8.22859343e+04,-1.10886800e+05
-1.88000000e-01,1.24000000e-01,-1.49535744e+04,8.35303132e+04,-1.16840744e+05
-1.84000000e-01,1.24000000e-01,-1.52900637e+04,8.46419640e+04,-1.23112210e+05
-1.80000000e-01,1.24000000e-01,-1.56307102e+04,8.55954935e+04,-1.29711402e+05
-1.76000000e-01,1.24000000e-01,-1.59748277e+04,8.63625937e+04,-1.36647274e+05
-1.72000000e-01,1.24000000e-01,-1.63216109e+04,8.69118435e+04,-1.43927136e+05
-1.68000000e-01,1.24000000e-01,-1.66701224e+04,8.72085270e+04,-1.51556199e+05
-1.64000000e-01,1.24000000e-01,-1.70192791e+04,8.72144766e+04,-1.59537058e+05
-1.60000000e-01,1.24000000e-01,-1.73678382e+04,8.68879549e+04,-1.67869097e+05
-1.56000000e-01,1.24000000e-01,-1.77143828e+04,8.61835870e+04,-1.76547819e+05
-1.52000000e-01,1.24000000e-01,-1.80573069e+04,8.50523630e+04,-1.85564103e+05
-1.48000000e-01,1.24000000e-01,-1.83948017e+04,8.34417262e+04,-1.94903388e+05
-1.44000000e-01,1.24000000e-01,-1.87248407e+04,8.12957715e+04,-2.04544787e+05
-1.40000000e-01,1.24000000e-01,-1.90451678e+04,7.85555758e+04,-2.14460145e+05
-1.36000000e-01,1.24000000e-01,-1.93532853e+04,7.51596846e+04,-2.24613055e+05
-1.32000000e-01,1.24000000e-01,-1.96464453e+04,7.10447818e+04,-2.34957862e+05
-1.28000000e-01,1.24000000e-01,-1.99216436e+04,6.61465647e+04,-2.45438673e+05
-1.24000000e-01,1.24000000e-01,-2.01756178e+04,6.04008459e+04,-2.55988429e+05
-1.20000000e-01,1.24000000e-01,-2.04048504e+04,5.37448994e+04,-2.66528078e+05
-1.16000000e-01,1.24000000e-01,-2.06055770e+04,4.61190571e+04,-2.76965906e+05
-1.12000000e-01,1.24000000e-01,-2.07738028e+04,3.74685540e+04,-2.87197105e+05
-1.08000000e-01,1.24000000e-01,-2.09053255e+04,2.77456063e+04,-2.97103630e+05
-1.04000000e-01,1.24000000e-01,-2.09957677e+04,1.69116872e+04,-3.06554446e+05
-1.00000000e-01,1.24000000e-01,-2.10406190e+04,4.93994862e+03,-3.15406209e+05
-9.60000000e-02,1.24000000e-01,-2.10352873e+04,-8.18228545e+03,-3.23504476e+05
-9.20000000e-02,1.24000000e-01,-2.09751607e+04,-2.24510489e+04,-3.30685475e+05
-8.80000000e-02,1.24000000e-01,-2.08556789e+04,-3.78434002e+04,-3.36778475e+05
-8.40000000e-02,1.24000000e-01,-2.06724135e+04,-5.43153545e+04,-3.41608758e+05
-8.00000000e-02,1.24000000e-01,-2.04211560e+04,-7.18002176e+04,-3.45001157e+05
-7.60000000e-02,1.24000000e-01,-2.00980117e+04,-9.02074567e+04,-3.46784086e+05
-7.20000000e-02,1.24000000e-01,-1.96994964e+04,-1.09422232e+05,-3.46793951e+05
-6.80000000e-02,1.24000000e-01,-1.92226339e+04,-1.29305685e+05,-3.44879778e+05
-6.40000000e-02,1.24000000e-01,-1.86650509e+04,-1.49696057e+05,-3.40907893e+05
-6.00000000e-02,1.24000000e-01,-1.80250654e+04,-1.70410645e+05,-3.34766418e+05
-5.60000000e-02,1.24000000e-01,-1.73017657e+04,-1.91248571e+05,-3.26369400e+05
-5.20000000e-02,1.24000000e-01,-1.64950769e+04,-2.11994287e+05,-3.15660342e+05
-4.80000000e-02,1.24000000e-01,-1.56058114e+04,-2.32421677e+05,-3.02614986e+05
-4.40000000e-02,1.24000000e-01,-1.46357034e+04,-2.52298584e+05,-2.87243204e+05
-4.00000000e-02,1.24000000e-01,-1.35874228e+04,-2.71391587e+05,-2.69589917e+05
-3.60000000e-02,1.24000000e-01,-1.24645707e+04,-2.89470805e+05,-2.49735045e+05
-3.20000000e-02,1.24000000e-01,-1.12716563e+04,-3.06314546e+05,-2.27792505e+05
-2.80000000e-02,1.24000000e-01,-1.00140544e+04,-3.21713637e+05,-2.03908380e+05
-2.40000000e-02,1.24000000e-01,-8.69794723e+03,-3.35475303e+05,-1.78258375e+05
-2.00000000e-02,1.24000000e-01,-7.33025194e+03,-3.47426509e+05,-1.51044715e+05
-1.60000000e-02,1.24000000e-01,-5.91853515e+03,-3.57416734e+05,-1.22492660e+05
-1.20000000e-02,1.24000000e-01,-4.47091807e+03,-3.65320176e+05,-9.28467692e+04
-8.00000000e-03,1.24000000e-01,-2.99597375e+03,-3.71037435e+05,-6.23670477e+04
-4.00000000e-03,1.24000000e-01,-1.50261860e+03,-3.74496719e+05,-3.13250493e+04
0.00000000e+00,1.24000000e-01,0.00000000e+00,-3.75654649e+05,-0.00000000e+00
4.00000000e-03,1.24000000e-01,1.50261860e+03,-3.74496719e+05,3.13250493e+04
8.00000000e-03,1.24000000e-01,2.99597375e+03,-3.71037435e+05,6.23670477e+04
1.20000000e-02,1.24000000e-01,4.47091807e+03,-3.65320176e+05,9.28467692e+04
1.60000000e-02,1.24000000e-01,5.91853515e+03,-3.57416734e+05,1.22492660e+05
2.00000000e-02,1.24000000e-01,7.33025194e+03,-3.47426509e+05,1.51044715e+05
2.40000000e-02,1.24000000e-01,8.69794723e+03,-3.35475303e+05,1.78258375e+05
2.80000000e-02,1.24000000e-01,1.00140544e+04,-3.21713637e+05,2.03908380e+05
3.20000000e-02,1.24000000e-01,1.12716563e+04,-3.06314546e+05,2.27792505e+05
3.60000000e-02,1.24000000e-01,1.24645707e+04,-2.89470805e+05,2.49735045e+05
4.00000000e-02,1.24000000e-01,1.35874228e+04,-2.71391587e+05,2.69589917e+05
4.40000000e-02,1.24000000e-01,1.46357034e+04,-2.52298584e+05,2.87243204e+05
4.80000000e-02,1.24000000e-01,1.56058114e+04,-2.32421677e+05,3.02614986e+05
5.20000000e-02,1.24000000e-01,1.64950769e+04,-2.11994287e+05,3.15660342e+05
5.60000000e-02,1.24000000e-01,1.73017657e+04,-1.91248571e+05,3.26369400e+05
6.00000000e-02,1.24000000e-01,1.80250654e+04,-1.70410645e+05,3.34766418e+05
6.40000000e-02,1.24000000e-01,1.86650509e+04,-1.49696057e+05,3.40907893e+05
6.80000000e-02,1.24000000e-01,1.92226339e+04,-1.29305685e+05,3.44879778e+05
7.20000000e-02,1.24000000e-01,1.96994964e+04,-1.09422232e+05,3.46793951e+05
7.60000000e-02,1.24000000e-01,2.00980117e+04,-9.02074567e+04,3.46784086e+05
8.00000000e-02,1.24000000e-01,2.04211560e+04,-7.18002176e+04,3.45001157e+05
8.40000000e-02,1.24000000e-01,2.06724135e+04,-5.43153545e+04,3.41608758e+05
8.80000000e-02,1.24000000e-01,2.08556789e+04,-3.78434002e+04,3.36778475e+05
9.20000000e-02,1.24000000e-01,2.09751607e+04,-2.24510489e+04,3.30685475e+05
9.60000000e-02,1.24000000e-01,2.10352873e+04,-8.18228545e+03,3.23504476e+05
1.00000000e-01,1.24000000e-01,2.10406190e+04,4.93994862e+03,3.15406209e+05
1.04000000e-01,1.24000000e-01,2.09957677e+04,1.69116872e+04,3.06554446e+05
1.08000000e-01,1.24000000e-01,2.09053255e+04,2.77456063e+04,2.97103630e+05
1.12000000e-01,1.24000000e-01,2.07738028e+04,3.74685540e+04,2.87197105e+05
1.16000000e-01,1.24000000e-01,2.06055770e+04,4.61190571e+04,2.76965906e+05
1.20000000e-01,1.24000000e-01,2.04048504e+04,5.37448994e+04,2.66528078e+05
1.24000000e-01,1.24000000e-01,2.01756178e+04,6.04008459e+04,2.55988429e+05
1.28000000e-01,1.24000000e-01,1.99216436e+04,6.61465647e+04,2.45438673e+05
1.32000000e-01,1.24000000e-01,1.96464453e+04,7.10447818e+04,2.34957862e+05
1.36000000e-01,1.24000000e-01,1.93532853e+04,7.51596846e+04,2.24613055e+05
1.40000000e-01,1.24000000e-01,1.90451678e+04,7.85555758e+04,2.14460145e+05
1.44000000e-01,1.24000000e-01,1.87248407e+04,8.12957715e+04,2.04544787e+05
1.48000000e-01,1.24000000e-01,1.83948017e+04,8.34417262e+04,1.94903388e+05
1.52000000e-01,1.24000000e-01,1.80573069e+04,8.50523630e+04,1.85564103e+05
1.56000000e-01,1.24000000e-01,1.77143828e+04,8.61835870e+04,1.76547819e+05
1.60000000e-01,1.24000000e-01,1.73678382e+04,8.68879549e+04,1.67869097e+05
1.64000000e-01,1.24000000e-01,1.70192791e+04,8.72144766e+04,1.59537058e+05
1.68000000e-01,1.24000000e-01,1.66701224e+04,8.72085270e+04,1.51556199e+05
1.72000000e-01,1.24000000e-01,1.63216109e+04,8.69118435e+04,1.43927136e+05
1.76000000e-01,1.24000000e-01,1.59748277e+04,8.63625937e+04,1.36647274e+05
1.80000000e-01,1.24000000e-01,1.56307102e+04,8.55954935e+04,1.29711402e+05
1.84000000e-01,1.24000000e-01,1.52900637e+04,8.46419640e+04,1.23112210e+05
1.88000000e-01,1.24000000e-01,1.49535744e+04,8.35303132e+04,1.16840744e+05
1.92000000e-01,1.24000000e-01,1.46218212e+04,8.22859343e+04,1.10886800e+05
1.96000000e-01,1.24000000e-01,1.42952870e+04,8.09315124e+04,1.05239252e+05
2.00000000e-01,1.24000000e-01,1.39743691e+04,nan,nan
-2.00000000e-01,1.28000000e-01,-1.35782944e+04,nan,nan
-1.96000000e-01,1.28000000e-01,-1.38783060e+04,7.55647516e+04,-1.03195971e+05
-1.92000000e-01,1.28000000e-01,-1.41828124e+04,7.66335827e+04,-1.08564351e+05
-1.88000000e-01,1.28000000e-01,-1.44913747e+04,7.75823614e+04,-1.14208882e+05
-1.84000000e-01,1.28000000e-01,-1.48034713e+04,7.83892732e+04,-1.20137911e+05
-1.80000000e-01,1.28000000e-01,-1.51184889e+04,7.90300970e+04,-1.26358717e+05
-1.76000000e-01,1.28000000e-01,-1.54357121e+04,7.94780495e+04,-1.32877185e+05
-1.72000000e-01,1.28000000e-01,-1.57543133e+04,7.97036413e+04,-1.39697448e+05
-1.68000000e-01,1.28000000e-01,-1.60733412e+04,7.96745552e+04,-1.46821464e+05
-1.64000000e-01,1.28000000e-01,-1.63917097e+04,7.93555520e+04,-1.54248550e+05
-1.60000000e-01,1.28000000e-01,-1.67081856e+04,7.87084172e+04,-1.61974843e+05
-1.56000000e-01,1.28000000e-01,-1.70213770e+04,7.76919602e+04,-1.69992718e+05
-1.52000000e-01,1.28000000e-01,-1.73297213e+04,7.62620791e+04,-1.78290134e+05
-1.48000000e-01,1.28000000e-01,-1.76314737e+04,7.43719091e+04,-1.86849944e+05
-1.44000000e-01,1.28000000e-01,-1.79246966e+04,7.19720692e+04,-1.95649141e+05
-1.40000000e-01,1.28000000e-01,-1.82072502e+04,6.90110288e+04,-2.04658084e+05
-1.36000000e-01,1.28000000e-01,-1.84767848e+04,6.54356105e+04,-2.13839703e+05
-1.32000000e-01,1.28000000e-01,-1.87307351e+04,6.11916480e+04,-2.23148702e+05
-1.28000000e-01,1.28000000e-01,-1.89663180e+04,5.62248175e+04,-2.32530809e+05
-1.24000000e-01,1.28000000e-01,-1.91805336e+04,5.04816533e+04,-2.41922079e+05
-1.20000000e-01,1.28000000e-01,-1.93701712e+04,4.39107589e+04,-2.51248314e+05
-1.16000000e-01,1.28000000e-01,-1.95318197e+04,3.64642122e+04,-2.60424647e+05
-1.12000000e-01,1.28000000e-01,-1.96618849e+04,2.80991595e+04,-2.69355321e+05
-1.08000000e-01,1.28000000e-01,-1.97566130e+04,1.87795766e+04,-2.77933751e+05
-1.04000000e-01,1.28000000e-01,-1.98121215e+04,8.47816536e+03,-2.86042901e+05
-1.00000000e-01,1.28000000e-01,-1.98244383e+04,-2.82166256e+03,-2.93556038e+05
-9.60000000e-02,1.28000000e-01,-1.97895482e+04,-1.51237777e+04,-3.00337910e+05
-9.20000000e-02,1.28000000e-01,-1.97034481e+04,-2.84173792e+04,-3.06246382e+05
-8.80000000e-02,1.28000000e-01,-1.95622092e+04,-4.26751868e+04,-3.11134544e+05
-8.40000000e-02,1.28000000e-01,-1.93620466e+04,-5.78518778e+04,-3.14853271e+05
-8.00000000e-02,1.28000000e-01,-1.90993942e+04,-7.38828737e+04,-3.17254228e+05
-7.60000000e-02,1.28000000e-01,-1.87709836e+04,-9.06835770e+04,-3.18193226e+05
-7.20000000e-02,1.28000000e-01,-1.83739256e+04,-1.08149149e+05,-3.17533849e+05
-6.80000000e-02,1.28000000e-01,-1.79057904e+04,-1.26154894e+05,-3.15151227e+05
-6.40000000e-02,1.28000000e-01,-1.73646864e+04,-1.44557304e+05,-3.10935811e+05
-6.00000000e-02,1.28000000e-01,-1.67493320e+04,-1.63195759e+05,-3.04796991e+05
-5.60000000e-02,1.28000000e-01,-1.60591203e+04,-1.81894862e+05,-2.96666390e+05
-5.20000000e-02,1.28000000e-01,-1.52941731e+04,-2.00467353e+05,-2.86500698e+05
-4.80000000e-02,1.28000000e-01,-1.44553815e+04,-2.18717477e+05,-2.74283895e+05
-4.40000000e-02,1.28000000e-01,-1.35444333e+04,-2.36444710e+05,-2.60028779e+05
-4.00000000e-02,1.28000000e-01,-1.25638238e+04,-2.53447669e+05,-2.43777736e+05
-3.60000000e-02,1.28000000e-01,-1.15168519e+04,-2.69528075e+05,-2.25602733e+05
-3.20000000e-02,1.28000000e-01,-1.04075992e+04,-2.84494610e+05,-2.05604566e+05
-2.80000000e-02,1.28000000e-01,-9.24089504e+03,-2.98166548e+05,-1.83911422e+05
-2.40000000e-02,1.28000000e-01,-8.02226685e+03,-3.10377057e+05,-1.60676855e+05
-2.00000000e-02,1.28000000e-01,-6.75787858e+03,-3.20976096e+05,-1.36077282e+05
-1.60000000e-02,1.28000000e-01,-5.45445808e+03,-3.29832869e+05,-1.10309116e+05
-1.20000000e-02,1.28000000e-01,-4.11921563e+03,-3.36837831e+05,-8.35856449e+04
-8.00000000e-03,1.28000000e-01,-2.75975543e+03,-3.41904262e+05,-5.61337527e+04
-4.00000000e-03,1.28000000e-01,-1.38398154e+03,-3.44969429e+05,-2.81905561e+04
0.00000000e+00,1.28000000e-01,0.00000000e+00,-3.45995384e+05,-0.00000000e+00
4.00000000e-03,1.28000000e-01,1.38398154e+03,-3.44969429e+05,2.81905561e+04
8.00000000e-03,1.28000000e-01,2.75975543e+03,-3.41904262e+05,5.61337527e+04
1.20000000e-02,1.28000000e-01,4.11921563e+03,-3.36837831e+05,8.35856449e+04
1.60000000e-02,1.28000000e-01,5.45445808e+03,-3.29832869e+05,1.10309116e+05
2.00000000e-02,1.28000000e-01,6.75787858e+03,-3.20976096e+05,1.36077282e+05
2.40000000e-02,1.28000000e-01,8.02226685e+03,-3.10377057e+05,1.60676855e+05
2.80000000e-02,1.28000000e-01,9.24089504e+03,-2.98166548e+05,1.83911422e+05
3.20000000e-02,1.28000000e-01,1.04075992e+04,-2.84494610e+05,2.05604566e+05
3.60000000e-02,1.28000000e-01,1.15168519e+04,-2.69528075e+05,2.25602733e+05
4.00000000e-02,1.28000000e-01,1.25638238e+04,-2.53447669e+05,2.43777736e+05
4.40000000e-02,1.28000000e-01,1.35444333e+04,-2.36444710e+05,2.60028779e+05
4.80000000e-02,1.28000000e-01,1.44553815e+04,-2.18717477e+05,2.74283895e+05
5.20000000e-02,1.28000000e-01,1.52941731e+04,-2.00467353e+05,2.86500698e+05
5.60000000e-02,1.28000000e-01,1.60591203e+04,-1.81894862e+05,2.96666390e+05
6.00000000e-02,1.28000000e-01,1.67493320e+04,-1.63195759e+05,3.04796991e+05
6.40000000e-02,1.28000000e-01,1.73646864e+04,-1.44557304e+05,3.10935811e+05
6.80000000e-02,1.28000000e-01,1.79057904e+04,-1.26154894e+05,3.15151227e+05
7.20000000e-02,1.28000000e-01,1.83739256e+04,-1.08149149e+05,3.17533849e+05
7.60000000e-02,1.28000000e-01,1.87709836e+04,-9.06835770e+04,3.18193226e+05
8.00000000e-02,1.28000000e-01,1.90993942e+04,-7.38828737e+04,3.17254228e+05
8.40000000e-02,1.28000000e-01,1.93620466e+04,-5.78518778e+04,3.14853271e+05
8.80000000e-02,1.28000000e-01,1.95622092e+04,-4.26751868e+04,3.11134544e+05
9.20000000e-02,1.28000000e-01,1.97034481e+04,-2.84173792e+04,3.06246382e+05
9.60000000e-02,1.28000000e-01,1.97895482e+04,-1.51237777e+04,3.00337910e+05
1.00000000e-01,1.28000000e-01,1.98244383e+04,-2.82166256e+03,2.93556038e+05
1.04000000e-01,1.28000000e-01,1.98121215e+04,8.47816536e+03,2.86042901e+05
1.08000000e-01,1.28000000e-01,1.97566130e+04,1.87795766e+04,2.77933751e+05
1.12000000e-01,1.28000000e-01,1.96618849e+04,2.80991595e+04,2.69355321e+05
1.16000000e-01,1.28000000e-01,1.95318197e+04,3.64642122e+04,2.60424647e+05
1.20000000e-01,1.28000000e-01,1.93701712e+04,4.39107589e+04,2.51248314e+05
1.24000000e-01,1.28000000e-01,1.91805336e+04,5.04816533e+04,2.41922079e+05
1.28000000e-01,1.28000000e-01,1.89663180e+04,5.62248175e+04,2.32530809e+05
1.32000000e-01,1.28000000e-01,1.87307351e+04,6.11916480e+04,2.23148702e+05
1.36000000e-01,1.28000000e-01,1.84767848e+04,6.54356105e+04,2.13839703e+05
1.40000000e-01,1.28000000e-01,1.82072502e+04,6.90110288e+04,2.04658084e+05
1.44000000e-01,1.28000000e-01,1.79246966e+04,7.19720692e+04,1.95649141e+05
1.48000000e-01,1.28000000e-01,1.76314737e+04,7.43719091e+04,1.86849944e+05
1.52000000e-01,1.28000000e-01,1.73297213e+04,7.62620791e+04,1.78290134e+05
1.56000000e-01,1.28000000e-01,1.70213770e+04,7.76919602e+04,1.69992718e+05
1.60000000e-01,1.28000000e-01,1.67081856e+04,7.87084172e+04,1.61974843e+05
1.64000000e-01,1.28000000e-01,1.63917097e+04,7.93555520e+04,1.54248550e+05
1.68000000e-01,1.28000000e-01,1.60733412e+04,7.96745552e+04,1.46821464e+05
1.72000000e-01,1.28000000e-01,1.57543133e+04,7.97036413e+04,1.39697448e+05
1.76000000e-01,1.28000000e-01,1.54357121e+04,7.94780495e+04,1.32877185e+05
1.80000000e-01,1.28000000e-01,1.51184889e+04,7.90300970e+04,1.26358717e+05
1.84000000e-01,1.28000000e-01,1.48034713e+04,7.83892732e+04,1.20137911e+05
1.88000000e-01,1.28000000e-01,1.44913747e+04,7.75823614e+04,1.14208882e+05
1.92000000e-01,1.28000000e-01,1.41828124e+04,7.66335827e+04,1.08564351e+05
1.96000000e-01,1.28000000e-01,1.38783060e+04,7.55647516e+04,1.03195971e+05
2.00000000e-01,1.28000000e-01,1.35782944e+04,nan,nan
-2.00000000e-01,1.32000000e-01,-1.31896124e+04,nan,nan
-1.96000000e-01,1.32000000e-01,-1.34697192e+04,7.04617507e+04,-1.01051948e+05
-1.92000000e-01,1.32000000e-01,-1.37533064e+04,7.12730241e+04,-1.06145882e+05
-1.88000000e-01,1.32000000e-01,-1.40399034e+04,7.19567531e+04,-1.11487703e+05
-1.84000000e-01,1.32000000e-01,-1.43289604e+04,7.24921283e+04,-1.17083343e+05
-1.80000000e-01,1.32000000e-01,-1.46198404e+04,7.28562197e+04,-1.22937559e+05
-1.76000000e-01,1.32000000e-01,-1.49118102e+04,7.30238633e+04,-1.29053628e+05
-1.72000000e-01,1.32000000e-01,-1.52040313e+04,7.29675647e+04,-1.35433019e+05
-1.68000000e-01,1.32000000e-01,-1.54955507e+04,7.26574249e+04,-1.42075006e+05
-1.64000000e-01,1.32000000e-01,-1.57852907e+04,7.20610977e+04,-1.48976248e+05
-1.60000000e-01,1.32000000e-01,-1.60720395e+04,7.11437871e+04,-1.56130317e+05
-1.56000000e-01,1.32000000e-01,-1.63544410e+04,6.98682956e+04,-1.63527182e+05
-1.52000000e-01,1.32000000e-01,-1.66309858e+04,6.81951363e+04,-1.71152655e+05
-1.48000000e-01,1.32000000e-01,-1.69000021e+04,6.60827197e+04,-1.78987796e+05
-1.44000000e-01,1.32000000e-01,-1.71596476e+04,6.34876316e+04,-1.87008295e+05
-1.40000000e-01,1.32000000e-01,-1.74079032e+04,6.03650142e+04,-1.95183831e+05
-1.36000000e-01,1.32000000e-01,-1.76425677e+04,5.66690664e+04,-2.03477435e+05
-1.32000000e-01,1.32000000e-01,-1.78612557e+04,5.23536749e+04,-2.11844876e+05
-1.28000000e-01,1.32000000e-01,-1.80613971e+04,4.73731883e+04,-2.20234081e+05
-1.24000000e-01,1.32000000e-01,-1.82402412e+04,4.16833410e+04,-2.28584642e+05
-1.20000000e-01,1.32000000e-01,-1.83948638e+04,3.52423316e+04,-2.36827422e+05
-1.16000000e-01,1.32000000e-01,-1.85221799e+04,2.80120507e+04,-2.44884322e+05
-1.12000000e-01,1.32000000e-01,-1.86189603e+04,1.99594494e+04,-2.52668224e+05
-1.08000000e-01,1.32000000e-01,-1.86818554e+04,1.10580256e+04,-2.60083181e+05
-1.04000000e-01,1.32000000e-01,-1.87074245e+04,1.28940069e+03,-2.67024875e+05
-1.00000000e-01,1.32000000e-01,-1.86921707e+04,-9.35505964e+03,-2.73381394e+05
-9.60000000e-02,1.32000000e-01,-1.86325840e+04,-2.08726301e+04,-2.79034348e+05
-9.20000000e-02,1.32000000e-01,-1.85251896e+04,-3.32476829e+04,-2.83860364e+05
-8.80000000e-02,1.32000000e-01,-1.83666025e+04,-4.64502886e+04,-2.87732934e+05
-8.40000000e-02,1.32000000e-01,-1.81535873e+04,-6.04350392e+04,-2.90524637e+05
-8.00000000e-02,1.32000000e-01,-1.78831222e+04,-7.51401732e+04,-2.92109673e+05
-7.60000000e-02,1.32000000e-01,-1.75524659e+04,-9.04870775e+04,-2.92366671e+05
-7.20000000e-02,1.32000000e-01,-1.71592256e+04,-1.06380232e+05,-2.91181685e+05
-6.80000000e-02,1.32000000e-01,-1.67014241e+04,-1.22707647e+05,-2.88451277e+05
-6.40000000e-02,1.32000000e-01,-1.61775644e+04,-1.39341821e+05,-2.84085588e+05
-6.00000000e-02,1.32000000e-01,-1.55866895e+04,-1.56141224e+05,-2.78011255e+05
-5.60000000e-02,1.32000000e-01,-1.49284346e+04,-1.72952279e+05,-2.70174065e+05
-5.20000000e-02,1.32000000e-01,-1.42030713e+04,-1.89611792e+05,-2.60541234e+05
-4.80000000e-02,1.32000000e-01,-1.34115403e+04,-2.05949758e+05,-2.49103195e+05
-4.40000000e-02,1.32000000e-01,-1.25554732e+04,-2.21792425e+05,-2.35874837e+05
-4.00000000e-02,1.32000000e-01,-1.16372009e+04,-2.36965541e+05,-2.20896137e+05
-3.60000000e-02,1.32000000e-01,-1.06597489e+04,-2.51297635e+05,-2.04232181e+05
-3.20000000e-02,1.32000000e-01,-9.62681980e+03,-2.64623235e+05,-1.85972571e+05
-2.80000000e-02,1.32000000e-01,-8.54276300e+03,-2.76785926e+05,-1.66230289e+05
-2.40000000e-02,1.32000000e-01,-7.41253239e+03,-2.87641164e+05,-1.45140056e+05
-2.00000000e-02,1.32000000e-01,-6.24163368e+03,-2.97058771e+05,-1.22856290e+05
-1.60000000e-02,1.32000000e-01,-5.03606222e+03,-3.04925096e+05,-9.95507220e+04
-1.20000000e-02,1.32000000e-01,-3.80223292e+03,-3.11144812e+05,-7.54097793e+04
-8.00000000e-03,1.32000000e-01,-2.54690373e+03,-3.15642346e+05,-5.06317905e+04
-4.00000000e-03,1.32000000e-01,-1.27709415e+03,-3.18362966e+05,-2.54240805e+04
0.00000000e+00,1.32000000e-01,0.00000000e+00,-3.19273537e+05,-0.00000000e+00
4.00000000e-03,1.32000000e-01,1.27709415e+03,-3.18362966e+05,2.54240805e+04
8.00000000e-03,1.32000000e-01,2.54690373e+03,-3.15642346e+05,5.06317905e+04
1.20000000e-02,1.32000000e-01,3.80223292e+03,-3.11144812e+05,7.54097793e+04
1.60000000e-02,1.32000000e-01,5.03606222e+03,-3.04925096e+05,9.95507220e+04
2.00000000e-02,1.32000000e-01,6.24163368e+03,-2.97058771e+05,1.22856290e+05
2.40000000e-02,1.32000000e-01,7.41253239e+03,-2.87641164e+05,1.45140056e+05
2.80000000e-02,1.32000000e-01,8.54276300e+03,-2.76785926e+05,1.66230289e+05
3.20000000e-02,1.32000000e-01,9.62681980e+03,-2.64623235e+05,1.85972571e+05
3.60000000e-02,1.32000000e-01,1.06597489e+04,-2.51297635e+05,2.04232181e+05
4.00000000e-02,1.32000000e-01,1.16372009e+04,-2.36965541e+05,2.20896137e+05
4.40000000e-02,1.32000000e-01,1.25554732e+04,-2.21792425e+05,2.35874837e+05
4.80000000e-02,1.32000000e-01,1.34115403e+04,-2.05949758e+05,2.49103195e+05
5.20000000e-02,1.32000000e-01,1.42030713e+04,-1.89611792e+05,2.60541234e+05
5.60000000e-02,1.32000000e-01,1.49284346e+04,-1.72952279e+05,2.70174065e+05
6.00000000e-02,1.32000000e-01,1.55866895e+04,-1.56141224e+05,2.78011255e+05
6.40000000e-02,1.32000000e-01,1.61775644e+04,-1.39341821e+05,2.84085588e+05
6.80000000e-02,1.32000000e-01,1.67014241e+04,-1.22707647e+05,2.88451277e+05
7.20000000e-02,1.32000000e-01,1.71592256e+04,-1.06380232e+05,2.91181685e+05
7.60000000e-02,1.32000000e-01,1.75524659e+04,-9.04870775e+04,2.92366671e+05
8.00000000e-02,1.32000000e-01,1.78831222e+04,-7.51401732e+04,2.92109673e+05
8.40000000e-02,1.32000000e-01,1.81535873e+04,-6.04350392e+04,2.90524637e+05
8.80000000e-02,1.32000000e-01,1.83666025e+04,-4.64502886e+04,2.87732934e+05
9.20000000e-02,1.32000000e-01,1.85251896e+04,-3.32476829e+04,2.83860364e+05
9.60000000e-02,1.32000000e-01,1.86325840e+04,-2.08726301e+04,2.79034348e+05
1.00000000e-01,1.32000000e-01,1.86921707e+04,-9.35505964e+03,2.73381394e+05
1.04000000e-01,1.32000000e-01,1.87074245e+04,1.28940069e+03,2.67024875e+05
1.08000000e-01,1.32000000e-01,1.86818554e+04,1.10580256e+04,2.60083181e+05
1.12000000e-01,1.32000000e-01,1.86189603e+04,1.99594494e+04,2.52668224e+05
1.16000000e-01,1.32000000e-01,1.85221799e+04,2.80120507e+04,2.44884322e+05
1.20000000e-01,1.32000000e-01,1.83948638e+04,3.52423316e+04,2.36827422e+05
1.24000000e-01,1.32000000e-01,1.82402412e+04,4.16833410e+04,2.28584642e+05
1.28000000e-01,1.32000000e-01,1.80613971e+04,4.73731883e+04,2.20234081e+05
1.32000000e-01,1.32000000e-01,1.78612557e+04,5.23536749e+04,2.11844876e+05
1.36000000e-01,1.32000000e-01,1.76425677e+04,5.66690664e+04,2.03477435e+05
1.40000000e-01,1.32000000e-01,1.74079032e+04,6.03650142e+04,1.95183831e+05
1.44000000e-01,1.32000000e-01,1.71596476e+04,6.34876316e+04,1.87008295e+05
1.48000000e-01,1.32000000e-01,1.69000021e+04,6.60827197e+04,1.78987796e+05
1.52000000e-01,1.32000000e-01,1.66309858e+04,6.81951363e+04,1.71152655e+05
1.56000000e-01,1.32000000e-01,1.63544410e+04,6.98682956e+04,1.63527182e+05
1.60000000e-01,1.32000000e-01,1.60720395e+04,7.11437871e+04,1.56130317e+05
1.64000000e-01,1.32000000e-01,1.57852907e+04,7.20610977e+04,1.48976248e+05
1.68000000e-01,1.32000000e-01,1.54955507e+04,7.26574249e+04,1.42075006e+05
1.72000000e-01,1.32000000e-01,1.52040313e+04,7.29675647e+04,1.35433019e+05
1.76000000e-01,1.32000000e-01,1.49118102e+04,7.30238633e+04,1.29053628e+05
1.80000000e-01,1.32000000e-01,1.46198404e+04,7.28562197e+04,1.22937559e+05
1.84000000e-01,1.32000000e-01,1.43289604e+04,7.24921283e+04,1.17083343e+05
1.88000000e-01,1.32000000e-01,1.40399034e+04,7.19567531e+04,1.11487703e+05
1.92000000e-01,1.32000000e-01,1.37533064e+04,7.12730241e+04,1.06145882e+05
1.96000000e-01,1.32000000e-01,1.34697192e+04,7.04617507e+04,1.01051948e+05
2.00000000e-01,1.32000000e-01,1.31896124e+04,nan,nan
-2.00000000e-01,1.36000000e-01,-1.28087021e+04,nan,nan
-1.96000000e-01,1.36000000e-01,-1.30698904e+04,6.56179116e+04,-9.88259254e+04
-1.92000000e-01,1.36000000e-01,-1.33336453e+04,6.61978283e+04,-1.03651441e+05
-1.88000000e-01,1.36000000e-01,-1.35994731e+04,6.66449007e+04,-1.08698551e+05
-1.84000000e-01,1.36000000e-01,-1.38668046e+04,6.69394170e+04,-1.13971106e+05
-1.80000000e-01,1.36000000e-01,-1.41349884e+04,6.70598117e+04,-1.19471710e+05
-1.76000000e-01,1.36000000e-01,-1.44032830e+04,6.69825890e+04,-1.25201446e+05
-1.72000000e-01,1.36000000e-01,-1.46708491e+04,6.66822633e+04,-1.31159573e+05
-1.68000000e-01,1.36000000e-01,-1.49367412e+04,6.61313260e+04,-1.37343178e+05
-1.64000000e-01,1.36000000e-01,-1.51998997e+04,6.53002414e+04,-1.43746803e+05
-1.60000000e-01,1.36000000e-01,-1.54591431e+04,6.41574838e+04,-1.50362033e+05
-1.56000000e-01,1.36000000e-01,-1.57131596e+04,6.26696225e+04,-1.57177045e+05
-1.52000000e-01,1.36000000e-01,-1.59605001e+04,6.08014649e+04,-1.64176138e+05
-1.48000000e-01,1.36000000e-01,-1.61995713e+04,5.85162688e+04,-1.71339233e+05
-1.44000000e-01,1.36000000e-01,-1.64286302e+04,5.57760348e+04,-1.78641363e+05
-1.40000000e-01,1.36000000e-01,-1.66457796e+04,5.25418885e+04,-1.86052150e+05
-1.36000000e-01,1.36000000e-01,-1.68489653e+04,4.87745649e+04,-1.93535308e+05
-1.32000000e-01,1.36000000e-01,-1.70359761e+04,4.44350021e+04,-2.01048162e+05
-1.28000000e-01,1.36000000e-01,-1.72044453e+04,3.94850521e+04,-2.08541227e+05
-1.24000000e-01,1.36000000e-01,-1.73518565e+04,3.38883126e+04,-2.15957860e+05
-1.20000000e-01,1.36000000e-01,-1.74755518e+04,2.76110788e+04,-2.23234015e+05
-1.16000000e-01,1.36000000e-01,-1.75727451e+04,2.06234104e+04,-2.30298142e+05
-1.12000000e-01,1.36000000e-01,-1.76405391e+04,1.29003001e+04,-2.37071253e+05
-1.08000000e-01,1.36000000e-01,-1.76759475e+04,4.42292506e+03,-2.43467184e+05
-1.04000000e-01,1.36000000e-01,-1.76759225e+04,-4.82004729e+03,-2.49393102e+05
-1.00000000e-01,1.36000000e-01,-1.76373872e+04,-1.48311356e+04,-2.54750269e+05
-9.60000000e-02,1.36000000e-01,-1.75572734e+04,-2.56027480e+04,-2.59435085e+05
-9.20000000e-02,1.36000000e-01,-1.74325652e+04,-3.71159651e+04,-2.63340429e+05
-8.80000000e-02,1.36000000e-01,-1.72603457e+04,-4.93394599e+04,-2.66357287e+05
-8.40000000e-02,1.36000000e-01,-1.70378495e+04,-6.22286164e+04,-2.68376661e+05
-8.00000000e-02,1.36000000e-01,-1.67625168e+04,-7.57249076e+04,-2.69291723e+05
-7.60000000e-02,1.36000000e-01,-1.64320502e+04,-8.97555887e+04,-2.69000160e+05
-7.20000000e-02,1.36000000e-01,-1.60444721e+04,-1.04233755e+05,-2.67406658e+05
-6.80000000e-02,1.36000000e-01,-1.55981802e+04,-1.19058798e+05,-2.64425439e+05
-6.40000000e-02,1.36000000e-01,-1.50920017e+04,-1.34117282e+05,-2.59982759e+05
-6.00000000e-02,1.36000000e-01,-1.45252419e+04,-1.49284235e+05,-2.54019286e+05
-5.60000000e-02,1.36000000e-01,-1.38977278e+04,-1.64424841e+05,-2.46492242e+05
-5.20000000e-02,1.36000000e-01,-1.32098432e+04,-1.79396482e+05,-2.37377244e+05
-4.80000000e-02,1.36000000e-01,-1.24625560e+04,-1.94051079e+05,-2.26669750e+05
-4.40000000e-02,1.36000000e-01,-1.16574346e+04,-2.08237652e+05,-2.14386064e+05
-4.00000000e-02,1.36000000e-01,-1.07966547e+04,-2.21805013e+05,-2.00563851e+05
-3.60000000e-02,1.36000000e-01,-9.88299447e+03,-2.34604509e+05,-1.85262160e+05
-3.20000000e-02,1.36000000e-01,-8.91981867e+03,-2.46492717e+05,-1.68560957e+05
-2.80000000e-02,1.36000000e-01,-7.91105273e+03,-2.57334033e+05,-1.50560198e+05
-2.40000000e-02,1.36000000e-01,-6.86114640e+03,-2.67003059e+05,-1.31378494e+05
-2.00000000e-02,1.36000000e-01,-5.77502826e+03,-2.75386762e+05,-1.11151411e+05
-1.60000000e-02,1.36000000e-01,-4.65805230e+03,-2.82386358e+05,-9.00294929e+04
-1.20000000e-02,1.36000000e-01,-3.51593740e+03,-2.87918899e+05,-6.81760402e+04
-8.00000000e-03,1.36000000e-01,-2.35470111e+03,-2.91918563e+05,-4.57647295e+04
-4.00000000e-03,1.36000000e-01,-1.18058889e+03,-2.94337638e+05,-2.29771062e+04
0.00000000e+00,1.36000000e-01,0.00000000e+00,-2.95147223e+05,-0.00000000e+00
4.00000000e-03,1.36000000e-01,1.18058889e+03,-2.94337638e+05,2.29771062e+04
8.00000000e-03,1.36000000e-01,2.35470111e+03,-2.91918563e+05,4.57647295e+04
1.20000000e-02,1.36000000e-01,3.51593740e+03,-2.87918899e+05,6.81760402e+04
1.60000000e-02,1.36000000e-01,4.65805230e+03,-2.82386358e+05,9.00294929e+04
2.00000000e-02,1.36000000e-01,5.77502826e+03,-2.75386762e+05,1.11151411e+05
2.40000000e-02,1.36000000e-01,6.86114640e+03,-2.67003059e+05,1.31378494e+05
2.80000000e-02,1.36000000e-01,7.91105273e+03,-2.57334033e+05,1.50560198e+05
3.20000000e-02,1.36000000e-01,8.91981867e+03,-2.46492717e+05,1.68560957e+05
3.60000000e-02,1.36000000e-01,9.88299447e+03,-2.34604509e+05,1.85262160e+05
4.00000000e-02,1.36000000e-01,1.07966547e+04,-2.21805013e+05,2.00563851e+05
4.40000000e-02,1.36000000e-01,1.16574346e+04,-2.08237652e+05,2.14386064e+05
4.80000000e-02,1.36000000e-01,1.24625560e+04,-1.94051079e+05,2.26669750e+05
5.20000000e-02,1.36000000e-01,1.32098432e+04,-1.79396482e+05,2.37377244e+05
5.60000000e-02,1.36000000e-01,1.38977278e+04,-1.64424841e+05,2.46492242e+05
6.00000000e-02,1.36000000e-01,1.45252419e+04,-1.49284235e+05,2.54019286e+05
6.40000000e-02,1.36000000e-01,1.50920017e+04,-1.34117282e+05,2.59982759e+05
6.80000000e-02,1.36000000e-01,1.55981802e+04,-1.19058798e+05,2.64425439e+05
7.20000000e-02,1.36000000e-01,1.60444721e+04,-1.04233755e+05,2.67406658e+05
7.60000000e-02,1.36000000e-01,1.64320502e+04,-8.97555887e+04,2.69000160e+05
8.00000000e-02,1.36000000e-01,1.67625168e+04,-7.57249076e+04,2.69291723e+05
8.40000000e-02,1.36000000e-01,1.70378495e+04,-6.22286164e+04,2.68376661e+05
8.80000000e-02,1.36000000e-01,1.72603457e+04,-4.93394599e+04,2.66357287e+05
9.20000000e-02,1.36000000e-01,1.74325652e+04,-3.71159651e+04,2.63340429e+05
9.60000000e-02,1.36000000e-01,1.75572734e+04,-2.56027480e+04,2.59435085e+05
1.00000000e-01,1.36000000e-01,1.76373872e+04,-1.48311356e+04,2.54750269e+05
1.04000000e-01,1.36000000e-01,1.76759225e+04,-4.82004729e+03,2.49393102e+05
1.08000000e-01,1.36000000e-01,1.76759475e+04,4.42292506e+03,2.43467184e+05
1.12000000e-01,1.36000000e-01,1.76405391e+04,1.29003001e+04,2.37071253e+05
1.16000000e-01,1.36000000e-01,1.75727451e+04,2.06234104e+04,2.30298142e+05
1.20000000e-01,1.36000000e-01,1.74755518e+04,2.76110788e+04,2.23234015e+05
1.24000000e-01,1.36000000e-01,1.73518565e+04,3.38883126e+04,2.15957860e+05
1.28000000e-01,1.36000000e-01,1.72044453e+04,3.94850521e+04,2.08541227e+05
1.32000000e-01,1.36000000e-01,1.70359761e+04,4.44350021e+04,2.01048162e+05
1.36000000e-01,1.36000000e-01,1.68489653e+04,4.87745649e+04,1.93535308e+05
1.40000000e-01,1.36000000e-01,1.66457796e+04,5.25418885e+04,1.86052150e+05
1.44000000e-01,1.36000000e-01,1.64286302e+04,5.57760348e+04,1.78641363e+05
1.48000000e-01,1.36000000e-01,1.61995713e+04,5.85162688e+04,1.71339233e+05
1.52000000e-01,1.36000000e-01,1.59605001e+04,6.08014649e+04,1.64176138e+05
1.56000000e-01,1.36000000e-01,1.57131596e+04,6.26696225e+04,1.57177045e+05
1.60000000e-01,1.36000000e-01,1.54591431e+04,6.41574838e+04,1.50362033e+05
1.64000000e-01,1.36000000e-01,1.51998997e+04,6.53002414e+04,1.43746803e+05
1.68000000e-01,1.36000000e-01,1.49367412e+04,6.61313260e+04,1.37343178e+05
1.72000000e-01,1.36000000e-01,1.46708491e+04,6.66822633e+04,1.31159573e+05
1.76000000e-01,1.36000000e-01,1.44032830e+04,6.69825890e+04,1.25201446e+05
1.80000000e-01,1.36000000e-01,1.41349884e+04,6.70598117e+04,1.19471710e+05
1.84000000e-01,1.36000000e-01,1.38668046e+04,6.69394170e+04,1.13971106e+05
1.88000000e-01,1.36000000e-01,1.35994731e+04,6.66449007e+04,1.08698551e+05
1.92000000e-01,1.36000000e-01,1.33336453e+04,6.61978283e+04,1.03651441e+05
1.96000000e-01,1.36000000e-01,1.30698904e+04,6.56179116e+04,9.88259254e+04
2.00000000e-01,1.36000000e-01,1.28087021e+04,nan,nan
-2.00000000e-01,1.40000000e-01,-1.24358752e+04,nan,nan
-1.96000000e-01,1.40000000e-01,-1.26791118e+04,6.10274592e+04,-9.65350779e+04
-1.92000000e-01,1.40000000e-01,-1.29240949e+04,6.14003989e+04,-1.01099264e+05
-1.88000000e-01,1.40000000e-01,-1.31703150e+04,6.16370877e+04,-1.05860694e+05
-1.84000000e-01,1.40000000e-01,-1.34171916e+04,6.17189691e+04,-1.10821433e+05
-1.80000000e-01,1.40000000e-01,-1.36640667e+04,6.16258792e+04,-1.15982269e+05
-1.76000000e-01,1.40000000e-01,-1.39101986e+04,6.13360005e+04,-1.21342456e+05
-1.72000000e-01,1.40000000e-01,-1.41547547e+04,6.08258336e+04,-1.26899443e+05
-1.68000000e-01,1.40000000e-01,-1.43968053e+04,6.00701945e+04,-1.32648566e+05
-1.64000000e-01,1.40000000e-01,-1.46353163e+04,5.90422426e+04,-1.38582715e+05
-1.60000000e-01,1.40000000e-01,-1.48691432e+04,5.77135456e+04,-1.44691974e+05
-1.56000000e-01,1.40000000e-01,-1.50970247e+04,5.60541905e+04,-1.50963243e+05
-1.52000000e-01,1.40000000e-01,-1.53175767e+04,5.40329474e+04,-1.57379830e+05
-1.48000000e-01,1.40000000e-01,-1.55292882e+04,5.16174947e+04,-1.63921040e+05
-1.44000000e-01,1.40000000e-01,-1.57305167e+04,4.87747152e+04,-1.70561756e+05
-1.40000000e-01,1.40000000e-01,-1.59194860e+04,4.54710692e+04,-1.77272023e+05
-1.36000000e-01,1.40000000e-01,-1.60942853e+04,4.16730543e+04,-1.84016657e+05
-1.32000000e-01,1.40000000e-01,-1.62528704e+04,3.73477553e+04,-1.90754883e+05
-1.28000000e-01,1.40000000e-01,-1.63930673e+04,3.24634905e+04,-1.97440032e+05
-1.24000000e-01,1.40000000e-01,-1.65125783e+04,2.69905536e+04,-2.04019311e+05
-1.20000000e-01,1.40000000e-01,-1.66089917e+04,2.09020488e+04,-2.10433672e+05
-1.16000000e-01,1.40000000e-01,-1.66797947e+04,1.41748125e+04,-2.16617806e+05
-1.12000000e-01,1.40000000e-01,-1.67223902e+04,6.79040824e+03,-2.22500289e+05
-1.08000000e-01,1.40000000e-01,-1.67341180e+04,-1.26382341e+03,-2.28003894e+05
-1.04000000e-01,1.40000000e-01,-1.67122796e+04,-9.99368486e+03,-2.33046111e+05
-1.00000000e-01,1.40000000e-01,-1.66541685e+04,-1.93970431e+04,-2.37539881e+05
-9.60000000e-02,1.40000000e-01,-1.65571033e+04,-2.94627900e+04,-2.41394554e+05
-9.20000000e-02,1.40000000e-01,-1.64184662e+04,-4.01698844e+04,-2.44517087e+05
-8.80000000e-02,1.40000000e-01,-1.62357442e+04,-5.14865209e+04,-2.46813475e+05
-8.40000000e-02,1.40000000e-01,-1.60065740e+04,-6.33694755e+04,-2.48190387e+05
-8.00000000e-02,1.40000000e-01,-1.57287884e+04,-7.57636717e+04,-2.48556994e+05
-7.60000000e-02,1.40000000e-01,-1.54004646e+04,-8.86020122e+04,-2.47826943e+05
-7.20000000e-02,1.40000000e-01,-1.50199723e+04,-1.01805511e+05,-2.45920414e+05
-6.80000000e-02,1.40000000e-01,-1.45860206e+04,-1.15283748e+05,-2.42766220e+05
-6.40000000e-02,1.40000000e-01,-1.40977023e+04,-1.28935668e+05,-2.38303850e+05
-6.00000000e-02,1.40000000e-01,-1.35545352e+04,-1.42650706e+05,-2.32485408e+05
-5.60000000e-02,1.40000000e-01,-1.29564967e+04,-1.56310236e+05,-2.25277360e+05
-5.20000000e-02,1.40000000e-01,-1.23040533e+04,-1.69789301e+05,-2.16662022e+05
-4.80000000e-02,1.40000000e-01,-1.15981823e+04,-1.82958578e+05,-2.06638734e+05
-4.40000000e-02,1.40000000e-01,-1.08403847e+04,-1.95686525e+05,-1.95224672e+05
-4.00000000e-02,1.40000000e-01,-1.00326901e+04,-2.07841637e+05,-1.82455270e+05
-3.60000000e-02,1.40000000e-01,-9.17765160e+03,-2.19294741e+05,-1.68384233e+05
-3.20000000e-02,1.40000000e-01,-8.27833215e+03,-2.29921273e+05,-1.53083157e+05
-2.80000000e-02,1.40000000e-01,-7.33828141e+03,-2.39603464e+05,-1.36640769e+05
-2.40000000e-02,1.40000000e-01,-6.36150444e+03,-2.48232377e+05,-1.19161811e+05
-2.00000000e-02,1.40000000e-01,-5.35242239e+03,-2.55709770e+05,-1.00765637e+05
-1.60000000e-02,1.40000000e-01,-4.31582628e+03,-2.61949725e+05,-8.15845337e+04
-1.20000000e-02,1.40000000e-01,-3.25682459e+03,-2.66880049e+05,-6.17618489e+04
-8.00000000e-03,1.40000000e-01,-2.18078589e+03,-2.70443412e+05,-4.14499475e+04
-4.00000000e-03,1.40000000e-01,-1.09327730e+03,-2.72598236e+05,-2.08080521e+04
0.00000000e+00,1.40000000e-01,0.00000000e+00,-2.73319325e+05,-0.00000000e+00
4.00000000e-03,1.40000000e-01,1.09327730e+03,-2.72598236e+05,2.08080521e+04
8.00000000e-03,1.40000000e-01,2.18078589e+03,-2.70443412e+05,4.14499475e+04
1.20000000e-02,1.40000000e-01,3.25682459e+03,-2.66880049e+05,6.17618489e+04
1.60000000e-02,1.40000000e-01,4.31582628e+03,-2.61949725e+05,8.15845337e+04
2.00000000e-02,1.40000000e-01,5.35242239e+03,-2.55709770e+05,1.00765637e+05
2.40000000e-02,1.40000000e-01,6.36150444e+03,-2.48232377e+05,1.19161811e+05
2.80000000e-02,1.40000000e-01,7.33828141e+03,-2.39603464e+05,1.36640769e+05
3.20000000e-02,1.40000000e-01,8.27833215e+03,-2.29921273e+05,1.53083157e+05
3.60000000e-02,1.40000000e-01,9.17765160e+03,-2.19294741e+05,1.68384233e+05
4.00000000e-02,1.40000000e-01,1.00326901e+04,-2.07841637e+05,1.82455270e+05
4.40000000e-02,1.40000000e-01,1.08403847e+04,-1.95686525e+05,1.95224672e+05
4.80000000e-02,1.40000000e-01,1.15981823e+04,-1.82958578e+05,2.06638734e+05
5.20000000e-02,1.40000000e-01,1.23040533e+04,-1.69789301e+05,2.16662022e+05
5.60000000e-02,1.40000000e-01,1.29564967e+04,-1.56310236e+05,2.25277360e+05
6.00000000e-02,1.40000000e-01,1.35545352e+04,-1.42650706e+05,2.32485408e+05
6.40000000e-02,1.40000000e-01,1.40977023e+04,-1.28935668e+05,2.38303850e+05
6.80000000e-02,1.40000000e-01,1.45860206e+04,-1.15283748e+05,2.42766220e+05
7.20000000e-02,1.40000000e-01,1.50199723e+04,-1.01805511e+05,2.45920414e+05
7.60000000e-02,1.40000000e-01,1.54004646e+04,-8.86020122e+04,2.47826943e+05
8.00000000e-02,1.40000000e-01,1.57287884e+04,-7.57636717e+04,2.48556994e+05
8.40000000e-02,1.40000000e-01,1.60065740e+04,-6.33694755e+04,2.48190387e+05
8.80000000e-02,1.40000000e-01,1.62357442e+04,-5.14865209e+04,2.46813475e+05
9.20000000e-02,1.40000000e-01,1.64184662e+04,-4.01698844e+04,2.44517087e+05
9.60000000e-02,1.40000000e-01,1.65571033e+04,-2.94627900e+04,2.41394554e+05
1.00000000e-01,1.40000000e-01,1.66541685e+04,-1.93970431e+04,2.37539881e+05
1.04000000e-01,1.40000000e-01,1.67122796e+04,-9.99368486e+03,2.33046111e+05
1.08000000e-01,1.40000000e-01,1.67341180e+04,-1.26382341e+03,2.28003894e+05
1.12000000e-01,1.40000000e-01,1.67223902e+04,6.79040824e+03,2.22500289e+05
1.16000000e-01,1.40000000e-01,1.66797947e+04,1.41748125e+04,2.16617806e+05
1.20000000e-01,1.40000000e-01,1.66089917e+04,2.09020488e+04,2.10433672e+05
1.24000000e-01,1.40000000e-01,1.65125783e+04,2.69905536e+04,2.04019311e+05
1.28000000e-01,1.40000000e-01,1.63930673e+04,3.24634905e+04,1.97440032e+05
1.32000000e-01,1.40000000e-01,1.62528704e+04,3.73477553e+04,1.90754883e+05
1.36000000e-01,1.40000000e-01,1.60942853e+04,4.16730543e+04,1.84016657e+05
1.40000000e-01,1.40000000e-01,1.59194860e+04,4.54710692e+04,1.77272023e+05
1.44000000e-01,1.40000000e-01,1.57305167e+04,4.87747152e+04,1.70561756e+05
1.48000000e-01,1.40000000e-01,1.55292882e+04,5.16174947e+04,1.63921040e+05
1.52000000e-01,1.40000000e-01,1.53175767e+04,5.40329474e+04,1.57379830e+05
1.56000000e-01,1.40000000e-01,1.50970247e+04,5.60541905e+04,1.50963243e+05
1.60000000e-01,1.40000000e-01,1.48691432e+04,5.77135456e+04,1.44691974e+05
1.64000000e-01,1.40000000e-01,1.46353163e+04,5.90422426e+04,1.38582715e+05
1.68000000e-01,1.40000000e-01,1.43968053e+04,6.00701945e+04,1.32648566e+05
1.72000000e-01,1.40000000e-01,1.41547547e+04,6.08258336e+04,1.26899443e+05
1.76000000e-01,1.40000000e-01,1.39101986e+04,6.13360005e+04,1.21342456e+05
1.80000000e-01,1.40000000e-01,1.36640667e+04,6.16258792e+04,1.15982269e+05
1.84000000e-01,1.40000000e-01,1.34171916e+04,6.17189691e+04,1.10821433e+05
1.88000000e-01,1.40000000e-01,1.31703150e+04,6.16370877e+04,1.05860694e+05
1.92000000e-01,1.40000000e-01,1.29240949e+04,6.14003989e+04,1.01099264e+05
1.96000000e-01,1.40000000e-01,1.26791118e+04,6.10274592e+04,9.65350779e+04
2.00000000e-01,1.40000000e-01,1.24358752e+04,nan,nan
-2.00000000e-01,1.44000000e-01,-1.20713820e+04,nan,nan
-1.96000000e-01,1.44000000e-01,-1.22976098e+04,5.66836586e+04,-9.41950527e+04
-1.92000000e-01,1.44000000e-01,-1.25248512e+04,5.68722127e+04,-9.85058464e+04
-1.88000000e-01,1.44000000e-01,-1.27525875e+04,5.69227314e+04,-1.02991418e+05
-1.84000000e-01,1.44000000e-01,-1.29802331e+04,5.68178416e+04,-1.07652321e+05
-1.80000000e-01,1.44000000e-01,-1.32071302e+04,5.65387889e+04,-1.12487821e+05
-1.76000000e-01,1.44000000e-01,-1.34325434e+04,5.60654145e+04,-1.17495672e+05
-1.72000000e-01,1.44000000e-01,-1.36556536e+04,5.53761533e+04,-1.22671861e+05
-1.68000000e-01,1.44000000e-01,-1.38755526e+04,5.44480546e+04,-1.28010347e+05
-1.64000000e-01,1.44000000e-01,-1.40912380e+04,5.32568332e+04,-1.33502762e+05
-1.60000000e-01,1.44000000e-01,-1.43016073e+04,5.17769556e+04,-1.39138107e+05
-1.56000000e-01,1.44000000e-01,-1.45054536e+04,4.99817671e+04,-1.44902421e+05
-1.52000000e-01,1.44000000e-01,-1.47014614e+04,4.78436679e+04,-1.50778449e+05
-1.48000000e-01,1.44000000e-01,-1.48882030e+04,4.53343426e+04,-1.56745297e+05
-1.44000000e-01,1.44000000e-01,-1.50641362e+04,4.24250513e+04,-1.62778092e+05
-1.40000000e-01,1.44000000e-01,-1.52276034e+04,3.90869870e+04,-1.68847656e+05
-1.36000000e-01,1.44000000e-01,-1.53768321e+04,3.52917050e+04,-1.74920205e+05
-1.32000000e-01,1.44000000e-01,-1.55099370e+04,3.10116274e+04,-1.80957081e+05
-1.28000000e-01,1.44000000e-01,-1.56249251e+04,2.62206248e+04,-1.86914544e+05
-1.24000000e-01,1.44000000e-01,-1.57197020e+04,2.08946731e+04,-1.92743635e+05
-1.20000000e-01,1.44000000e-01,-1.57920825e+04,1.50125832e+04,-1.98390124e+05
-1.16000000e-01,1.44000000e-01,-1.58398027e+04,8.55679308e+03,-2.03794580e+05
-1.12000000e-01,1.44000000e-01,-1.58605368e+04,1.51421280e+03,-2.08892558e+05
-1.08000000e-01,1.44000000e-01,-1.58519164e+04,-6.12289724e+03,-2.13614950e+05
-1.04000000e-01,1.44000000e-01,-1.58115536e+04,-1.43560347e+04,-2.17888492e+05
-1.00000000e-01,1.44000000e-01,-1.57370681e+04,-2.31795779e+04,-2.21636454e+05
-9.60000000e-02,1.44000000e-01,-1.56261170e+04,-3.25799541e+04,-2.24779517e+05
-9.20000000e-02,1.44000000e-01,-1.54764285e+04,-4.25348867e+04,-2.27236836e+05
-8.80000000e-02,1.44000000e-01,-1.52858379e+04,-5.30127596e+04,-2.28927290e+05
-8.40000000e-02,1.44000000e-01,-1.50523264e+04,-6.39721355e+04,-2.29770888e+05
-8.00000000e-02,1.44000000e-01,-1.47740608e+04,-7.53614632e+04,-2.29690327e+05
-7.60000000e-02,1.44000000e-01,-1.44494347e+04,-8.71190086e+04,-2.28612644e+05
-7.20000000e-02,1.44000000e-01,-1.40771088e+04,-9.91730321e+04,-2.26470941e+05
-6.80000000e-02,1.44000000e-01,-1.36560504e+04,-1.11442233e+05,-2.23206114e+05
-6.40000000e-02,1.44000000e-01,-1.31855709e+04,-1.23836470e+05,-2.18768543e+05
-6.00000000e-02,1.44000000e-01,-1.26653587e+04,-1.36257746e+05,-2.13119675e+05
-5.60000000e-02,1.44000000e-01,-1.20955089e+04,-1.48601456e+05,-2.06233452e+05
-5.20000000e-02,1.44000000e-01,-1.14765470e+04,-1.60757856e+05,-1.98097519e+05
-4.80000000e-02,1.44000000e-01,-1.08094461e+04,-1.72613730e+05,-1.88714184e+05
-4.40000000e-02,1.44000000e-01,-1.00956372e+04,-1.84054188e+05,-1.78101067e+05
-4.00000000e-02,1.44000000e-01,-9.33701258e+03,-1.94964574e+05,-1.66291445e+05
-3.60000000e-02,1.44000000e-01,-8.53592061e+03,-2.05232396e+05,-1.53334256e+05
-3.20000000e-02,1.44000000e-01,-7.69515341e+03,-2.14749253e+05,-1.39293778e+05
-2.80000000e-02,1.44000000e-01,-6.81792659e+03,-2.23412687e+05,-1.24248994e+05
-2.40000000e-02,1.44000000e-01,-5.90785191e+03,-2.31127927e+05,-1.08292659e+05
-2.00000000e-02,1.44000000e-01,-4.96890317e+03,-2.37809484e+05,-9.15301193e+04
-1.60000000e-02,1.44000000e-01,-4.00537603e+03,-2.43382570e+05,-7.40778904e+04
-1.20000000e-02,1.44000000e-01,-3.02184261e+03,-2.47784313e+05,-5.60620632e+04
-8.00000000e-03,1.44000000e-01,-2.02310153e+03,-2.50964766e+05,-3.76165522e+04
-4.00000000e-03,1.44000000e-01,-1.01412448e+03,-2.52887691e+05,-1.88812334e+04
0.00000000e+00,1.44000000e-01,0.00000000e+00,-2.53531119e+05,-0.00000000e+00
4.00000000e-03,1.44000000e-01,1.01412448e+03,-2.52887691e+05,1.88812334e+04
8.00000000e-03,1.44000000e-01,2.02310153e+03,-2.50964766e+05,3.76165522e+04
1.20000000e-02,1.44000000e-01,3.02184261e+03,-2.47784313e+05,5.60620632e+04
1.60000000e-02,1.44000000e-01,4.00537603e+03,-2.43382570e+05,7.40778904e+04
2.00000000e-02,1.44000000e-01,4.96890317e+03,-2.37809484e+05,9.15301193e+04
2.40000000e-02,1.44000000e-01,5.90785191e+03,-2.31127927e+05,1.08292659e+05
2.80000000e-02,1.44000000e-01,6.81792659e+03,-2.23412687e+05,1.24248994e+05
3.20000000e-02,1.44000000e-01,7.69515341e+03,-2.14749253e+05,1.39293778e+05
3.60000000e-02,1.44000000e-01,8.53592061e+03,-2.05232396e+05,1.53334256e+05
4.00000000e-02,1.44000000e-01,9.33701258e+03,-1.94964574e+05,1.66291445e+05
4.40000000e-02,1.44000000e-01,1.00956372e+04,-1.84054188e+05,1.78101067e+05
4.80000000e-02,1.44000000e-01,1.08094461e+04,-1.72613730e+05,1.88714184e+05
5.20000000e-02,1.44000000e-01,1.14765470e+04,-1.60757856e+05,1.98097519e+05
5.60000000e-02,1.44000000e-01,1.20955089e+04,-1.48601456e+05,2.06233452e+05
6.00000000e-02,1.44000000e-01,1.26653587e+04,-1.36257746e+05,2.13119675e+05
6.40000000e-02,1.44000000e-01,1.31855709e+04,-1.23836470e+05,2.18768543e+05
6.80000000e-02,1.44000000e-01,1.36560504e+04,-1.11442233e+05,2.23206114e+05
7.20000000e-02,1.44000000e-01,1.40771088e+04,-9.91730321e+04,2.26470941e+05
7.60000000e-02,1.44000000e-01,1.44494347e+04,-8.71190086e+04,2.28612644e+05
8.00000000e-02,1.44000000e-01,1.47740608e+04,-7.53614632e+04,2.29690327e+05
8.40000000e-02,1.44000000e-01,1.50523264e+04,-6.39721355e+04,2.29770888e+05
8.80000000e-02,1.44000000e-01,1.52858379e+04,-5.30127596e+04,2.28927290e+05
9.20000000e-02,1.44000000e-01,1.54764285e+04,-4.25348867e+04,2.27236836e+05
9.60000000e-02,1.44000000e-01,1.56261170e+04,-3.25799541e+04,2.24779517e+05
1.00000000e-01,1.44000000e-01,1.57370681e+04,-2.31795779e+04,2.21636454e+05
1.04000000e-01,1.44000000e-01,1.58115536e+04,-1.43560347e+04,2.17888492e+05
1.08000000e-01,1.44000000e-01,1.58519164e+04,-6.12289724e+03,2.13614950e+05
1.12000000e-01,1.44000000e-01,1.58605368e+04,1.51421280e+03,2.08892558e+05
1.16000000e-01,1.44000000e-01,1.58398027e+04,8.55679308e+03,2.03794580e+05
1.20000000e-01,1.44000000e-01,1.57920825e+04,1.50125832e+04,1.98390124e+05
1.24000000e-01,1.44000000e-01,1.57197020e+04,2.08946731e+04,1.92743635e+05
1.28000000e-01,1.44000000e-01,1.56249251e+04,2.62206248e+04,1.86914544e+05
1.32000000e-01,1.44000000e-01,1.55099370e+04,3.10116274e+04,1.80957081e+05
1.36000000e-01,1.44000000e-01,1.53768321e+04,3.52917050e+04,1.74920205e+05
1.40000000e-01,1.44000000e-01,1.52276034e+04,3.90869870e+04,1.68847656e+05
1.44000000e-01,1.44000000e-01,1.50641362e+04,4.24250513e+04,1.62778092e+05
1.48000000e-01,1.44000000e-01,1.48882030e+04,4.53343426e+04,1.56745297e+05
1.52000000e-01,1.44000000e-01,1.47014614e+04,4.78436679e+04,1.50778449e+05
1.56000000e-01,1.44000000e-01,1.45054536e+04,4.99817671e+04,1.44902421e+05
1.60000000e-01,1.44000000e-01,1.43016073e+04,5.17769556e+04,1.39138107e+05
1.64000000e-01,1.44000000e-01,1.40912380e+04,5.32568332e+04,1.33502762e+05
1.68000000e-01,1.44000000e-01,1.38755526e+04,5.44480546e+04,1.28010347e+05
1.72000000e-01,1.44000000e-01,1.36556536e+04,5.53761533e+04,1.22671861e+05
1.76000000e-01,1.44000000e-01,1.34325434e+04,5.60654145e+04,1.17495672e+05
1.80000000e-01,1.44000000e-01,1.32071302e+04,5.65387889e+04,1.12487821e+05
1.84000000e-01,1.44000000e-01,1.29802331e+04,5.68178416e+04,1.07652321e+05
1.88000000e-01,1.44000000e-01,1.27525875e+04,5.69227314e+04,1.02991418e+05
1.92000000e-01,1.44000000e-01,1.25248512e+04,5.68722127e+04,9.85058464e+04
1.96000000e-01,1.44000000e-01,1.22976098e+04,5.66836586e+04,9.41950527e+04
2.00000000e-01,1.44000000e-01,1.20713820e+04,nan,nan
-2.00000000e-01,1.48000000e-01,-1.17154160e+04,nan,nan
-1.96000000e-01,1.48000000e-01,-1.19255514e+04,5.25790110e+04,-9.18200247e+04
-1.92000000e-01,1.48000000e-01,-1.21360481e+04,5.26040340e+04,-9.58860163e+04
-1.88000000e-01,1.48000000e-01,-1.23463836e+04,5.24906135e+04,-1.00106136e+05
-1.84000000e-01,1.48000000e-01,-1.25559730e+04,5.22225654e+04,-1.04479667e+05
-1.80000000e-01,1.48000000e-01,-1.27641642e+04,5.17825282e+04,-1.09004621e+05
-1.76000000e-01,1.48000000e-01,-1.29702332e+04,5.11519607e+04,-1.13677530e+05
-1.72000000e-01,1.48000000e-01,-1.31733799e+04,5.03111584e+04,-1.18493229e+05
-1.68000000e-01,1.48000000e-01,-1.33727225e+04,4.92392936e+04,-1.23444617e+05
-1.64000000e-01,1.48000000e-01,-1.35672942e+04,4.79144827e+04,-1.28522404e+05
-1.60000000e-01,1.48000000e-01,-1.37560384e+04,4.63138865e+04,-1.33714850e+05
-1.56000000e-01,1.48000000e-01,-1.39378053e+04,4.44138477e+04,-1.39007482e+05
-1.52000000e-01,1.48000000e-01,-1.41113492e+04,4.21900713e+04,-1.44382821e+05
-1.48000000e-01,1.48000000e-01,-1.42753259e+04,3.96178523e+04,-1.49820100e+05
-1.44000000e-01,1.48000000e-01,-1.44282920e+04,3.66723563e+04,-1.55294990e+05
-1.40000000e-01,1.48000000e-01,-1.45687047e+04,3.33289564e+04,-1.60779347e+05
-1.36000000e-01,1.48000000e-01,-1.46949236e+04,2.95636298e+04,-1.66240986e+05
-1.32000000e-01,1.48000000e-01,-1.48052138e+04,2.53534159e+04,-1.71643490e+05
-1.28000000e-01,1.48000000e-01,-1.48977509e+04,2.06769363e+04,-1.76946075e+05
-1.24000000e-01,1.48000000e-01,-1.49706292e+04,1.55149734e+04,-1.82103521e+05
-1.20000000e-01,1.48000000e-01,-1.50218707e+04,9.85110398e+03,-1.87066185e+05
-1.16000000e-01,1.48000000e-01,-1.50494381e+04,3.67237895e+03,-1.91780114e+05
-1.12000000e-01,1.48000000e-01,-1.50512498e+04,-3.02996230e+03,-1.96187272e+05
-1.08000000e-01,1.48000000e-01,-1.50251984e+04,-1.02597579e+04,-2.00225888e+05
-1.04000000e-01,1.48000000e-01,-1.49691717e+04,-1.80151890e+04,-2.03830957e+05
-1.00000000e-01,1.48000000e-01,-1.48810769e+04,-2.62880677e+04,-2.06934871e+05
-9.60000000e-02,1.48000000e-01,-1.47588672e+04,-3.50631720e+04,-2.09468218e+05
-9.20000000e-02,1.48000000e-01,-1.46005715e+04,-4.43176574e+04,-2.11360725e+05
-8.80000000e-02,1.48000000e-01,-1.44043259e+04,-5.40205729e+04,-2.12542341e+05
-8.40000000e-02,1.48000000e-01,-1.41684069e+04,-6.41325124e+04,-2.12944453e+05
-8.00000000e-02,1.48000000e-01,-1.38912658e+04,-7.46054272e+04,-2.12501207e+05
-7.60000000e-02,1.48000000e-01,-1.35715635e+04,-8.53826261e+04,-2.11150906e+05
-7.20000000e-02,1.48000000e-01,-1.32082048e+04,-9.63989808e+04,-2.08837446e+05
-6.80000000e-02,1.48000000e-01,-1.28003716e+04,-1.07581351e+05,-2.05511758e+05
-6.40000000e-02,1.48000000e-01,-1.23475540e+04,-1.18849230e+05,-2.01133201e+05
-6.00000000e-02,1.48000000e-01,-1.18495778e+04,-1.30115615e+05,-1.95670864e+05
-5.60000000e-02,1.48000000e-01,-1.13066291e+04,-1.41288080e+05,-1.89104734e+05
-5.20000000e-02,1.48000000e-01,-1.07192732e+04,-1.52270033e+05,-1.81426688e+05
-4.80000000e-02,1.48000000e-01,-1.00884688e+04,-1.62962125e+05,-1.72641264e+05
-4.40000000e-02,1.48000000e-01,-9.41557616e+03,-1.73263787e+05,-1.62766196e+05
-4.00000000e-02,1.48000000e-01,-8.70235851e+03,-1.83074826e+05,-1.51832681e+05
-3.60000000e-02,1.48000000e-01,-7.95097755e+03,-1.92297074e+05,-1.39885376e+05
-3.20000000e-02,1.48000000e-01,-7.16398192e+03,-2.00836011e+05,-1.26982123e+05
-2.80000000e-02,1.48000000e-01,-6.34428946e+03,-2.08602345e+05,-1.13193411e+05
-2.40000000e-02,1.48000000e-01,-5.49516316e+03,-2.15513503e+05,-9.86015861e+04
-2.00000000e-02,1.48000000e-01,-4.62018144e+03,-2.21495001e+05,-8.32998513e+04
-1.60000000e-02,1.48000000e-01,-3.72320316e+03,-2.26481669e+05,-6.73910583e+04
-1.20000000e-02,1.48000000e-01,-2.80832809e+03,-2.30418710e+05,-5.09863423e+04
-8.00000000e-03,1.48000000e-01,-1.87985347e+03,-2.33262582e+05,-3.42036191e+04
-4.00000000e-03,1.48000000e-01,-9.42227432e+02,-2.34981684e+05,-1.71659783e+04
0.00000000e+00,1.48000000e-01,0.00000000e+00,-2.35556858e+05,-0.00000000e+00
4.00000000e-03,1.48000000e-01,9.42227432e+02,-2.34981684e+05,1.71659783e+04
8.00000000e-03,1.48000000e-01,1.87985347e+03,-2.33262582e+05,3.42036191e+04
1.20000000e-02,1.48000000e-01,2.80832809e+03,-2.30418710e+05,5.09863423e+04
1.60000000e-02,1.48000000e-01,3.72320316e+03,-2.26481669e+05,6.73910583e+04
2.00000000e-02,1.48000000e-01,4.62018144e+03,-2.21495001e+05,8.32998513e+04
2.40000000e-02,1.48000000e-01,5.49516316e+03,-2.15513503e+05,9.86015861e+04
2.80000000e-02,1.48000000e-01,6.34428946e+03,-2.08602345e+05,1.13193411e+05
3.20000000e-02,1.48000000e-01,7.16398192e+03,-2.00836011e+05,1.26982123e+05
3.60000000e-02,1.48000000e-01,7.95097755e+03,-1.92297074e+05,1.39885376e+05
4.00000000e-02,1.48000000e-01,8.70235851e+03,-1.83074826e+05,1.51832681e+05
4.40000000e-02,1.48000000e-01,9.41557616e+03,-1.73263787e+05,1.62766196e+05
4.80000000e-02,1.48000000e-01,1.00884688e+04,-1.62962125e+05,1.72641264e+05
5.20000000e-02,1.48000000e-01,1.07192732e+04,-1.52270033e+05,1.81426688e+05
5.60000000e-02,1.48000000e-01,1.13066291e+04,-1.41288080e+05,1.89104734e+05
6.00000000e-02,1.48000000e-01,1.18495778e+04,-1.30115615e+05,1.95670864e+05
6.40000000e-02,1.48000000e-01,1.23475540e+04,-1.18849230e+05,2.01133201e+05
6.80000000e-02,1.48000000e-01,1.28003716e+04,-1.07581351e+05,2.05511758e+05
7.20000000e-02,1.48000000e-01,1.32082048e+04,-9.63989808e+04,2.08837446e+05
7.60000000e-02,1.48000000e-01,1.35715635e+04,-8.53826261e+04,2.11150906e+05
8.00000000e-02,1.48000000e-01,1.38912658e+04,-7.46054272e+04,2.12501207e+05
8.40000000e-02,1.48000000e-01,1.41684069e+04,-6.41325124e+04,2.12944453e+05
8.80000000e-02,1.48000000e-01,1.44043259e+04,-5.40205729e+04,2.12542341e+05
9.20000000e-02,1.48000000e-01,1.46005715e+04,-4.43176574e+04,2.11360725e+05
9.60000000e-02,1.48000000e-01,1.47588672e+04,-3.50631720e+04,2.09468218e+05
1.00000000e-01,1.48000000e-01,1.48810769e+04,-2.62880677e+04,2.06934871e+05
1.04000000e-01,1.48000000e-01,1.49691717e+04,-1.80151890e+04,2.03830957e+05
1.08000000e-01,1.48000000e-01,1.50251984e+04,-1.02597579e+04,2.00225888e+05
1.12000000e-01,1.48000000e-01,1.50512498e+04,-3.02996230e+03,1.96187272e+05
1.16000000e-01,1.48000000e-01,1.50494381e+04,3.67237895e+03,1.91780114e+05
1.20000000e-01,1.48000000e-01,1.50218707e+04,9.85110398e+03,1.87066185e+05
1.24000000e-01,1.48000000e-01,1.49706292e+04,1.55149734e+04,1.82103521e+05
1.28000000e-01,1.48000000e-01,1.48977509e+04,2.06769363e+04,1.76946075e+05
1.32000000e-01,1.48000000e-01,1.48052138e+04,2.53534159e+04,1.71643490e+05
1.36000000e-01,1.48000000e-01,1.46949236e+04,2.95636298e+04,1.66240986e+05
1.40000000e-01,1.48000000e-01,1.45687047e+04,3.33289564e+04,1.60779347e+05
1.44000000e-01,1.48000000e-01,1.44282920e+04,3.66723563e+04,1.55294990e+05
1.48000000e-01,1.48000000e-01,1.42753259e+04,3.96178523e+04,1.49820100e+05
1.52000000e-01,1.48000000e-01,1.41113492e+04,4.21900713e+04,1.44382821e+05
1.56000000e-01,1.48000000e-01,1.39378053e+04,4.44138477e+04,1.39007482e+05
1.60000000e-01,1.48000000e-01,1.37560384e+04,4.63138865e+04,1.33714850e+05
1.64000000e-01,1.48000000e-01,1.35672942e+04,4.79144827e+04,1.28522404e+05
1.68000000e-01,1.48000000e-01,1.33727225e+04,4.92392936e+04,1.23444617e+05
1.72000000e-01,1.48000000e-01,1.31733799e+04,5.03111584e+04,1.18493229e+05
1.76000000e-01,1.48000000e-01,1.29702332e+04,5.11519607e+04,1.13677530e+05
1.80000000e-01,1.48000000e-01,1.27641642e+04,5.17825282e+04,1.09004621e+05
1.84000000e-01,1.48000000e-01,1.25559730e+04,5.22225654e+04,1.04479667e+05
1.88000000e-01,1.48000000e-01,1.23463836e+04,5.24906135e+04,1.00106136e+05
1.92000000e-01,1.48000000e-01,1.21360481e+04,5.26040340e+04,9.58860163e+04
1.96000000e-01,1.48000000e-01,1.19255514e+04,5.25790110e+04,9.18200247e+04
2.00000000e-01,1.48000000e-01,1.17154160e+04,nan,nan
-2.00000000e-01,1.52000000e-01,-1.13681197e+04,nan,nan
-1.96000000e-01,1.52000000e-01,-1.15630496e+04,4.87054282e+04,-8.94227624e+04
-1.92000000e-01,1.52000000e-01,-1.17577631e+04,4.85861018e+04,-9.32530260e+04
-1.88000000e-01,1.52000000e-01,-1.19517384e+04,4.83290806e+04,-9.72185022e+04
-1.84000000e-01,1.52000000e-01,-1.21443958e+04,4.79193560e+04,-1.01317423e+05
-1.80000000e-01,1.52000000e-01,-1.23350933e+04,4.73409255e+04,-1.05546774e+05
-1.76000000e-01,1.52000000e-01,-1.25231232e+04,4.65768065e+04,-1.09902118e+05
-1.72000000e-01,1.52000000e-01,-1.27077077e+04,4.56090669e+04,-1.14377395e+05
-1.68000000e-01,1.52000000e-01,-1.28879957e+04,4.44188795e+04,-1.18964719e+05
-1.64000000e-01,1.52000000e-01,-1.30630588e+04,4.29866005e+04,-1.23654159e+05
-1.60000000e-01,1.52000000e-01,-1.32318885e+04,4.12918781e+04,-1.28433516e+05
-1.56000000e-01,1.52000000e-01,-1.33933938e+04,3.93137953e+04,-1.33288088e+05
-1.52000000e-01,1.52000000e-01,-1.35463989e+04,3.70310497e+04,-1.38200442e+05
-1.48000000e-01,1.52000000e-01,-1.36896422e+04,3.44221744e+04,-1.43150188e+05
-1.44000000e-01,1.52000000e-01,-1.38217763e+04,3.14658044e+04,-1.48113762e+05
-1.40000000e-01,1.52000000e-01,-1.39413686e+04,2.81409904e+04,-1.53064235e+05
-1.36000000e-01,1.52000000e-01,-1.40469042e+04,2.44275615e+04,-1.57971142e+05
-1.32000000e-01,1.52000000e-01,-1.41367891e+04,2.03065382e+04,-1.62800357e+05
-1.28000000e-01,1.52000000e-01,-1.42093565e+04,1.57605942e+04,-1.67514014e+05
-1.24000000e-01,1.52000000e-01,-1.42628739e+04,1.07745637e+04,-1.72070490e+05
-1.20000000e-01,1.52000000e-01,-1.42955530e+04,5.33599005e+03,-1.76424460e+05
-1.16000000e-01,1.52000000e-01,-1.43055618e+04,-5.64293708e+02,-1.80527049e+05
-1.12000000e-01,1.52000000e-01,-1.42910386e+04,-6.93156146e+03,-1.84326063e+05
-1.08000000e-01,1.52000000e-01,-1.42501093e+04,-1.37665824e+04,-1.87766350e+05
-1.04000000e-01,1.52000000e-01,-1.41809060e+04,-2.10650169e+04,-1.90790258e+05
-1.00000000e-01,1.52000000e-01,-1.40815892e+04,-2.88168394e+04,-1.93338231e+05
-9.60000000e-02,1.52000000e-01,-1.39503713e+04,-3.70058087e+04,-1.95349517e+05
-9.20000000e-02,1.52000000e-01,-1.37855427e+04,-4.56090094e+04,-1.96763004e+05
-8.80000000e-02,1.52000000e-01,-1.35854992e+04,-5.45964873e+04,-1.97518165e+05
-8.40000000e-02,1.52000000e-01,-1.33487708e+04,-6.39310016e+04,-1.97556103e+05
-8.00000000e-02,1.52000000e-01,-1.30740512e+04,-7.35679162e+04,-1.96820675e+05
-7.60000000e-02,1.52000000e-01,-1.27602275e+04,-8.34552477e+04,-1.95259676e+05
-7.20000000e-02,1.52000000e-01,-1.24064092e+04,-9.35338848e+04,-1.92826042e+05
-6.80000000e-02,1.52000000e-01,-1.20119564e+04,-1.03737988e+05,-1.89479051e+05
-6.40000000e-02,1.52000000e-01,-1.15765053e+04,-1.13995575e+05,-1.85185475e+05
-6.00000000e-02,1.52000000e-01,-1.10999918e+04,-1.24229278e+05,-1.79920663e+05
-5.60000000e-02,1.52000000e-01,-1.05826711e+04,-1.34357280e+05,-1.73669488e+05
-5.20000000e-02,1.52000000e-01,-1.00251335e+04,-1.44294387e+05,-1.66427169e+05
-4.80000000e-02,1.52000000e-01,-9.42831597e+03,-1.53953238e+05,-1.58199892e+05
-4.40000000e-02,1.52000000e-01,-8.79350763e+03,-1.63245605e+05,-1.49005245e+05
-4.00000000e-02,1.52000000e-01,-8.12235113e+03,-1.72083754e+05,-1.38872426e+05
-3.60000000e-02,1.52000000e-01,-7.41683760e+03,-1.80381838e+05,-1.27842234e+05
-3.20000000e-02,1.52000000e-01,-6.67929642e+03,-1.88057288e+05,-1.15966822e+05
-2.80000000e-02,1.52000000e-01,-5.91237930e+03,-1.95032150e+05,-1.03309241e+05
-2.40000000e-02,1.52000000e-01,-5.11903922e+03,-2.01234368e+05,-8.99427651e+04
-2.00000000e-02,1.52000000e-01,-4.30250436e+03,-2.06598957e+05,-7.59500383e+04
-1.60000000e-02,1.52000000e-01,-3.46624757e+03,-2.11069061e+05,-6.14220415e+04
-1.20000000e-02,1.52000000e-01,-2.61395187e+03,-2.14596874e+05,-4.64569216e+04
-8.00000000e-03,1.52000000e-01,-1.74947257e+03,-2.17144402e+05,-3.11586990e+04
-4.00000000e-03,1.52000000e-01,-8.76796649e+02,-2.18684072e+05,-1.56358801e+04
0.00000000e+00,1.52000000e-01,0.00000000e+00,-2.19199162e+05,-0.00000000e+00
4.00000000e-03,1.52000000e-01,8.76796649e+02,-2.18684072e+05,1.56358801e+04
8.00000000e-03,1.52000000e-01,1.74947257e+03,-2.17144402e+05,3.11586990e+04
1.20000000e-02,1.52000000e-01,2.61395187e+03,-2.14596874e+05,4.64569216e+04
1.60000000e-02,1.52000000e-01,3.46624757e+03,-2.11069061e+05,6.14220415e+04
2.00000000e-02,1.52000000e-01,4.30250436e+03,-2.06598957e+05,7.59500383e+04
2.40000000e-02,1.52000000e-01,5.11903922e+03,-2.01234368e+05,8.99427651e+04
2.80000000e-02,1.52000000e-01,5.91237930e+03,-1.95032150e+05,1.03309241e+05
3.20000000e-02,1.52000000e-01,6.67929642e+03,-1.88057288e+05,1.15966822e+05
3.60000000e-02,1.52000000e-01,7.41683760e+03,-1.80381838e+05,1.27842234e+05
4.00000000e-02,1.52000000e-01,8.12235113e+03,-1.72083754e+05,1.38872426e+05
4.40000000e-02,1.52000000e-01,8.79350763e+03,-1.63245605e+05,1.49005245e+05
4.80000000e-02,1.52000000e-01,9.42831597e+03,-1.53953238e+05,1.58199892e+05
5.20000000e-02,1.52000000e-01,1.00251335e+04,-1.44294387e+05,1.66427169e+05
5.60000000e-02,1.52000000e-01,1.05826711e+04,-1.34357280e+05,1.73669488e+05
6.00000000e-02,1.52000000e-01,1.10999918e+04,-1.24229278e+05,1.79920663e+05
6.40000000e-02,1.52000000e-01,1.15765053e+04,-1.13995575e+05,1.85185475e+05
6.80000000e-02,1.52000000e-01,1.20119564e+04,-1.03737988e+05,1.89479051e+05
7.20000000e-02,1.52000000e-01,1.24064092e+04,-9.35338848e+04,1.92826042e+05
7.60000000e-02,1.52000000e-01,1.27602275e+04,-8.34552477e+04,1.95259676e+05
8.00000000e-02,1.52000000e-01,1.30740512e+04,-7.35679162e+04,1.96820675e+05
8.40000000e-02,1.52000000e-01,1.33487708e+04,-6.39310016e+04,1.97556103e+05
8.80000000e-02,1.52000000e-01,1.35854992e+04,-5.45964873e+04,1.97518165e+05
9.20000000e-02,1.52000000e-01,1.37855427e+04,-4.56090094e+04,1.96763004e+05
9.60000000e-02,1.52000000e-01,1.39503713e+04,-3.70058087e+04,1.95349517e+05
1.00000000e-01,1.52000000e-01,1.40815892e+04,-2.88168394e+04,1.93338231e+05
1.04000000e-01,1.52000000e-01,1.41809060e+04,-2.10650169e+04,1.90790258e+05
1.08000000e-01,1.52000000e-01,1.42501093e+04,-1.37665824e+04,1.87766350e+05
1.12000000e-01,1.52000000e-01,1.42910386e+04,-6.93156146e+03,1.84326063e+05
1.16000000e-01,1.52000000e-01,1.43055618e+04,-5.64293708e+02,1.80527049e+05
1.20000000e-01,1.52000000e-01,1.42955530e+04,5.33599005e+03,1.76424460e+05
1.24000000e-01,1.52000000e-01,1.42628739e+04,1.07745637e+04,1.72070490e+05
1.28000000e-01,1.52000000e-01,1.42093565e+04,1.57605942e+04,1.67514014e+05
1.32000000e-01,1.52000000e-01,1.41367891e+04,2.03065382e+04,1.62800357e+05
1.36000000e-01,1.52000000e-01,1.40469042e+04,2.44275615e+04,1.57971142e+05
1.40000000e-01,1.52000000e-01,1.39413686e+04,2.81409904e+04,1.53064235e+05
1.44000000e-01,1.52000000e-01,1.38217763e+04,3.14658044e+04,1.48113762e+05
1.48000000e-01,1.52000000e-01,1.36896422e+04,3.44221744e+04,1.43150188e+05
1.52000000e-01,1.52000000e-01,1.35463989e+04,3.70310497e+04,1.38200442e+05
1.56000000e-01,1.52000000e-01,1.33933938e+04,3.93137953e+04,1.33288088e+05
1.60000000e-01,1.52000000e-01,1.32318885e+04,4.12918781e+04,1.28433516e+05
1.64000000e-01,1.52000000e-01,1.30630588e+04,4.29866005e+04,1.23654159e+05
1.68000000e-01,1.52000000e-01,1.28879957e+04,4.44188795e+04,1.18964719e+05
1.72000000e-01,1.52000000e-01,1.27077077e+04,4.56090669e+04,1.14377395e+05
1.76000000e-01,1.52000000e-01,1.25231232e+04,4.65768065e+04,1.09902118e+05
1.80000000e-01,1.52000000e-01,1.23350933e+04,4.73409255e+04,1.05546774e+05
1.84000000e-01,1.52000000e-01,1.21443958e+04,4.79193560e+04,1.01317423e+05
1.88000000e-01,1.52000000e-01,1.19517384e+04,4.83290806e+04,9.72185022e+04
1.92000000e-01,1.52000000e-01,1.17577631e+04,4.85861018e+04,9.32530260e+04
1.96000000e-01,1.52000000e-01,1.15630496e+04,4.87054282e+04,8.94227624e+04
2.00000000e-01,1.52000000e-01,1.13681197e+04,nan,nan
-2.00000000e-01,1.56000000e-01,-1.10295888e+04,nan,nan
-1.96000000e-01,1.56000000e-01,-1.12101693e+04,4.50543868e+04,-8.70147023e+04
-1.92000000e-01,1.56000000e-01,-1.13900239e+04,4.48082942e+04,-9.06186462e+04
-1.88000000e-01,1.56000000e-01,-1.15686356e+04,4.44262167e+04,-9.43405346e+04
-1.84000000e-01,1.56000000e-01,-1.17454336e+04,4.38942933e+04,-9.81777365e+04
-1.80000000e-01,1.56000000e-01,-1.19197900e+04,4.31978329e+04,-1.02126419e+05
-1.76000000e-01,1.56000000e-01,-1.20910163e+04,4.23213403e+04,-1.06181385e+05
-1.72000000e-01,1.56000000e-01,-1.22583607e+04,4.12485578e+04,-1.10335906e+05
-1.68000000e-01,1.56000000e-01,-1.24210048e+04,3.99625291e+04,-1.14581542e+05
-1.64000000e-01,1.56000000e-01,-1.25780609e+04,3.84456852e+04,-1.18907953e+05
-1.60000000e-01,1.56000000e-01,-1.27285702e+04,3.66799578e+04,-1.23302713e+05
-1.56000000e-01,1.56000000e-01,-1.28715006e+04,3.46469218e+04,-1.27751116e+05
-1.52000000e-01,1.56000000e-01,-1.30057456e+04,3.23279717e+04,-1.32235985e+05
-1.48000000e-01,1.56000000e-01,-1.31301244e+04,2.97045324e+04,-1.36737497e+05
-1.44000000e-01,1.56000000e-01,-1.32433819e+04,2.67583091e+04,-1.41233014e+05
-1.40000000e-01,1.56000000e-01,-1.33441908e+04,2.34715763e+04,-1.45696934e+05
-1.36000000e-01,1.56000000e-01,-1.34311545e+04,1.98275071e+04,-1.50100577e+05
-1.32000000e-01,1.56000000e-01,-1.35028109e+04,1.58105435e+04,-1.54412104e+05
-1.28000000e-01,1.56000000e-01,-1.35576388e+04,1.14068040e+04,-1.58596483e+05
-1.24000000e-01,1.56000000e-01,-1.35940653e+04,6.60452732e+03,-1.62615510e+05
-1.20000000e-01,1.56000000e-01,-1.36104751e+04,1.39454484e+03,-1.66427900e+05
-1.16000000e-01,1.56000000e-01,-1.36052217e+04,-4.22922390e+03,-1.69989445e+05
-1.12000000e-01,1.56000000e-01,-1.35766413e+04,-1.02692632e+04,-1.73253268e+05
-1.08000000e-01,1.56000000e-01,-1.35230676e+04,-1.67239525e+04,-1.76170159e+05
-1.04000000e-01,1.56000000e-01,-1.34428496e+04,-2.35870701e+04,-1.78689014e+05
-1.00000000e-01,1.56000000e-01,-1.33343710e+04,-3.08473268e+04,-1.80757371e+05
-9.60000000e-02,1.56000000e-01,-1.31960710e+04,-3.84879455e+04,-1.82322048e+05
-9.20000000e-02,1.56000000e-01,-1.30264675e+04,-4.64863056e+04,-1.83329877e+05
-8.80000000e-02,1.56000000e-01,-1.28241806e+04,-5.48136714e+04,-1.83728532e+05
-8.40000000e-02,1.56000000e-01,-1.25879581e+04,-6.34350222e+04,-1.83467421e+05
-8.00000000e-02,1.56000000e-01,-1.23167004e+04,-7.23090005e+04,-1.82498654e+05
-7.60000000e-02,1.56000000e-01,-1.20094861e+04,-8.13879932e+04,-1.80778037e+05
-7.20000000e-02,1.56000000e-01,-1.16655965e+04,-9.06183553e+04,-1.78266090e+05
-6.80000000e-02,1.56000000e-01,-1.12845392e+04,-9.99407838e+04,-1.74929043e+05
-6.40000000e-02,1.56000000e-01,-1.08660702e+04,-1.09290842e+05,-1.70739803e+05
-6.00000000e-02,1.56000000e-01,-1.04102125e+04,-1.18599628e+05,-1.65678842e+05
-5.60000000e-02,1.56000000e-01,-9.91727316e+03,-1.27794587e+05,-1.59734982e+05
-5.20000000e-02,1.56000000e-01,-9.38785581e+03,-1.36800437e+05,-1.52906063e+05
-4.80000000e-02,1.56000000e-01,-8.82286967e+03,-1.45540201e+05,-1.45199456e+05
-4.40000000e-02,1.56000000e-01,-8.22353420e+03,-1.53936321e+05,-1.36632407e+05
-4.00000000e-02,1.56000000e-01,-7.59137911e+03,-1.61911816e+05,-1.27232204e+05
-3.60000000e-02,1.56000000e-01,-6.92823968e+03,-1.69391470e+05,-1.17036152e+05
-3.20000000e-02,1.56000000e-01,-6.23624734e+03,-1.76303018e+05,-1.06091357e+05
-2.80000000e-02,1.56000000e-01,-5.51781554e+03,-1.82578288e+05,-9.44543330e+04
-2.40000000e-02,1.56000000e-01,-4.77562104e+03,-1.88154300e+05,-8.21904208e+04
-2.00000000e-02,1.56000000e-01,-4.01258113e+03,-1.92974277e+05,-6.93730544e+04
-1.60000000e-02,1.56000000e-01,-3.23182683e+03,-1.96988552e+05,-5.60828776e+04
-1.20000000e-02,1.56000000e-01,-2.43667272e+03,-2.00155368e+05,-4.24067347e+04
-8.00000000e-03,1.56000000e-01,-1.63058388e+03,-2.02441540e+05,-2.84365569e+04
-4.00000000e-03,1.56000000e-01,-8.17140391e+02,-2.03822985e+05,-1.42681633e+04
0.00000000e+00,1.56000000e-01,0.00000000e+00,-2.04285098e+05,-0.00000000e+00
4.00000000e-03,1.56000000e-01,8.17140391e+02,-2.03822985e+05,1.42681633e+04
8.00000000e-03,1.56000000e-01,1.63058388e+03,-2.02441540e+05,2.84365569e+04
1.20000000e-02,1.56000000e-01,2.43667272e+03,-2.00155368e+05,4.24067347e+04
1.60000000e-02,1.56000000e-01,3.23182683e+03,-1.96988552e+05,5.60828776e+04
2.00000000e-02,1.56000000e-01,4.01258113e+03,-1.92974277e+05,6.93730544e+04
2.40000000e-02,1.56000000e-01,4.77562104e+03,-1.88154300e+05,8.21904208e+04
2.80000000e-02,1.56000000e-01,5.51781554e+03,-1.82578288e+05,9.44543330e+04
3.20000000e-02,1.56000000e-01,6.23624734e+03,-1.76303018e+05,1.06091357e+05
3.60000000e-02,1.56000000e-01,6.92823968e+03,-1.69391470e+05,1.17036152e+05
4.00000000e-02,1.56000000e-01,7.59137911e+03,-1.61911816e+05,1.27232204e+05
4.40000000e-02,1.56000000e-01,8.22353420e+03,-1.53936321e+05,1.36632407e+05
4.80000000e-02,1.56000000e-01,8.82286967e+03,-1.45540201e+05,1.45199456e+05
5.20000000e-02,1.56000000e-01,9.38785581e+03,-1.36800437e+05,1.52906063e+05
5.60000000e-02,1.56000000e-01,9.91727316e+03,-1.27794587e+05,1.59734982e+05
6.00000000e-02,1.56000000e-01,1.04102125e+04,-1.18599628e+05,1.65678842e+05
6.40000000e-02,1.56000000e-01,1.08660702e+04,-1.09290842e+05,1.70739803e+05
6.80000000e-02,1.56000000e-01,1.12845392e+04,-9.99407838e+04,1.74929043e+05
7.20000000e-02,1.56000000e-01,1.16655965e+04,-9.06183553e+04,1.78266090e+05
7.60000000e-02,1.56000000e-01,1.20094861e+04,-8.13879932e+04,1.80778037e+05
8.00000000e-02,1.56000000e-01,1.23167004e+04,-7.23090005e+04,1.82498654e+05
8.40000000e-02,1.56000000e-01,1.25879581e+04,-6.34350222e+04,1.83467421e+05
8.80000000e-02,1.56000000e-01,1.28241806e+04,-5.48136714e+04,1.83728532e+05
9.20000000e-02,1.56000000e-01,1.30264675e+04,-4.64863056e+04,1.83329877e+05
9.60000000e-02,1.56000000e-01,1.31960710e+04,-3.84879455e+04,1.82322048e+05
1.00000000e-01,1.56000000e-01,1.33343710e+04,-3.08473268e+04,1.80757371e+05
1.04000000e-01,1.56000000e-01,1.34428496e+04,-2.35870701e+04,1.78689014e+05
1.08000000e-01,1.56000000e-01,1.35230676e+04,-1.67239525e+04,1.76170159e+05
1.12000000e-01,1.56000000e-01,1.35766413e+04,-1.02692632e+04,1.73253268e+05
1.16000000e-01,1.56000000e-01,1.36052217e+04,-4.22922390e+03,1.69989445e+05
1.20000000e-01,1.56000000e-01,1.36104751e+04,1.39454484e+03,1.66427900e+05
1.24000000e-01,1.56000000e-01,1.35940653e+04,6.60452732e+03,1.62615510e+05
1.28000000e-01,1.56000000e-01,1.35576388e+04,1.14068040e+04,1.58596483e+05
1.32000000e-01,1.56000000e-01,1.35028109e+04,1.58105435e+04,1.54412104e+05
1.36000000e-01,1.56000000e-01,1.34311545e+04,1.98275071e+04,1.50100577e+05
1.40000000e-01,1.56000000e-01,1.33441908e+04,2.34715763e+04,1.45696934e+05
1.44000000e-01,1.56000000e-01,1.32433819e+04,2.67583091e+04,1.41233014e+05
1.48000000e-01,1.56000000e-01,1.31301244e+04,2.97045324e+04,1.36737497e+05
1.52000000e-01,1.56000000e-01,1.30057456e+04,3.23279717e+04,1.32235985e+05
1.56000000e-01,1.56000000e-01,1.28715006e+04,3.46469218e+04,1.27751116e+05
1.60000000e-01,1.56000000e-01,1.27285702e+04,3.66799578e+04,1.23302713e+05
1.64000000e-01,1.56000000e-01,1.25780609e+04,3.84456852e+04,1.18907953e+05
1.68000000e-01,1.56000000e-01,1.24210048e+04,3.99625291e+04,1.14581542e+05
1.72000000e-01,1.56000000e-01,1.22583607e+04,4.12485578e+04,1.10335906e+05
1.76000000e-01,1.56000000e-01,1.20910163e+04,4.23213403e+04,1.06181385e+05
1.80000000e-01,1.56000000e-01,1.19197900e+04,4.31978329e+04,1.02126419e+05
1.84000000e-01,1.56000000e-01,1.17454336e+04,4.38942933e+04,9.81777365e+04
1.88000000e-01,1.56000000e-01,1.15686356e+04,4.44262167e+04,9.43405346e+04
1.92000000e-01,1.56000000e-01,1.13900239e+04,4.48082942e+04,9.06186462e+04
1.96000000e-01,1.56000000e-01,1.12101693e+04,4.50543868e+04,8.70147023e+04
2.00000000e-01,1.56000000e-01,1.10295888e+04,nan,nan
-2.00000000e-01,1.60000000e-01,-1.06998774e+04,nan,nan
-1.96000000e-01,1.60000000e-01,-1.08669320e+04,4.16170623e+04,-8.46060277e+04
-1.92000000e-01,1.60000000e-01,-1.10328139e+04,4.12602696e+04,-8.79932659e+04
-1.88000000e-01,1.60000000e-01,-1.11970141e+04,4.07699904e+04,-9.14827333e+04
-1.84000000e-01,1.60000000e-01,-1.13589739e+04,4.01334719e+04,-9.50711041e+04
-1.80000000e-01,1.60000000e-01,-1.15180819e+04,3.93372772e+04,-9.87539012e+04
-1.76000000e-01,1.60000000e-01,-1.16736721e+04,3.83673188e+04,-1.02525356e+05
-1.72000000e-01,1.60000000e-01,-1.18250205e+04,3.72089098e+04,-1.06378258e+05
-1.68000000e-01,1.60000000e-01,-1.19713434e+04,3.58468325e+04,-1.10303806e+05
-1.64000000e-01,1.60000000e-01,-1.21117951e+04,3.42654290e+04,-1.14291444e+05
-1.60000000e-01,1.60000000e-01,-1.22454668e+04,3.24487159e+04,-1.18328706e+05
-1.56000000e-01,1.60000000e-01,-1.23713849e+04,3.03805239e+04,-1.22401059e+05
-1.52000000e-01,1.60000000e-01,-1.24885110e+04,2.80446678e+04,-1.26491746e+05
-1.48000000e-01,1.60000000e-01,-1.25957422e+04,2.54251451e+04,-1.30581649e+05
-1.44000000e-01,1.60000000e-01,-1.26919121e+04,2.25063680e+04,-1.34649160e+05
-1.40000000e-01,1.60000000e-01,-1.27757931e+04,1.92734276e+04,-1.38670074e+05
-1.36000000e-01,1.60000000e-01,-1.28460996e+04,1.57123913e+04,-1.42617513e+05
-1.32000000e-01,1.60000000e-01,-1.29014923e+04,1.18106320e+04,-1.46461880e+05
-1.28000000e-01,1.60000000e-01,-1.29405846e+04,7.55718784e+03,-1.50170864e+05
-1.24000000e-01,1.60000000e-01,-1.29619498e+04,2.94314721e+03,-1.53709484e+05
-1.20000000e-01,1.60000000e-01,-1.29641298e+04,-2.03794410e+03,-1.57040199e+05
-1.16000000e-01,1.60000000e-01,-1.29456462e+04,-7.38966180e+03,-1.60123086e+05
-1.12000000e-01,1.60000000e-01,-1.29050125e+04,-1.31122761e+04,-1.62916081e+05
-1.08000000e-01,1.60000000e-01,-1.28407480e+04,-1.92023292e+04,-1.65375305e+05
-1.04000000e-01,1.60000000e-01,-1.27513939e+04,-2.56522289e+04,-1.67455468e+05
-1.00000000e-01,1.60000000e-01,-1.26355302e+04,-3.24498727e+04,-1.69110359e+05
-9.60000000e-02,1.60000000e-01,-1.24917949e+04,-3.95783148e+04,-1.70293411e+05
-9.20000000e-02,1.60000000e-01,-1.23189037e+04,-4.70154933e+04,-1.70958354e+05
-8.80000000e-02,1.60000000e-01,-1.21156709e+04,-5.47340310e+04,-1.71059923e+05
-8.40000000e-02,1.60000000e-01,-1.18810314e+04,-6.27011241e+04,-1.70554642e+05
-8.00000000e-02,1.60000000e-01,-1.16140619e+04,-7.08785327e+04,-1.69401639e+05
-7.60000000e-02,1.60000000e-01,-1.13140032e+04,-7.92226831e+04,-1.67563494e+05
-7.20000000e-02,1.60000000e-01,-1.09802805e+04,-8.76848900e+04,-1.65007096e+05
-6.80000000e-02,1.60000000e-01,-1.06125240e+04,-9.62117022e+04,-1.61704481e+05
-6.40000000e-02,1.60000000e-01,-1.02105869e+04,-1.04745374e+05,-1.57633630e+05
-6.00000000e-02,1.60000000e-01,-9.77456104e+03,-1.13224457e+05,-1.52779213e+05
-5.60000000e-02,1.60000000e-01,-9.30479121e+03,-1.21584501e+05,-1.47133233e+05
-5.20000000e-02,1.60000000e-01,-8.80188504e+03,-1.29758861e+05,-1.40695575e+05
-4.80000000e-02,1.60000000e-01,-8.26672032e+03,-1.37679583e+05,-1.33474425e+05
-4.40000000e-02,1.60000000e-01,-7.70044838e+03,-1.45278354e+05,-1.25486544e+05
-4.00000000e-02,1.60000000e-01,-7.10449349e+03,-1.52487498e+05,-1.16757397e+05
-3.60000000e-02,1.60000000e-01,-6.48054839e+03,-1.59240991e+05,-1.07321121e+05
-3.20000000e-02,1.60000000e-01,-5.83056556e+03,-1.65475469e+05,-9.72203298e+04
-2.80000000e-02,1.60000000e-01,-5.15674464e+03,-1.71131214e+05,-8.65057719e+04
-2.40000000e-02,1.60000000e-01,-4.46151585e+03,-1.76153089e+05,-7.52358291e+04
-2.00000000e-02,1.60000000e-01,-3.74751992e+03,-1.80491414e+05,-6.34758828e+04
-1.60000000e-02,1.60000000e-01,-3.01758455e+03,-1.84102742e+05,-5.12975531e+04
-1.20000000e-02,1.60000000e-01,-2.27469799e+03,-1.86950553e+05,-3.87778290e+04
-8.00000000e-03,1.60000000e-01,-1.52198012e+03,-1.89005831e+05,-2.59981057e+04
-4.00000000e-03,1.60000000e-01,-7.62651342e+02,-1.90247515e+05,-1.30431483e+04
0.00000000e+00,1.60000000e-01,0.00000000e+00,-1.90662836e+05,-0.00000000e+00
4.00000000e-03,1.60000000e-01,7.62651342e+02,-1.90247515e+05,1.30431483e+04
8.00000000e-03,1.60000000e-01,1.52198012e+03,-1.89005831e+05,2.59981057e+04
1.20000000e-02,1.60000000e-01,2.27469799e+03,-1.86950553e+05,3.87778290e+04
1.60000000e-02,1.60000000e-01,3.01758455e+03,-1.84102742e+05,5.12975531e+04
2.00000000e-02,1.60000000e-01,3.74751992e+03,-1.80491414e+05,6.34758828e+04
2.40000000e-02,1.60000000e-01,4.46151585e+03,-1.76153089e+05,7.52358291e+04
2.80000000e-02,1.60000000e-01,5.15674464e+03,-1.71131214e+05,8.65057719e+04
3.20000000e-02,1.60000000e-01,5.83056556e+03,-1.65475469e+05,9.72203298e+04
3.60000000e-02,1.60000000e-01,6.48054839e+03,-1.59240991e+05,1.07321121e+05
4.00000000e-02,1.60000000e-01,7.10449349e+03,-1.52487498e+05,1.16757397e+05
4.40000000e-02,1.60000000e-01,7.70044838e+03,-1.45278354e+05,1.25486544e+05
4.80000000e-02,1.60000000e-01,8.26672032e+03,-1.37679583e+05,1.33474425e+05
5.20000000e-02,1.60000000e-01,8.80188504e+03,-1.29758861e+05,1.40695575e+05
5.60000000e-02,1.60000000e-01,9.30479121e+03,-1.21584501e+05,1.47133233e+05
6.00000000e-02,1.60000000e-01,9.77456104e+03,-1.13224457e+05,1.52779213e+05
6.40000000e-02,1.60000000e-01,1.02105869e+04,-1.04745374e+05,1.57633630e+05
6.80000000e-02,1.60000000e-01,1.06125240e+04,-9.62117022e+04,1.61704481e+05
7.20000000e-02,1.60000000e-01,1.09802805e+04,-8.76848900e+04,1.65007096e+05
7.60000000e-02,1.60000000e-01,1.13140032e+04,-7.92226831e+04,1.67563494e+05
8.00000000e-02,1.60000000e-01,1.16140619e+04,-7.08785327e+04,1.69401639e+05
8.40000000e-02,1.60000000e-01,1.18810314e+04,-6.27011241e+04,1.70554642e+05
8.80000000e-02,1.60000000e-01,1.21156709e+04,-5.47340310e+04,1.71059923e+05
9.20000000e-02,1.60000000e-01,1.23189037e+04,-4.70154933e+04,1.70958354e+05
9.60000000e-02,1.60000000e-01,1.24917949e+04,-3.95783148e+04,1.70293411e+05
1.00000000e-01,1.60000000e-01,1.26355302e+04,-3.24498727e+04,1.69110359e+05
1.04000000e-01,1.60000000e-01,1.27513939e+04,-2.56522289e+04,1.67455468e+05
1.08000000e-01,1.60000000e-01,1.28407480e+04,-1.92023292e+04,1.65375305e+05
1.12000000e-01,1.60000000e-01,1.29050125e+04,-1.31122761e+04,1.62916081e+05
1.16000000e-01,1.60000000e-01,1.29456462e+04,-7.38966180e+03,1.60123086e+05
1.20000000e-01,1.60000000e-01,1.29641298e+04,-2.03794410e+03,1.57040199e+05
1.24000000e-01,1.60000000e-01,1.29619498e+04,2.94314721e+03,1.53709484e+05
1.28000000e-01,1.60000000e-01,1.29405846e+04,7.55718784e+03,1.50170864e+05
1.32000000e-01,1.60000000e-01,1.29014923e+04,1.18106320e+04,1.46461880e+05
1.36000000e-01,1.60000000e-01,1.28460996e+04,1.57123913e+04,1.42617513e+05
1.40000000e-01,1.60000000e-01,1.27757931e+04,1.92734276e+04,1.38670074e+05
1.44000000e-01,1.60000000e-01,1.26919121e+04,2.25063680e+04,1.34649160e+05
1.48000000e-01,1.60000000e-01,1.25957422e+04,2.54251451e+04,1.30581649e+05
1.52000000e-01,1.60000000e-01,1.24885110e+04,2.80446678e+04,1.26491746e+05
1.56000000e-01,1.60000000e-01,1.23713849e+04,3.03805239e+04,1.22401059e+05
1.60000000e-01,1.60000000e-01,1.22454668e+04,3.24487159e+04,1.18328706e+05
1.64000000e-01,1.60000000e-01,1.21117951e+04,3.42654290e+04,1.14291444e+05
1.68000000e-01,1.60000000e-01,1.19713434e+04,3.58468325e+04,1.10303806e+05
1.72000000e-01,1.60000000e-01,1.18250205e+04,3.72089098e+04,1.06378258e+05
1.76000000e-01,1.60000000e-01,1.16736721e+04,3.83673188e+04,1.02525356e+05
1.80000000e-01,1.60000000e-01,1.15180819e+04,3.93372772e+04,9.87539012e+04
1.84000000e-01,1.60000000e-01,1.13589739e+04,4.01334719e+04,9.50711041e+04
1.88000000e-01,1.60000000e-01,1.11970141e+04,4.07699904e+04,9.14827333e+04
1.92000000e-01,1.60000000e-01,1.10328139e+04,4.12602696e+04,8.79932659e+04
1.96000000e-01,1.60000000e-01,1.08669320e+04,4.16170623e+04,8.46060277e+04
2.00000000e-01,1.60000000e-01,1.06998774e+04,nan,nan
-2.00000000e-01,1.64000000e-01,-1.03790022e+04,nan,nan
-1.96000000e-01,1.64000000e-01,-1.05333211e+04,3.83844465e+04,-8.22057501e+04
-1.92000000e-01,1.64000000e-01,-1.06860778e+04,3.79315886e+04,-8.53859915e+04
-1.88000000e-01,1.64000000e-01,-1.08367738e+04,3.73483786e+04,-8.86542037e+04
-1.84000000e-01,1.64000000e-01,-1.09848648e+04,3.66231253e+04,-9.20065120e+04
-1.80000000e-01,1.64000000e-01,-1.11297588e+04,3.57435814e+04,-9.54379480e+04
-1.76000000e-01,1.64000000e-01,-1.12708135e+04,3.46969833e+04,-9.89423268e+04
-1.72000000e-01,1.64000000e-01,-1.14073346e+04,3.34701076e+04,-1.02512119e+05
-1.68000000e-01,1.64000000e-01,-1.15385743e+04,3.20493435e+04,-1.06138318e+05
-1.64000000e-01,1.64000000e-01,-1.16637294e+04,3.04207848e+04,-1.09810312e+05
-1.60000000e-01,1.64000000e-01,-1.17819406e+04,2.85703430e+04,-1.13515744e+05
-1.56000000e-01,1.64000000e-01,-1.18922921e+04,2.64838824e+04,-1.17240389e+05
-1.52000000e-01,1.64000000e-01,-1.19938117e+04,2.41473815e+04,-1.20968034e+05
-1.48000000e-01,1.64000000e-01,-1.20854712e+04,2.15471183e+04,-1.24680362e+05
-1.44000000e-01,1.64000000e-01,-1.21661886e+04,1.86698842e+04,-1.28356861e+05
-1.40000000e-01,1.64000000e-01,-1.22348302e+04,1.55032235e+04,-1.31974754e+05
-1.36000000e-01,1.64000000e-01,-1.22902144e+04,1.20357006e+04,-1.35508945e+05
-1.32000000e-01,1.64000000e-01,-1.23311159e+04,8.25719175e+03,-1.38932011e+05
-1.28000000e-01,1.64000000e-01,-1.23562719e+04,4.15920058e+03,-1.42214221e+05
-1.24000000e-01,1.64000000e-01,-1.23643895e+04,-2.64807856e+02,-1.45323613e+05
-1.20000000e-01,1.64000000e-01,-1.23541535e+04,-5.01905787e+03,-1.48226106e+05
-1.16000000e-01,1.64000000e-01,-1.23242370e+04,-1.01051058e+04,-1.50885684e+05
-1.12000000e-01,1.64000000e-01,-1.22733126e+04,-1.55214816e+04,-1.53264635e+05
-1.08000000e-01,1.64000000e-01,-1.22000651e+04,-2.12633391e+04,-1.55323849e+05
-1.04000000e-01,1.64000000e-01,-1.21032059e+04,-2.73221237e+04,-1.57023201e+05
-1.00000000e-01,1.64000000e-01,-1.19814882e+04,-3.36852701e+04,-1.58321982e+05
-9.60000000e-02,1.64000000e-01,-1.18337237e+04,-4.03359407e+04,-1.59179411e+05
-9.20000000e-02,1.64000000e-01,-1.16588006e+04,-4.72528176e+04,-1.59555201e+05
-8.80000000e-02,1.64000000e-01,-1.14557012e+04,-5.44099601e+04,-1.59410184e+05
-8.40000000e-02,1.64000000e-01,-1.12235209e+04,-6.17767379e+04,-1.58706978e+05
-8.00000000e-02,1.64000000e-01,-1.09614873e+04,-6.93178521e+04,-1.57410691e+05
-7.60000000e-02,1.64000000e-01,-1.06689781e+04,-7.69934502e+04,-1.55489640e+05
-7.20000000e-02,1.64000000e-01,-1.03455397e+04,-8.47593419e+04,-1.52916073e+05
-6.80000000e-02,1.64000000e-01,-9.99090339e+03,-9.25673181e+04,-1.49666872e+05
-6.40000000e-02,1.64000000e-01,-9.60500115e+03,-1.00365574e+05,-1.45724224e+05
-6.00000000e-02,1.64000000e-01,-9.18797880e+03,-1.08099230e+05,-1.41076235e+05
-5.60000000e-02,1.64000000e-01,-8.74020730e+03,-1.15710949e+05,-1.35717466e+05
-5.20000000e-02,1.64000000e-01,-8.26229121e+03,-1.23141629e+05,-1.29649378e+05
-4.80000000e-02,1.64000000e-01,-7.75507427e+03,-1.30331170e+05,-1.22880682e+05
-4.40000000e-02,1.64000000e-01,-7.21964185e+03,-1.37219293e+05,-1.15427551e+05
-4.00000000e-02,1.64000000e-01,-6.65731993e+03,-1.43746392e+05,-1.07313720e+05
-3.60000000e-02,1.64000000e-01,-6.06967071e+03,-1.49854403e+05,-9.85704455e+04
-3.20000000e-02,1.64000000e-01,-5.45848471e+03,-1.55487669e+05,-8.92363324e+04
-2.80000000e-02,1.64000000e-01,-4.82576936e+03,-1.60593787e+05,-7.93570299e+04
-2.40000000e-02,1.64000000e-01,-4.17373441e+03,-1.65124411e+05,-6.89847990e+04
-2.00000000e-02,1.64000000e-01,-3.50477407e+03,-1.69036001e+05,-5.81779621e+04
-1.60000000e-02,1.64000000e-01,-2.82144640e+03,-1.72290498e+05,-4.70002456e+04
-1.20000000e-02,1.64000000e-01,-2.12645008e+03,-1.74855921e+05,-3.55200275e+04
-8.00000000e-03,1.64000000e-01,-1.42259904e+03,-1.76706860e+05,-2.38095051e+04
-4.00000000e-03,1.64000000e-01,-7.12795205e+02,-1.77824879e+05,-1.19437978e+04
0.00000000e+00,1.64000000e-01,0.00000000e+00,-1.78198801e+05,-0.00000000e+00
4.00000000e-03,1.64000000e-01,7.12795205e+02,-1.77824879e+05,1.19437978e+04
8.00000000e-03,1.64000000e-01,1.42259904e+03,-1.76706860e+05,2.38095051e+04
1.20000000e-02,1.64000000e-01,2.12645008e+03,-1.74855921e+05,3.55200275e+04
1.60000000e-02,1.64000000e-01,2.82144640e+03,-1.72290498e+05,4.70002456e+04
2.00000000e-02,1.64000000e-01,3.50477407e+03,-1.69036001e+05,5.81779621e+04
2.40000000e-02,1.64000000e-01,4.17373441e+03,-1.65124411e+05,6.89847990e+04
2.80000000e-02,1.64000000e-01,4.82576936e+03,-1.60593787e+05,7.93570299e+04
3.20000000e-02,1.64000000e-01,5.45848471e+03,-1.55487669e+05,8.92363324e+04
3.60000000e-02,1.64000000e-01,6.06967071e+03,-1.49854403e+05,9.85704455e+04
4.00000000e-02,1.64000000e-01,6.65731993e+03,-1.43746392e+05,1.07313720e+05
4.40000000e-02,1.64000000e-01,7.21964185e+03,-1.37219293e+05,1.15427551e+05
4.80000000e-02,1.64000000e-01,7.75507427e+03,-1.30331170e+05,1.22880682e+05
5.20000000e-02,1.64000000e-01,8.26229121e+03,-1.23141629e+05,1.29649378e+05
5.60000000e-02,1.64000000e-01,8.74020730e+03,-1.15710949e+05,1.35717466e+05
6.00000000e-02,1.64000000e-01,9.18797880e+03,-1.08099230e+05,1.41076235e+05
6.40000000e-02,1.64000000e-01,9.60500115e+03,-1.00365574e+05,1.45724224e+05
6.80000000e-02,1.64000000e-01,9.99090339e+03,-9.25673181e+04,1.49666872e+05
7.20000000e-02,1.64000000e-01,1.03455397e+04,-8.47593419e+04,1.52916073e+05
7.60000000e-02,1.64000000e-01,1.06689781e+04,-7.69934502e+04,1.55489640e+05
8.00000000e-02,1.64000000e-01,1.09614873e+04,-6.93178521e+04,1.57410691e+05
8.40000000e-02,1.64000000e-01,1.12235209e+04,-6.17767379e+04,1.58706978e+05
8.80000000e-02,1.64000000e-01,1.14557012e+04,-5.44099601e+04,1.59410184e+05
9.20000000e-02,1.64000000e-01,1.16588006e+04,-4.72528176e+04,1.59555201e+05
9.60000000e-02,1.64000000e-01,1.18337237e+04,-4.03359407e+04,1.59179411e+05
1.00000000e-01,1.64000000e-01,1.19814882e+04,-3.36852701e+04,1.58321982e+05
1.04000000e-01,1.64000000e-01,1.21032059e+04,-2.73221237e+04,1.57023201e+05
1.08000000e-01,1.64000000e-01,1.22000651e+04,-2.12633391e+04,1.55323849e+05
1.12000000e-01,1.64000000e-01,1.22733126e+04,-1.55214816e+04,1.53264635e+05
1.16000000e-01,1.64000000e-01,1.23242370e+04,-1.01051058e+04,1.50885684e+05
1.20000000e-01,1.64000000e-01,1.23541535e+04,-5.01905787e+03,1.48226106e+05
1.24000000e-01,1.64000000e-01,1.23643895e+04,-2.64807856e+02,1.45323613e+05
1.28000000e-01,1.64000000e-01,1.23562719e+04,4.15920058e+03,1.42214221e+05
1.32000000e-01,1.64000000e-01,1.23311159e+04,8.25719175e+03,1.38932011e+05
1.36000000e-01,1.64000000e-01,1.22902144e+04,1.20357006e+04,1.35508945e+05
1.40000000e-01,1.64000000e-01,1.22348302e+04,1.55032235e+04,1.31974754e+05
1.44000000e-01,1.64000000e-01,1.21661886e+04,1.86698842e+04,1.28356861e+05
1.48000000e-01,1.64000000e-01,1.20854712e+04,2.15471183e+04,1.24680362e+05
1.52000000e-01,1.64000000e-01,1.19938117e+04,2.41473815e+04,1.20968034e+05
1.56000000e-01,1.64000000e-01,1.18922921e+04,2.64838824e+04,1.17240389e+05
1.60000000e-01,1.64000000e-01,1.17819406e+04,2.85703430e+04,1.13515744e+05
1.64000000e-01,1.64000000e-01,1.16637294e+04,3.04207848e+04,1.09810312e+05
1.68000000e-01,1.64000000e-01,1.15385743e+04,3.20493435e+04,1.06138318e+05
1.72000000e-01,1.64000000e-01,1.14073346e+04,3.34701076e+04,1.02512119e+05
1.76000000e-01,1.64000000e-01,1.12708135e+04,3.46969833e+04,9.89423268e+04
1.80000000e-01,1.64000000e-01,1.11297588e+04,3.57435814e+04,9.54379480e+04
1.84000000e-01,1.64000000e-01,1.09848648e+04,3.66231253e+04,9.20065120e+04
1.88000000e-01,1.64000000e-01,1.08367738e+04,3.73483786e+04,8.86542037e+04
1.92000000e-01,1.64000000e-01,1.06860778e+04,3.79315886e+04,8.53859915e+04
1.96000000e-01,1.64000000e-01,1.05333211e+04,3.83844465e+04,8.22057501e+04
2.00000000e-01,1.64000000e-01,1.03790022e+04,nan,nan
-2.00000000e-01,1.68000000e-01,-1.00669464e+04,nan,nan
-1.96000000e-01,1.68000000e-01,-1.02092860e+04,3.53474480e+04,-7.98217925e+04
-1.92000000e-01,1.68000000e-01,-1.03497260e+04,3.48118161e+04,-8.28047471e+04
-1.88000000e-01,1.68000000e-01,-1.04877805e+04,3.41494699e+04,-8.58627741e+04
-1.84000000e-01,1.68000000e-01,-1.06229218e+04,3.33497276e+04,-8.89915765e+04
-1.80000000e-01,1.68000000e-01,-1.07545783e+04,3.24014624e+04,-9.21858252e+04
-1.76000000e-01,1.68000000e-01,-1.08821335e+04,3.12931481e+04,-9.54390522e+04
-1.72000000e-01,1.68000000e-01,-1.10049235e+04,3.00129182e+04,-9.87435410e+04
-1.68000000e-01,1.68000000e-01,-1.11222368e+04,2.85486394e+04,-1.02090215e+05
-1.64000000e-01,1.68000000e-01,-1.12333126e+04,2.68880040e+04,-1.05468528e+05
-1.60000000e-01,1.68000000e-01,-1.13373408e+04,2.50186383e+04,-1.08866351e+05
-1.56000000e-01,1.68000000e-01,-1.14334617e+04,2.29282335e+04,-1.12269876e+05
-1.52000000e-01,1.68000000e-01,-1.15207667e+04,2.06046955e+04,-1.15663514e+05
-1.48000000e-01,1.68000000e-01,-1.15982993e+04,1.80363176e+04,-1.19029817e+05
-1.44000000e-01,1.68000000e-01,-1.16650572e+04,1.52119755e+04,-1.22349405e+05
-1.40000000e-01,1.68000000e-01,-1.17199951e+04,1.21213439e+04,-1.25600925e+05
-1.36000000e-01,1.68000000e-01,-1.17620280e+04,8.75513482e+03,-1.28761023e+05
-1.32000000e-01,1.68000000e-01,-1.17900362e+04,5.10535597e+03,-1.31804354e+05
-1.28000000e-01,1.68000000e-01,-1.18028708e+04,1.16558573e+03,-1.34703627e+05
-1.24000000e-01,1.68000000e-01,-1.17993609e+04,-3.06873736e+03,-1.37429683e+05
-1.20000000e-01,1.68000000e-01,-1.17783209e+04,-7.60001582e+03,-1.39951625e+05
-1.16000000e-01,1.68000000e-01,-1.17385607e+04,-1.24281906e+04,-1.42236993e+05
-1.12000000e-01,1.68000000e-01,-1.16788954e+04,-1.75504411e+04,-1.44251996e+05
-1.08000000e-01,1.68000000e-01,-1.15981572e+04,-2.29608959e+04,-1.45961793e+05
-1.04000000e-01,1.68000000e-01,-1.14952083e+04,-2.86503619e+04,-1.47330834e+05
-1.00000000e-01,1.68000000e-01,-1.13689543e+04,-3.46060827e+04,-1.48323257e+05
-9.60000000e-02,1.68000000e-01,-1.12183596e+04,-4.08115336e+04,-1.48903339e+05
-9.20000000e-02,1.68000000e-01,-1.10424621e+04,-4.72462660e+04,-1.49035992e+05
-8.80000000e-02,1.68000000e-01,-1.08403895e+04,-5.38858077e+04,-1.48687310e+05
-8.40000000e-02,1.68000000e-01,-1.06113756e+04,-6.07016312e+04,-1.47825143e+05
-8.00000000e-02,1.68000000e-01,-1.03547764e+04,-6.76611948e+04,-1.46419697e+05
-7.60000000e-02,1.68000000e-01,-1.00700860e+04,-7.47280646e+04,-1.44444154e+05
-7.20000000e-02,1.68000000e-01,-9.75695190e+03,-8.18621214e+04,-1.41875273e+05
-6.80000000e-02,1.68000000e-01,-9.41518906e+03,-8.90198541e+04,-1.38693992e+05
-6.40000000e-02,1.68000000e-01,-9.04479307e+03,-9.61547382e+04,-1.34885981e+05
-6.00000000e-02,1.68000000e-01,-8.64595116e+03,-1.03217698e+05,-1.30442156e+05
-5.60000000e-02,1.68000000e-01,-8.21905149e+03,-1.10157644e+05,-1.25359125e+05
-5.20000000e-02,1.68000000e-01,-7.76469001e+03,-1.16922078e+05,-1.19639554e+05
-4.80000000e-02,1.68000000e-01,-7.28367486e+03,-1.23457756e+05,-1.13292447e+05
-4.40000000e-02,1.68000000e-01,-6.77702797e+03,-1.29711392e+05,-1.06333319e+05
-4.00000000e-02,1.68000000e-01,-6.24598373e+03,-1.35630392e+05,-9.87842677e+04
-3.60000000e-02,1.68000000e-01,-5.69198483e+03,-1.41163603e+05,-9.06739302e+04
-3.20000000e-02,1.68000000e-01,-5.11667490e+03,-1.46262054e+05,-8.20373234e+04
-2.80000000e-02,1.68000000e-01,-4.52188840e+03,-1.50879680e+05,-7.29155761e+04
-2.40000000e-02,1.68000000e-01,-3.90963746e+03,-1.54974022e+05,-6.33555520e+04
-2.00000000e-02,1.68000000e-01,-3.28209623e+03,-1.58506860e+05,-5.34093711e+04
-1.60000000e-02,1.68000000e-01,-2.64158258e+03,-1.61444807e+05,-4.31338397e+04
-1.20000000e-02,1.68000000e-01,-1.99053777e+03,-1.63759813e+05,-3.25897982e+04
-8.00000000e-03,1.68000000e-01,-1.33150408e+03,-1.65429601e+05,-2.18414000e+04
-4.00000000e-03,1.68000000e-01,-6.67100960e+02,-1.66438010e+05,-1.09553332e+04
0.00000000e+00,1.68000000e-01,0.00000000e+00,-1.66775240e+05,-0.00000000e+00
4.00000000e-03,1.68000000e-01,6.67100960e+02,-1.66438010e+05,1.09553332e+04
8.00000000e-03,1.68000000e-01,1.33150408e+03,-1.65429601e+05,2.18414000e+04
1.20000000e-02,1.68000000e-01,1.99053777e+03,-1.63759813e+05,3.25897982e+04
1.60000000e-02,1.68000000e-01,2.64158258e+03,-1.61444807e+05,4.31338397e+04
2.00000000e-02,1.68000000e-01,3.28209623e+03,-1.58506860e+05,5.34093711e+04
2.40000000e-02,1.68000000e-01,3.90963746e+03,-1.54974022e+05,6.33555520e+04
2.80000000e-02,1.68000000e-01,4.52188840e+03,-1.50879680e+05,7.29155761e+04
3.20000000e-02,1.68000000e-01,5.11667490e+03,-1.46262054e+05,8.20373234e+04
3.60000000e-02,1.68000000e-01,5.69198483e+03,-1.41163603e+05,9.06739302e+04
4.00000000e-02,1.68000000e-01,6.24598373e+03,-1.35630392e+05,9.87842677e+04
4.40000000e-02,1.68000000e-01,6.77702797e+03,-1.29711392e+05,1.06333319e+05
4.80000000e-02,1.68000000e-01,7.28367486e+03,-1.23457756e+05,1.13292447e+05
5.20000000e-02,1.68000000e-01,7.76469001e+03,-1.16922078e+05,1.19639554e+05
5.60000000e-02,1.68000000e-01,8.21905149e+03,-1.10157644e+05,1.25359125e+05
6.00000000e-02,1.68000000e-01,8.64595116e+03,-1.03217698e+05,1.30442156e+05
6.40000000e-02,1.68000000e-01,9.04479307e+03,-9.61547382e+04,1.34885981e+05
6.80000000e-02,1.68000000e-01,9.41518906e+03,-8.90198541e+04,1.38693992e+05
7.20000000e-02,1.68000000e-01,9.75695190e+03,-8.18621214e+04,1.41875273e+05
7.60000000e-02,1.68000000e-01,1.00700860e+04,-7.47280646e+04,1.44444154e+05
8.00000000e-02,1.68000000e-01,1.03547764e+04,-6.76611948e+04,1.46419697e+05
8.40000000e-02,1.68000000e-01,1.06113756e+04,-6.07016312e+04,1.47825143e+05
8.80000000e-02,1.68000000e-01,1.08403895e+04,-5.38858077e+04,1.48687310e+05
9.20000000e-02,1.68000000e-01,1.10424621e+04,-4.72462660e+04,1.49035992e+05
9.60000000e-02,1.68000000e-01,1.12183596e+04,-4.08115336e+04,1.48903339e+05
1.00000000e-01,1.68000000e-01,1.13689543e+04,-3.46060827e+04,1.48323257e+05
1.04000000e-01,1.68000000e-01,1.14952083e+04,-2.86503619e+04,1.47330834e+05
1.08000000e-01,1.68000000e-01,1.15981572e+04,-2.29608959e+04,1.45961793e+05
1.12000000e-01,1.68000000e-01,1.16788954e+04,-1.75504411e+04,1.44251996e+05
1.16000000e-01,1.68000000e-01,1.17385607e+04,-1.24281906e+04,1.42236993e+05
1.20000000e-01,1.68000000e-01,1.17783209e+04,-7.60001582e+03,1.39951625e+05
1.24000000e-01,1.68000000e-01,1.17993609e+04,-3.06873736e+03,1.37429683e+05
1.28000000e-01,1.68000000e-01,1.18028708e+04,1.16558573e+03,1.34703627e+05
1.32000000e-01,1.68000000e-01,1.17900362e+04,5.10535597e+03,1.31804354e+05
1.36000000e-01,1.68000000e-01,1.17620280e+04,8.75513482e+03,1.28761023e+05
1.40000000e-01,1.68000000e-01,1.17199951e+04,1.21213439e+04,1.25600925e+05
1.44000000e-01,1.68000000e-01,1.16650572e+04,1.52119755e+04,1.22349405e+05
1.48000000e-01,1.68000000e-01,1.15982993e+04,1.80363176e+04,1.19029817e+05
1.52000000e-01,1.68000000e-01,1.15207667e+04,2.06046955e+04,1.15663514e+05
1.56000000e-01,1.68000000e-01,1.14334617e+04,2.29282335e+04,1.12269876e+05
1.60000000e-01,1.68000000e-01,1.13373408e+04,2.50186383e+04,1.08866351e+05
1.64000000e-01,1.68000000e-01,1.12333126e+04,2.68880040e+04,1.05468528e+05
1.68000000e-01,1.68000000e-01,1.11222368e+04,2.85486394e+04,1.02090215e+05
1.72000000e-01,1.68000000e-01,1.10049235e+04,3.00129182e+04,9.87435410e+04
1.76000000e-01,1.68000000e-01,1.08821335e+04,3.12931481e+04,9.54390522e+04
1.80000000e-01,1.68000000e-01,1.07545783e+04,3.24014624e+04,9.21858252e+04
1.84000000e-01,1.68000000e-01,1.06229218e+04,3.33497276e+04,8.89915765e+04
1.88000000e-01,1.68000000e-01,1.04877805e+04,3.41494699e+04,8.58627741e+04
1.92000000e-01,1.68000000e-01,1.03497260e+04,3.48118161e+04,8.28047471e+04
1.96000000e-01,1.68000000e-01,1.02092860e+04,3.53474480e+04,7.98217925e+04
2.00000000e-01,1.68000000e-01,1.00669464e+04,nan,nan
-2.00000000e-01,1.72000000e-01,-9.76366398e+03,nan,nan
-1.96000000e-01,1.72000000e-01,-9.89474671e+03,3.24969769e+04,-7.74610712e+04
-1.92000000e-01,1.72000000e-01,-1.00236398e+04,3.18906070e+04,-8.02563713e+04
-1.88000000e-01,1.72000000e-01,-1.01498716e+04,3.11615492e+04,-8.31151095e+04
-1.84000000e-01,1.72000000e-01,-1.02729322e+04,3.03000742e+04,-8.60326755e+04
-1.80000000e-01,1.72000000e-01,-1.03922722e+04,2.92961056e+04,-8.90034906e+04
-1.76000000e-01,1.72000000e-01,-1.05073010e+04,2.81392674e+04,-9.20209157e+04
-1.72000000e-01,1.72000000e-01,-1.06173863e+04,2.68189445e+04,-9.50771575e+04
-1.68000000e-01,1.72000000e-01,-1.07218526e+04,2.53243570e+04,-9.81631755e+04
-1.64000000e-01,1.72000000e-01,-1.08199812e+04,2.36446491e+04,-1.01268589e+05
-1.60000000e-01,1.72000000e-01,-1.09110098e+04,2.17689946e+04,-1.04381591e+05
-1.56000000e-01,1.72000000e-01,-1.09941331e+04,1.96867191e+04,-1.07488863e+05
-1.52000000e-01,1.72000000e-01,-1.10685035e+04,1.73874405e+04,-1.10575504e+05
-1.48000000e-01,1.72000000e-01,-1.11332326e+04,1.48612274e+04,-1.13624968e+05
-1.44000000e-01,1.72000000e-01,-1.11873934e+04,1.20987761e+04,-1.16619019e+05
-1.40000000e-01,1.72000000e-01,-1.12300228e+04,9.09160601e+03,-1.19537706e+05
-1.36000000e-01,1.72000000e-01,-1.12601262e+04,5.83227104e+03,-1.22359355e+05
-1.32000000e-01,1.72000000e-01,-1.12766810e+04,2.31458707e+03,-1.25060597e+05
-1.28000000e-01,1.72000000e-01,-1.12786429e+04,-1.46612810e+03,-1.27616423e+05
-1.24000000e-01,1.72000000e-01,-1.12649520e+04,-5.51280506e+03,-1.30000273e+05
-1.20000000e-01,1.72000000e-01,-1.12345405e+04,-9.82636759e+03,-1.32184166e+05
-1.16000000e-01,1.72000000e-01,-1.11863410e+04,-1.44054770e+04,-1.34138871e+05
-1.12000000e-01,1.72000000e-01,-1.11192966e+04,-1.92462813e+04,-1.35834127e+05
-1.08000000e-01,1.72000000e-01,-1.10323708e+04,-2.43421768e+04,-1.37238903e+05
-1.04000000e-01,1.72000000e-01,-1.09245592e+04,-2.96835882e+04,-1.38321706e+05
-1.00000000e-01,1.72000000e-01,-1.07949021e+04,-3.52577756e+04,-1.39050942e+05
-9.60000000e-02,1.72000000e-01,-1.06424970e+04,-4.10486762e+04,-1.39395309e+05
-9.20000000e-02,1.72000000e-01,-1.04665127e+04,-4.70367891e+04,-1.39324242e+05
-8.80000000e-02,1.72000000e-01,-1.02662027e+04,-5.31991102e+04,-1.38808378e+05
-8.40000000e-02,1.72000000e-01,-1.00409198e+04,-5.95091247e+04,-1.37820061e+05
-8.00000000e-02,1.72000000e-01,-9.79012971e+03,-6.59368631e+04,-1.36333855e+05
-7.60000000e-02,1.72000000e-01,-9.51342490e+03,-7.24490262e+04,-1.34327065e+05
-7.20000000e-02,1.72000000e-01,-9.21053750e+03,-7.90091803e+04,-1.31780259e+05
-6.80000000e-02,1.72000000e-01,-8.88135146e+03,-8.55780260e+04,-1.28677763e+05
-6.40000000e-02,1.72000000e-01,-8.52591330e+03,-9.21137381e+04,-1.25008136e+05
-6.00000000e-02,1.72000000e-01,-8.14444155e+03,-9.85723744e+04,-1.20764589e+05
-5.60000000e-02,1.72000000e-01,-7.73733430e+03,-1.04908347e+05,-1.15945361e+05
-5.20000000e-02,1.72000000e-01,-7.30517477e+03,-1.11074950e+05,-1.10554019e+05
-4.80000000e-02,1.72000000e-01,-6.84873470e+03,-1.17024934e+05,-1.04599684e+05
-4.40000000e-02,1.72000000e-01,-6.36897530e+03,-1.22711114e+05,-9.80971682e+04
-4.00000000e-02,1.72000000e-01,-5.86704579e+03,-1.28087004e+05,-9.10670272e+04
-3.60000000e-02,1.72000000e-01,-5.34427927e+03,-1.33107459e+05,-8.35355101e+04
-3.20000000e-02,1.72000000e-01,-4.80218612e+03,-1.37729315e+05,-7.55344170e+04
-2.80000000e-02,1.72000000e-01,-4.24244475e+03,-1.41912016e+05,-6.71008602e+04
-2.40000000e-02,1.72000000e-01,-3.66688999e+03,-1.45618206e+05,-5.82769337e+04
-2.00000000e-02,1.72000000e-01,-3.07749910e+03,-1.48814289e+05,-4.91092959e+04
-1.60000000e-02,1.72000000e-01,-2.47637568e+03,-1.51470926e+05,-3.96486743e+04
-1.20000000e-02,1.72000000e-01,-1.86573170e+03,-1.53563481e+05,-2.99492987e+04
-8.00000000e-03,1.72000000e-01,-1.24786784e+03,-1.55072395e+05,-2.00682750e+04
-4.00000000e-03,1.72000000e-01,-6.25152539e+02,-1.55983479e+05,-1.00649104e+04
0.00000000e+00,1.72000000e-01,0.00000000e+00,-1.56288135e+05,-0.00000000e+00
4.00000000e-03,1.72000000e-01,6.25152539e+02,-1.55983479e+05,1.00649104e+04
8.00000000e-03,1.72000000e-01,1.24786784e+03,-1.55072395e+05,2.00682750e+04
1.20000000e-02,1.72000000e-01,1.86573170e+03,-1.53563481e+05,2.99492987e+04
1.60000000e-02,1.72000000e-01,2.47637568e+03,-1.51470926e+05,3.96486743e+04
2.00000000e-02,1.72000000e-01,3.07749910e+03,-1.48814289e+05,4.91092959e+04
2.40000000e-02,1.72000000e-01,3.66688999e+03,-1.45618206e+05,5.82769337e+04
2.80000000e-02,1.72000000e-01,4.24244475e+03,-1.41912016e+05,6.71008602e+04
3.20000000e-02,1.72000000e-01,4.80218612e+03,-1.37729315e+05,7.55344170e+04
3.60000000e-02,1.72000000e-01,5.34427927e+03,-1.33107459e+05,8.35355101e+04
4.00000000e-02,1.72000000e-01,5.86704579e+03,-1.28087004e+05,9.10670272e+04
4.40000000e-02,1.72000000e-01,6.36897530e+03,-1.22711114e+05,9.80971682e+04
4.80000000e-02,1.72000000e-01,6.84873470e+03,-1.17024934e+05,1.04599684e+05
5.20000000e-02,1.72000000e-01,7.30517477e+03,-1.11074950e+05,1.10554019e+05
5.60000000e-02,1.72000000e-01,7.73733430e+03,-1.04908347e+05,1.15945361e+05
6.00000000e-02,1.72000000e-01,8.14444155e+03,-9.85723744e+04,1.20764589e+05
6.40000000e-02,1.72000000e-01,8.52591330e+03,-9.21137381e+04,1.25008136e+05
6.80000000e-02,1.72000000e-01,8.88135146e+03,-8.55780260e+04,1.28677763e+05
7.20000000e-02,1.72000000e-01,9.21053750e+03,-7.90091803e+04,1.31780259e+05
7.60000000e-02,1.72000000e-01,9.51342490e+03,-7.24490262e+04,1.34327065e+05
8.00000000e-02,1.72000000e-01,9.79012971e+03,-6.59368631e+04,1.36333855e+05
8.40000000e-02,1.72000000e-01,1.00409198e+04,-5.95091247e+04,1.37820061e+05
8.80000000e-02,1.72000000e-01,1.02662027e+04,-5.31991102e+04,1.38808378e+05
9.20000000e-02,1.72000000e-01,1.04665127e+04,-4.70367891e+04,1.39324242e+05
9.60000000e-02,1.72000000e-01,1.06424970e+04,-4.10486762e+04,1.39395309e+05
1.00000000e-01,1.72000000e-01,1.07949021e+04,-3.52577756e+04,1.39050942e+05
1.04000000e-01,1.72000000e-01,1.09245592e+04,-2.96835882e+04,1.38321706e+05
1.08000000e-01,1.72000000e-01,1.10323708e+04,-2.43421768e+04,1.37238903e+05
1.12000000e-01,1.72000000e-01,1.11192966e+04,-1.92462813e+04,1.35834127e+05
1.16000000e-01,1.72000000e-01,1.11863410e+04,-1.44054770e+04,1.34138871e+05
1.20000000e-01,1.72000000e-01,1.12345405e+04,-9.82636759e+03,1.32184166e+05
1.24000000e-01,1.72000000e-01,1.12649520e+04,-5.51280506e+03,1.30000273e+05
1.28000000e-01,1.72000000e-01,1.12786429e+04,-1.46612810e+03,1.27616423e+05
1.32000000e-01,1.72000000e-01,1.12766810e+04,2.31458707e+03,1.25060597e+05
1.36000000e-01,1.72000000e-01,1.12601262e+04,5.83227104e+03,1.22359355e+05
1.40000000e-01,1.72000000e-01,1.12300228e+04,9.09160601e+03,1.19537706e+05
1.44000000e-01,1.72000000e-01,1.11873934e+04,1.20987761e+04,1.16619019e+05
1.48000000e-01,1.72000000e-01,1.11332326e+04,1.48612274e+04,1.13624968e+05
1.52000000e-01,1.72000000e-01,1.10685035e+04,1.73874405e+04,1.10575504e+05
1.56000000e-01,1.72000000e-01,1.09941331e+04,1.96867191e+04,1.07488863e+05
1.60000000e-01,1.72000000e-01,1.09110098e+04,2.17689946e+04,1.04381591e+05
1.64000000e-01,1.72000000e-01,1.08199812e+04,2.36446491e+04,1.01268589e+05
1.68000000e-01,1.72000000e-01,1.07218526e+04,2.53243570e+04,9.81631755e+04
1.72000000e-01,1.72000000e-01,1.06173863e+04,2.68189445e+04,9.50771575e+04
1.76000000e-01,1.72000000e-01,1.05073010e+04,2.81392674e+04,9.20209157e+04
1.80000000e-01,1.72000000e-01,1.03922722e+04,2.92961056e+04,8.90034906e+04
1.84000000e-01,1.72000000e-01,1.02729322e+04,3.03000742e+04,8.60326755e+04
1.88000000e-01,1.72000000e-01,1.01498716e+04,3.11615492e+04,8.31151095e+04
1.92000000e-01,1.72000000e-01,1.00236398e+04,3.18906070e+04,8.02563713e+04
1.96000000e-01,1.72000000e-01,9.89474671e+03,3.24969769e+04,7.74610712e+04
2.00000000e-01,1.72000000e-01,9.76366398e+03,nan,nan
-2.00000000e-01,1.76000000e-01,-9.46908290e+03,nan,nan
-1.96000000e-01,1.76000000e-01,-9.58959742e+03,2.98240169e+04,-7.51295774e+04
-1.92000000e-01,1.76000000e-01,-9.70767503e+03,2.91577778e+04,-7.77467121e+04
-1.88000000e-01,1.76000000e-01,-9.82285964e+03,2.83731657e+04,-8.04168211e+04
-1.84000000e-01,1.76000000e-01,-9.93466036e+03,2.74613465e+04,-8.31350739e+04
-1.80000000e-01,1.76000000e-01,-1.00425504e+04,2.64132222e+04,-8.58957360e+04
-1.76000000e-01,1.76000000e-01,-1.01459661e+04,2.52194812e+04,-8.86920903e+04
-1.72000000e-01,1.76000000e-01,-1.02443063e+04,2.38706583e+04,-9.15163574e+04
-1.68000000e-01,1.76000000e-01,-1.03369314e+04,2.23572075e+04,-9.43596180e+04
-1.64000000e-01,1.76000000e-01,-1.04231639e+04,2.06695882e+04,-9.72117373e+04
-1.60000000e-01,1.76000000e-01,-1.05022881e+04,1.87983647e+04,-1.00061294e+05
-1.56000000e-01,1.76000000e-01,-1.05735508e+04,1.67343211e+04,-1.02895517e+05
-1.52000000e-01,1.76000000e-01,-1.06361627e+04,1.44685909e+04,-1.05700229e+05
-1.48000000e-01,1.76000000e-01,-1.06892996e+04,1.19928023e+04,-1.08459804e+05
-1.44000000e-01,1.76000000e-01,-1.07321051e+04,9.29923758e+03,-1.11157140e+05
-1.40000000e-01,1.76000000e-01,-1.07636935e+04,6.38100849e+03,-1.13773648e+05
-1.36000000e-01,1.76000000e-01,-1.07831532e+04,3.23224344e+03,-1.16289262e+05
-1.32000000e-01,1.76000000e-01,-1.07895514e+04,-1.51712782e+02,-1.18682478e+05
-1.28000000e-01,1.76000000e-01,-1.07819395e+04,-3.77409043e+03,-1.20930412e+05
-1.24000000e-01,1.76000000e-01,-1.07593587e+04,-7.63647981e+03,-1.23008902e+05
-1.20000000e-01,1.76000000e-01,-1.07208476e+04,-1.17386138e+04,-1.24892632e+05
-1.16000000e-01,1.76000000e-01,-1.06654498e+04,-1.60781521e+04,-1.26555296e+05
-1.12000000e-01,1.76000000e-01,-1.05922224e+04,-2.06504726e+04,-1.27969806e+05
-1.08000000e-01,1.76000000e-01,-1.05002460e+04,-2.54484744e+04,-1.29108528e+05
-1.04000000e-01,1.76000000e-01,-1.03886346e+04,-3.04624009e+04,-1.29943567e+05
-1.00000000e-01,1.76000000e-01,-1.02565468e+04,-3.56796860e+04,-1.30447084e+05
-9.60000000e-02,1.76000000e-01,-1.01031971e+04,-4.10848338e+04,-1.30591649e+05
-9.20000000e-02,1.76000000e-01,-9.92786812e+03,-4.66593347e+04,-1.30350625e+05
-8.80000000e-02,1.76000000e-01,-9.72992244e+03,-5.23816271e+04,-1.29698583e+05
-8.40000000e-02,1.76000000e-01,-9.50881510e+03,-5.82271079e+04,-1.28611729e+05
-8.00000000e-02,1.76000000e-01,-9.26410558e+03,-6.41681986e+04,-1.27068350e+05
-7.60000000e-02,1.76000000e-01,-8.99546952e+03,-7.01744687e+04,-1.25049257e+05
-7.20000000e-02,1.76000000e-01,-8.70270983e+03,-7.62128198e+04,-1.22538230e+05
-6.80000000e-02,1.76000000e-01,-8.38576696e+03,-8.22477311e+04,-1.19522432e+05
-6.40000000e-02,1.76000000e-01,-8.04472798e+03,-8.82415636e+04,-1.15992812e+05
-6.00000000e-02,1.76000000e-01,-7.67983445e+03,-9.41549231e+04,-1.11944456e+05
-5.60000000e-02,1.76000000e-01,-7.29148860e+03,-9.99470740e+04,-1.07376892e+05
-5.20000000e-02,1.76000000e-01,-6.88025786e+03,-1.05576400e+05,-1.02294347e+05
-4.80000000e-02,1.76000000e-01,-6.44687739e+03,-1.11000904e+05,-9.67059193e+04
-4.40000000e-02,1.76000000e-01,-5.99225062e+03,-1.16178735e+05,-9.06256968e+04
-4.00000000e-02,1.76000000e-01,-5.51744751e+03,-1.21068734e+05,-8.40727839e+04
-3.60000000e-02,1.76000000e-01,-5.02370074e+03,-1.25630993e+05,-7.70712538e+04
-3.20000000e-02,1.76000000e-01,-4.51239957e+03,-1.29827404e+05,-6.96500174e+04
-2.80000000e-02,1.76000000e-01,-3.98508152e+03,-1.33622197e+05,-6.18426103e+04
-2.40000000e-02,1.76000000e-01,-3.44342199e+03,-1.36982457e+05,-5.36869025e+04
-2.00000000e-02,1.76000000e-01,-2.88922186e+03,-1.39878601e+05,-4.52247338e+04
-1.60000000e-02,1.76000000e-01,-2.32439319e+03,-1.42284810e+05,-3.65014810e+04
-1.20000000e-02,1.76000000e-01,-1.75094338e+03,-1.44179414e+05,-2.75655654e+04
-8.00000000e-03,1.76000000e-01,-1.17095788e+03,-1.45545213e+05,-1.84679084e+04
-4.00000000e-03,1.76000000e-01,-5.86581677e+02,-1.46369735e+05,-9.26134411e+03
0.00000000e+00,1.76000000e-01,0.00000000e+00,-1.46645419e+05,-0.00000000e+00
4.00000000e-03,1.76000000e-01,5.86581677e+02,-1.46369735e+05,9.26134411e+03
8.00000000e-03,1.76000000e-01,1.17095788e+03,-1.45545213e+05,1.84679084e+04
1.20000000e-02,1.76000000e-01,1.75094338e+03,-1.44179414e+05,2.75655654e+04
1.60000000e-02,1.76000000e-01,2.32439319e+03,-1.42284810e+05,3.65014810e+04
2.00000000e-02,1.76000000e-01,2.88922186e+03,-1.39878601e+05,4.52247338e+04
2.40000000e-02,1.76000000e-01,3.44342199e+03,-1.36982457e+05,5.36869025e+04
2.80000000e-02,1.76000000e-01,3.98508152e+03,-1.33622197e+05,6.18426103e+04
3.20000000e-02,1.76000000e-01,4.51239957e+03,-1.29827404e+05,6.96500174e+04
3.60000000e-02,1.76000000e-01,5.02370074e+03,-1.25630993e+05,7.70712538e+04
4.00000000e-02,1.76000000e-01,5.51744751e+03,-1.21068734e+05,8.40727839e+04
4.40000000e-02,1.76000000e-01,5.99225062e+03,-1.16178735e+05,9.06256968e+04
4.80000000e-02,1.76000000e-01,6.44687739e+03,-1.11000904e+05,9.67059193e+04
5.20000000e-02,1.76000000e-01,6.88025786e+03,-1.05576400e+05,1.02294347e+05
5.60000000e-02,1.76000000e-01,7.29148860e+03,-9.99470740e+04,1.07376892e+05
6.00000000e-02,1.76000000e-01,7.67983445e+03,-9.41549231e+04,1.11944456e+05
6.40000000e-02,1.76000000e-01,8.04472798e+03,-8.82415636e+04,1.15992812e+05
6.80000000e-02,1.76000000e-01,8.38576696e+03,-8.22477311e+04,1.19522432e+05
7.20000000e-02,1.76000000e-01,8.70270983e+03,-7.62128198e+04,1.22538230e+05
7.60000000e-02,1.76000000e-01,8.99546952e+03,-7.01744687e+04,1.25049257e+05
8.00000000e-02,1.76000000e-01,9.26410558e+03,-6.41681986e+04,1.27068350e+05
8.40000000e-02,1.76000000e-01,9.50881510e+03,-5.82271079e+04,1.28611729e+05
8.80000000e-02,1.76000000e-01,9.72992244e+03,-5.23816271e+04,1.29698583e+05
9.20000000e-02,1.76000000e-01,9.92786812e+03,-4.66593347e+04,1.30350625e+05
9.60000000e-02,1.76000000e-01,1.01031971e+04,-4.10848338e+04,1.30591649e+05
1.00000000e-01,1.76000000e-01,1.02565468e+04,-3.56796860e+04,1.30447084e+05
1.04000000e-01,1.76000000e-01,1.03886346e+04,-3.04624009e+04,1.29943567e+05
1.08000000e-01,1.76000000e-01,1.05002460e+04,-2.54484744e+04,1.29108528e+05
1.12000000e-01,1.76000000e-01,1.05922224e+04,-2.06504726e+04,1.27969806e+05
1.16000000e-01,1.76000000e-01,1.06654498e+04,-1.60781521e+04,1.26555296e+05
1.20000000e-01,1.76000000e-01,1.07208476e+04,-1.17386138e+04,1.24892632e+05
1.24000000e-01,1.76000000e-01,1.07593587e+04,-7.63647981e+03,1.23008902e+05
1.28000000e-01,1.76000000e-01,1.07819395e+04,-3.77409043e+03,1.20930412e+05
1.32000000e-01,1.76000000e-01,1.07895514e+04,-1.51712782e+02,1.18682478e+05
1.36000000e-01,1.76000000e-01,1.07831532e+04,3.23224344e+03,1.16289262e+05
1.40000000e-01,1.76000000e-01,1.07636935e+04,6.38100849e+03,1.13773648e+05
1.44000000e-01,1.76000000e-01,1.07321051e+04,9.29923758e+03,1.11157140e+05
1.48000000e-01,1.76000000e-01,1.06892996e+04,1.19928023e+04,1.08459804e+05
1.52000000e-01,1.76000000e-01,1.06361627e+04,1.44685909e+04,1.05700229e+05
1.56000000e-01,1.76000000e-01,1.05735508e+04,1.67343211e+04,1.02895517e+05
1.60000000e-01,1.76000000e-01,1.05022881e+04,1.87983647e+04,1.00061294e+05
1.64000000e-01,1.76000000e-01,1.04231639e+04,2.06695882e+04,9.72117373e+04
1.68000000e-01,1.76000000e-01,1.03369314e+04,2.23572075e+04,9.43596180e+04
1.72000000e-01,1.76000000e-01,1.02443063e+04,2.38706583e+04,9.15163574e+04
1.76000000e-01,1.76000000e-01,1.01459661e+04,2.52194812e+04,8.86920903e+04
1.80000000e-01,1.76000000e-01,1.00425504e+04,2.64132222e+04,8.58957360e+04
1.84000000e-01,1.76000000e-01,9.93466036e+03,2.74613465e+04,8.31350739e+04
1.88000000e-01,1.76000000e-01,9.82285964e+03,2.83731657e+04,8.04168211e+04
1.92000000e-01,1.76000000e-01,9.70767503e+03,2.91577778e+04,7.77467121e+04
1.96000000e-01,1.76000000e-01,9.58959742e+03,2.98240169e+04,7.51295774e+04
2.00000000e-01,1.76000000e-01,9.46908290e+03,nan,nan
-2.00000000e-01,1.80000000e-01,-9.18310862e+03,nan,nan
-1.96000000e-01,1.80000000e-01,-9.29371009e+03,2.73196851e+04,-7.28324545e+04
-1.92000000e-01,1.80000000e-01,-9.40166610e+03,2.66033633e+04,-7.52807167e+04
-1.88000000e-01,1.80000000e-01,-9.50653700e+03,2.57731875e+04,-7.77725689e+04
-1.84000000e-01,1.80000000e-01,-9.60785160e+03,2.48211593e+04,-8.03030397e+04
-1.80000000e-01,1.80000000e-01,-9.70510627e+03,2.37390892e+04,-8.28663179e+04
-1.76000000e-01,1.80000000e-01,-9.79776431e+03,2.25186460e+04,-8.54556846e+04
-1.72000000e-01,1.80000000e-01,-9.88525544e+03,2.11514168e+04,-8.80634478e+04
-1.68000000e-01,1.80000000e-01,-9.96697565e+03,1.96289771e+04,-9.06808769e+04
-1.64000000e-01,1.80000000e-01,-1.00422873e+04,1.79429729e+04,-9.32981424e+04
-1.60000000e-01,1.80000000e-01,-1.01105194e+04,1.60852149e+04,-9.59042593e+04
-1.56000000e-01,1.80000000e-01,-1.01709690e+04,1.40477845e+04,-9.84870384e+04
-1.52000000e-01,1.80000000e-01,-1.02229017e+04,1.18231536e+04,-1.01033046e+05
-1.48000000e-01,1.80000000e-01,-1.02655542e+04,9.40431604e+03,-1.03527577e+05
-1.44000000e-01,1.80000000e-01,-1.02981362e+04,6.78493211e+03,-1.05954639e+05
-1.40000000e-01,1.80000000e-01,-1.03198337e+04,3.95948390e+03,-1.08296954e+05
-1.36000000e-01,1.80000000e-01,-1.03298121e+04,9.23441438e+02,-1.10535983e+05
-1.32000000e-01,1.80000000e-01,-1.03272212e+04,-2.32656280e+03,-1.12651970e+05
-1.28000000e-01,1.80000000e-01,-1.03111996e+04,-5.79255289e+03,-1.14624008e+05
-1.24000000e-01,1.80000000e-01,-1.02808808e+04,-9.47502479e+03,-1.16430136e+05
-1.20000000e-01,1.80000000e-01,-1.02353994e+04,-1.33727613e+04,-1.18047466e+05
-1.16000000e-01,1.80000000e-01,-1.01738987e+04,-1.74826507e+04,-1.19452341e+05
-1.12000000e-01,1.80000000e-01,-1.00955382e+04,-2.17995128e+04,-1.20620519e+05
-1.08000000e-01,1.80000000e-01,-9.99950258e+03,-2.63159381e+04,-1.21527396e+05
-1.04000000e-01,1.80000000e-01,-9.88501069e+03,-3.10221444e+04,-1.22148264e+05
-1.00000000e-01,1.80000000e-01,-9.75132542e+03,-3.59058571e+04,-1.22458590e+05
-9.60000000e-02,1.80000000e-01,-9.59776384e+03,-4.09522171e+04,-1.22434332e+05
-9.20000000e-02,1.80000000e-01,-9.42370769e+03,-4.61437235e+04,-1.22052275e+05
-8.80000000e-02,1.80000000e-01,-9.22861405e+03,-5.14602144e+04,-1.21290391e+05
-8.40000000e-02,1.80000000e-01,-9.01202597e+03,-5.68788916e+04,-1.20128211e+05
-8.00000000e-02,1.80000000e-01,-8.77358292e+03,-6.23743915e+04,-1.18547206e+05
-7.60000000e-02,1.80000000e-01,-8.51303084e+03,-6.79189062e+04,-1.16531170e+05
-7.20000000e-02,1.80000000e-01,-8.23023167e+03,-7.34823551e+04,-1.14066592e+05
-6.80000000e-02,1.80000000e-01,-7.92517200e+03,-7.90326087e+04,-1.11143013e+05
-6.40000000e-02,1.80000000e-01,-7.59797080e+03,-8.45357616e+04,-1.07753359e+05
-6.00000000e-02,1.80000000e-01,-7.24888590e+03,-8.99564544e+04,-1.03894238e+05
-5.60000000e-02,1.80000000e-01,-6.87831916e+03,-9.52582380e+04,-9.95661959e+04
-5.20000000e-02,1.80000000e-01,-6.48682000e+03,-1.00403977e+05,-9.47739196e+04
-4.80000000e-02,1.80000000e-01,-6.07508735e+03,-1.05356284e+05,-8.95263857e+04
-4.40000000e-02,1.80000000e-01,-5.64396973e+03,-1.10077979e+05,-8.38369459e+04
-4.00000000e-02,1.80000000e-01,-5.19446352e+03,-1.14532561e+05,-7.77233455e+04
-3.60000000e-02,1.80000000e-01,-4.72770924e+03,-1.18684692e+05,-7.12076730e+04
-3.20000000e-02,1.80000000e-01,-4.24498598e+03,-1.22500671e+05,-6.43162401e+04
-2.80000000e-02,1.80000000e-01,-3.74770387e+03,-1.25948901e+05,-5.70793918e+04
-2.40000000e-02,1.80000000e-01,-3.23739477e+03,-1.29000330e+05,-4.95312503e+04
-2.00000000e-02,1.80000000e-01,-2.71570123e+03,-1.31628867e+05,-4.17093950e+04
-1.60000000e-02,1.80000000e-01,-2.18436383e+03,-1.33811757e+05,-3.36544847e+04
-1.20000000e-02,1.80000000e-01,-1.64520717e+03,-1.35529908e+05,-2.54098280e+04
-8.00000000e-03,1.80000000e-01,-1.10012457e+03,-1.36768173e+05,-1.70209086e+04
-4.00000000e-03,1.80000000e-01,-5.51061786e+02,-1.37515571e+05,-8.53487475e+03
0.00000000e+00,1.80000000e-01,0.00000000e+00,-1.37765447e+05,-0.00000000e+00
4.00000000e-03,1.80000000e-01,5.51061786e+02,-1.37515571e+05,8.53487475e+03
8.00000000e-03,1.80000000e-01,1.10012457e+03,-1.36768173e+05,1.70209086e+04
1.20000000e-02,1.80000000e-01,1.64520717e+03,-1.35529908e+05,2.54098280e+04
1.60000000e-02,1.80000000e-01,2.18436383e+03,-1.33811757e+05,3.36544847e+04
2.00000000e-02,1.80000000e-01,2.71570123e+03,-1.31628867e+05,4.17093950e+04
2.40000000e-02,1.80000000e-01,3.23739477e+03,-1.29000330e+05,4.95312503e+04
2.80000000e-02,1.80000000e-01,3.74770387e+03,-1.25948901e+05,5.70793918e+04
3.20000000e-02,1.80000000e-01,4.24498598e+03,-1.22500671e+05,6.43162401e+04
3.60000000e-02,1.80000000e-01,4.72770924e+03,-1.18684692e+05,7.12076730e+04
4.00000000e-02,1.80000000e-01,5.19446352e+03,-1.14532561e+05,7.77233455e+04
4.40000000e-02,1.80000000e-01,5.64396973e+03,-1.10077979e+05,8.38369459e+04
4.80000000e-02,1.80000000e-01,6.07508735e+03,-1.05356284e+05,8.95263857e+04
5.20000000e-02,1.80000000e-01,6.48682000e+03,-1.00403977e+05,9.47739196e+04
5.60000000e-02,1.80000000e-01,6.87831916e+03,-9.52582380e+04,9.95661959e+04
6.00000000e-02,1.80000000e-01,7.24888590e+03,-8.99564544e+04,1.03894238e+05
6.40000000e-02,1.80000000e-01,7.59797080e+03,-8.45357616e+04,1.07753359e+05
6.80000000e-02,1.80000000e-01,7.92517200e+03,-7.90326087e+04,1.11143013e+05
7.20000000e-02,1.80000000e-01,8.23023167e+03,-7.34823551e+04,1.14066592e+05
7.60000000e-02,1.80000000e-01,8.51303084e+03,-6.79189062e+04,1.16531170e+05
8.00000000e-02,1.80000000e-01,8.77358292e+03,-6.23743915e+04,1.18547206e+05
8.40000000e-02,1.80000000e-01,9.01202597e+03,-5.68788916e+04,1.20128211e+05
8.80000000e-02,1.80000000e-01,9.22861405e+03,-5.14602144e+04,1.21290391e+05
9.20000000e-02,1.80000000e-01,9.42370769e+03,-4.61437235e+04,1.22052275e+05
9.60000000e-02,1.80000000e-01,9.59776384e+03,-4.09522171e+04,1.22434332e+05
1.00000000e-01,1.80000000e-01,9.75132542e+03,-3.59058571e+04,1.22458590e+05
1.04000000e-01,1.80000000e-01,9.88501069e+03,-3.10221444e+04,1.22148264e+05
1.08000000e-01,1.80000000e-01,9.99950258e+03,-2.63159381e+04,1.21527396e+05
1.12000000e-01,1.80000000e-01,1.00955382e+04,-2.17995128e+04,1.20620519e+05
1.16000000e-01,1.80000000e-01,1.01738987e+04,-1.74826507e+04,1.19452341e+05
1.20000000e-01,1.80000000e-01,1.02353994e+04,-1.33727613e+04,1.18047466e+05
1.24000000e-01,1.80000000e-01,1.02808808e+04,-9.47502479e+03,1.16430136e+05
1.28000000e-01,1.80000000e-01,1.03111996e+04,-5.79255289e+03,1.14624008e+05
1.32000000e-01,1.80000000e-01,1.03272212e+04,-2.32656280e+03,1.12651970e+05
1.36000000e-01,1.80000000e-01,1.03298121e+04,9.23441438e+02,1.10535983e+05
1.40000000e-01,1.80000000e-01,1.03198337e+04,3.95948390e+03,1.08296954e+05
1.44000000e-01,1.80000000e-01,1.02981362e+04,6.78493211e+03,1.05954639e+05
1.48000000e-01,1.80000000e-01,1.02655542e+04,9.40431604e+03,1.03527577e+05
1.52000000e-01,1.80000000e-01,1.02229017e+04,1.18231536e+04,1.01033046e+05
1.56000000e-01,1.80000000e-01,1.01709690e+04,1.40477845e+04,9.84870384e+04
1.60000000e-01,1.80000000e-01,1.01105194e+04,1.60852149e+04,9.59042593e+04
1.64000000e-01,1.80000000e-01,1.00422873e+04,1.79429729e+04,9.32981424e+04
1.68000000e-01,1.80000000e-01,9.96697565e+03,1.96289771e+04,9.06808769e+04
1.72000000e-01,1.80000000e-01,9.88525544e+03,2.11514168e+04,8.80634478e+04
1.76000000e-01,1.80000000e-01,9.79776431e+03,2.25186460e+04,8.54556846e+04
1.80000000e-01,1.80000000e-01,9.70510627e+03,2.37390892e+04,8.28663179e+04
1.84000000e-01,1.80000000e-01,9.60785160e+03,2.48211593e+04,8.03030397e+04
1.88000000e-01,1.80000000e-01,9.50653700e+03,2.57731875e+04,7.77725689e+04
1.92000000e-01,1.80000000e-01,9.40166610e+03,2.66033633e+04,7.52807167e+04
1.96000000e-01,1.80000000e-01,9.29371009e+03,2.73196851e+04,7.28324545e+04
2.00000000e-01,1.80000000e-01,9.18310862e+03,nan,nan
-2.00000000e-01,1.84000000e-01,-8.90562706e+03,nan,nan
-1.96000000e-01,1.84000000e-01,-9.00693778e+03,2.49752801e+04,-7.05740739e+04
-1.92000000e-01,1.84000000e-01,-9.10542930e+03,2.42176634e+04,-7.28625171e+04
-1.88000000e-01,1.84000000e-01,-9.20067909e+03,2.33508427e+04,-7.51861589e+04
-1.84000000e-01,1.84000000e-01,-9.29223604e+03,2.23675975e+04,-7.75399537e+04
-1.80000000e-01,1.84000000e-01,-9.37961987e+03,2.12605773e+04,-7.99180785e+04
-1.76000000e-01,1.84000000e-01,-9.46232066e+03,2.00223513e+04,-8.23138760e+04
-1.72000000e-01,1.84000000e-01,-9.53979868e+03,1.86454660e+04,-8.47197992e+04
-1.68000000e-01,1.84000000e-01,-9.61148439e+03,1.71225129e+04,-8.71273592e+04
-1.64000000e-01,1.84000000e-01,-9.67677878e+03,1.54462058e+04,-8.95270757e+04
-1.60000000e-01,1.84000000e-01,-9.73505403e+03,1.36094686e+04,-9.19084337e+04
-1.56000000e-01,1.84000000e-01,-9.78565453e+03,1.16055341e+04,-9.42598475e+04
-1.52000000e-01,1.84000000e-01,-9.82789831e+03,9.42805215e+03,-9.65686329e+04
-1.48000000e-01,1.84000000e-01,-9.86107895e+03,7.07121006e+03,-9.88209908e+04
-1.44000000e-01,1.84000000e-01,-9.88446799e+03,4.52986124e+03,-1.01002004e+05
-1.40000000e-01,1.84000000e-01,-9.89731784e+03,1.79966383e+03,-1.03095651e+05
-1.36000000e-01,1.84000000e-01,-9.89886530e+03,-1.12277311e+03,-1.05084832e+05
-1.32000000e-01,1.84000000e-01,-9.88833565e+03,-4.23973717e+03,-1.06951421e+05
-1.28000000e-01,1.84000000e-01,-9.86494740e+03,-7.55225594e+03,-1.08676340e+05
-1.24000000e-01,1.84000000e-01,-9.82791760e+03,-1.10599387e+04,-1.10239649e+05
-1.20000000e-01,1.84000000e-01,-9.77646789e+03,-1.47608194e+04,-1.11620668e+05
-1.16000000e-01,1.84000000e-01,-9.70983105e+03,-1.86512042e+04,-1.12798129e+05
-1.12000000e-01,1.84000000e-01,-9.62725826e+03,-2.27255274e+04,-1.13750345e+05
-1.08000000e-01,1.84000000e-01,-9.52802683e+03,-2.69762202e+04,-1.14455413e+05
-1.04000000e-01,1.84000000e-01,-9.41144850e+03,-3.13935952e+04,-1.14891446e+05
-1.00000000e-01,1.84000000e-01,-9.27687807e+03,-3.59657540e+04,-1.15036824e+05
-9.60000000e-02,1.84000000e-01,-9.12372246e+03,-4.06785184e+04,-1.14870470e+05
-9.20000000e-02,1.84000000e-01,-8.95144992e+03,-4.55153933e+04,-1.14372149e+05
-8.80000000e-02,1.84000000e-01,-8.75959932e+03,-5.04575626e+04,-1.13522778e+05
-8.40000000e-02,1.84000000e-01,-8.54778942e+03,-5.54839229e+04,-1.12304754e+05
-8.00000000e-02,1.84000000e-01,-8.31572793e+03,-6.05711579e+04,-1.10702273e+05
-7.60000000e-02,1.84000000e-01,-8.06322016e+03,-6.56938545e+04,-1.08701667e+05
-7.20000000e-02,1.84000000e-01,-7.79017710e+03,-7.08246624e+04,-1.06291713e+05
-6.80000000e-02,1.84000000e-01,-7.49662286e+03,-7.59344980e+04,-1.03463942e+05
-6.40000000e-02,1.84000000e-01,-7.18270111e+03,-8.09927890e+04,-1.00212915e+05
-6.00000000e-02,1.84000000e-01,-6.84868054e+03,-8.59677604e+04,-9.65364762e+04
-5.60000000e-02,1.84000000e-01,-6.49495903e+03,-9.08267557e+04,-9.24359583e+04
-5.20000000e-02,1.84000000e-01,-6.12206650e+03,-9.55365902e+04,-8.79163570e+04
-4.80000000e-02,1.84000000e-01,-5.73066631e+03,-1.00063931e+05,-8.29864473e+04
-4.40000000e-02,1.84000000e-01,-5.32155505e+03,-1.04375695e+05,-7.76588493e+04
-4.00000000e-02,1.84000000e-01,-4.89566075e+03,-1.08439461e+05,-7.19500371e+04
-3.60000000e-02,1.84000000e-01,-4.45403936e+03,-1.12223888e+05,-6.58802882e+04
-3.20000000e-02,1.84000000e-01,-3.99786965e+03,-1.15699122e+05,-5.94735731e+04
-2.80000000e-02,1.84000000e-01,-3.52844638e+03,-1.18837207e+05,-5.27573857e+04
-2.40000000e-02,1.84000000e-01,-3.04717199e+03,-1.21612460e+05,-4.57625163e+04
-2.00000000e-02,1.84000000e-01,-2.55554670e+03,-1.24001835e+05,-3.85227711e+04
-1.60000000e-02,1.84000000e-01,-2.05515731e+03,-1.25985243e+05,-3.10746408e+04
-1.20000000e-02,1.84000000e-01,-1.54766476e+03,-1.27545837e+05,-2.34569253e+04
-8.00000000e-03,1.84000000e-01,-1.03479061e+03,-1.28670260e+05,-1.57103199e+04
-4.00000000e-03,1.84000000e-01,-5.18302679e+02,-1.29348826e+05,-7.87696972e+03
0.00000000e+00,1.84000000e-01,0.00000000e+00,-1.29575670e+05,-0.00000000e+00
4.00000000e-03,1.84000000e-01,5.18302679e+02,-1.29348826e+05,7.87696972e+03
8.00000000e-03,1.84000000e-01,1.03479061e+03,-1.28670260e+05,1.57103199e+04
1.20000000e-02,1.84000000e-01,1.54766476e+03,-1.27545837e+05,2.34569253e+04
1.60000000e-02,1.84000000e-01,2.05515731e+03,-1.25985243e+05,3.10746408e+04
2.00000000e-02,1.84000000e-01,2.55554670e+03,-1.24001835e+05,3.85227711e+04
2.40000000e-02,1.84000000e-01,3.04717199e+03,-1.21612460e+05,4.57625163e+04
2.80000000e-02,1.84000000e-01,3.52844638e+03,-1.18837207e+05,5.27573857e+04
3.20000000e-02,1.84000000e-01,3.99786965e+03,-1.15699122e+05,5.94735731e+04
3.60000000e-02,1.84000000e-01,4.45403936e+03,-1.12223888e+05,6.58802882e+04
4.00000000e-02,1.84000000e-01,4.89566075e+03,-1.08439461e+05,7.19500371e+04
4.40000000e-02,1.84000000e-01,5.32155505e+03,-1.04375695e+05,7.76588493e+04
4.80000000e-02,1.84000000e-01,5.73066631e+03,-1.00063931e+05,8.29864473e+04
5.20000000e-02,1.84000000e-01,6.12206650e+03,-9.55365902e+04,8.79163570e+04
5.60000000e-02,1.84000000e-01,6.49495903e+03,-9.08267557e+04,9.24359583e+04
6.00000000e-02,1.84000000e-01,6.84868054e+03,-8.59677604e+04,9.65364762e+04
6.40000000e-02,1.84000000e-01,7.18270111e+03,-8.09927890e+04,1.00212915e+05
6.80000000e-02,1.84000000e-01,7.49662286e+03,-7.59344980e+04,1.03463942e+05
7.20000000e-02,1.84000000e-01,7.79017710e+03,-7.08246624e+04,1.06291713e+05
7.60000000e-02,1.84000000e-01,8.06322016e+03,-6.56938545e+04,1.08701667e+05
8.00000000e-02,1.84000000e-01,8.31572793e+03,-6.05711579e+04,1.10702273e+05
8.40000000e-02,1.84000000e-01,8.54778942e+03,-5.54839229e+04,1.12304754e+05
8.80000000e-02,1.84000000e-01,8.75959932e+03,-5.04575626e+04,1.13522778e+05
9.20000000e-02,1.84000000e-01,8.95144992e+03,-4.55153933e+04,1.14372149e+05
9.60000000e-02,1.84000000e-01,9.12372246e+03,-4.06785184e+04,1.14870470e+05
1.00000000e-01,1.84000000e-01,9.27687807e+03,-3.59657540e+04,1.15036824e+05
1.04000000e-01,1.84000000e-01,9.41144850e+03,-3.13935952e+04,1.14891446e+05
1.08000000e-01,1.84000000e-01,9.52802683e+03,-2.69762202e+04,1.14455413e+05
1.12000000e-01,1.84000000e-01,9.62725826e+03,-2.27255274e+04,1.13750345e+05
1.16000000e-01,1.84000000e-01,9.70983105e+03,-1.86512042e+04,1.12798129e+05
1.20000000e-01,1.84000000e-01,9.77646789e+03,-1.47608194e+04,1.11620668e+05
1.24000000e-01,1.84000000e-01,9.82791760e+03,-1.10599387e+04,1.10239649e+05
1.28000000e-01,1.84000000e-01,9.86494740e+03,-7.55225594e+03,1.08676340e+05
1.32000000e-01,1.84000000e-01,9.88833565e+03,-4.23973717e+03,1.06951421e+05
1.36000000e-01,1.84000000e-01,9.89886530e+03,-1.12277311e+03,1.05084832e+05
1.40000000e-01,1.84000000e-01,9.89731784e+03,1.79966383e+03,1.03095651e+05
1.44000000e-01,1.84000000e-01,9.88446799e+03,4.52986124e+03,1.01002004e+05
1.48000000e-01,1.84000000e-01,9.86107895e+03,7.07121006e+03,9.88209908e+04
1.52000000e-01,1.84000000e-01,9.82789831e+03,9.42805215e+03,9.65686329e+04
1.56000000e-01,1.84000000e-01,9.78565453e+03,1.16055341e+04,9.42598475e+04
1.60000000e-01,1.84000000e-01,9.73505403e+03,1.36094686e+04,9.19084337e+04
1.64000000e-01,1.84000000e-01,9.67677878e+03,1.54462058e+04,8.95270757e+04
1.68000000e-01,1.84000000e-01,9.61148439e+03,1.71225129e+04,8.71273592e+04
1.72000000e-01,1.84000000e-01,9.53979868e+03,1.86454660e+04,8.47197992e+04
1.76000000e-01,1.84000000e-01,9.46232066e+03,2.00223513e+04,8.23138760e+04
1.80000000e-01,1.84000000e-01,9.37961987e+03,2.12605773e+04,7.99180785e+04
1.84000000e-01,1.84000000e-01,9.29223604e+03,2.23675975e+04,7.75399537e+04
1.88000000e-01,1.84000000e-01,9.20067909e+03,2.33508427e+04,7.51861589e+04
1.92000000e-01,1.84000000e-01,9.10542930e+03,2.42176634e+04,7.28625171e+04
1.96000000e-01,1.84000000e-01,9.00693778e+03,2.49752801e+04,7.05740739e+04
2.00000000e-01,1.84000000e-01,8.90562706e+03,nan,nan
-2.00000000e-01,1.88000000e-01,-8.63650738e+03,nan,nan
-1.96000000e-01,1.88000000e-01,-8.72911750e+03,2.27823221e+04,-6.83581063e+04
-1.92000000e-01,1.88000000e-01,-8.81876596e+03,2.19912784e+04,-7.04955114e+04
-1.88000000e-01,1.88000000e-01,-8.90504773e+03,2.10957509e+04,-7.26606336e+04
-1.84000000e-01,1.88000000e-01,-8.98753197e+03,2.00892397e+04,-7.48484091e+04
-1.80000000e-01,1.88000000e-01,-9.06576165e+03,1.89651669e+04,-7.70530569e+04
-1.76000000e-01,1.88000000e-01,-9.13925330e+03,1.77169253e+04,-7.92680314e+04
-1.72000000e-01,1.88000000e-01,-9.20749705e+03,1.63379335e+04,-8.14859768e+04
-1.68000000e-01,1.88000000e-01,-9.26995677e+03,1.48217006e+04,-8.36986850e+04
-1.64000000e-01,1.88000000e-01,-9.32607065e+03,1.31618984e+04,-8.58970562e+04
-1.60000000e-01,1.88000000e-01,-9.37525196e+03,1.13524430e+04,-8.80710671e+04
-1.56000000e-01,1.88000000e-01,-9.41689020e+03,9.38758535e+03,-9.02097442e+04
-1.52000000e-01,1.88000000e-01,-9.45035264e+03,7.26201033e+03,-9.23011468e+04
-1.48000000e-01,1.88000000e-01,-9.47498628e+03,4.97094459e+03,-9.43323605e+04
-1.44000000e-01,1.88000000e-01,-9.49012020e+03,2.51027207e+03,-9.62895022e+04
-1.40000000e-01,1.88000000e-01,-9.49506846e+03,-1.23343297e+02,-9.81577396e+04
-1.36000000e-01,1.88000000e-01,-9.48913345e+03,-2.93232907e+03,-9.99213266e+04
-1.32000000e-01,1.88000000e-01,-9.47160982e+03,-5.91807148e+03,-1.01563656e+05
-1.28000000e-01,1.88000000e-01,-9.44178888e+03,-9.08078018e+03,-1.03067333e+05
-1.24000000e-01,1.88000000e-01,-9.39896358e+03,-1.24193528e+04,-1.04414265e+05
-1.20000000e-01,1.88000000e-01,-9.34243406e+03,-1.59312418e+04,-1.05585782e+05
-1.16000000e-01,1.88000000e-01,-9.27151365e+03,-1.96123271e+04,-1.06562767e+05
-1.12000000e-01,1.88000000e-01,-9.18553544e+03,-2.34567967e+04,-1.07325824e+05
-1.08000000e-01,1.88000000e-01,-9.08385927e+03,-2.74570397e+04,-1.07855458e+05
-1.04000000e-01,1.88000000e-01,-8.96587912e+03,-3.16035553e+04,-1.08132278e+05
-1.00000000e-01,1.88000000e-01,-8.83103083e+03,-3.58848806e+04,-1.08137229e+05
-9.60000000e-02,1.88000000e-01,-8.67880008e+03,-4.02875418e+04,-1.07851834e+05
-9.20000000e-02,1.88000000e-01,-8.50873050e+03,-4.47960323e+04,-1.07258454e+05
-8.80000000e-02,1.88000000e-01,-8.32043182e+03,-4.93928198e+04,-1.06340559e+05
-8.40000000e-02,1.88000000e-01,-8.11358794e+03,-5.40583866e+04,-1.05083011e+05
-8.00000000e-02,1.88000000e-01,-7.88796473e+03,-5.87713045e+04,-1.03472347e+05
-7.60000000e-02,1.88000000e-01,-7.64341750e+03,-6.35083455e+04,-1.01497055e+05
-7.20000000e-02,1.88000000e-01,-7.37989796e+03,-6.82446300e+04,-9.91478491e+04
-6.80000000e-02,1.88000000e-01,-7.09746046e+03,-7.29538114e+04,-9.64179234e+04
-6.40000000e-02,1.88000000e-01,-6.79626747e+03,-7.76082961e+04,-9.33031902e+04
-6.00000000e-02,1.88000000e-01,-6.47659409e+03,-8.21794973e+04,-8.98024874e+04
-5.60000000e-02,1.88000000e-01,-6.13883149e+03,-8.66381189e+04,-8.59177549e+04
-5.20000000e-02,1.88000000e-01,-5.78348914e+03,-9.09544660e+04,-8.16541730e+04
-4.80000000e-02,1.88000000e-01,-5.41119577e+03,-9.50987763e+04,-7.70202577e+04
-4.40000000e-02,1.88000000e-01,-5.02269893e+03,-9.90415685e+04,-7.20279107e+04
-4.00000000e-02,1.88000000e-01,-4.61886322e+03,-1.02754000e+05,-6.66924200e+04
-3.60000000e-02,1.88000000e-01,-4.20066693e+03,-1.06208228e+05,-6.10324097e+04
-3.20000000e-02,1.88000000e-01,-3.76919739e+03,-1.09377769e+05,-5.50697387e+04
-2.80000000e-02,1.88000000e-01,-3.32564478e+03,-1.12237844e+05,-4.88293489e+04
-2.40000000e-02,1.88000000e-01,-2.87129464e+03,-1.14765715e+05,-4.23390640e+04
-2.00000000e-02,1.88000000e-01,-2.40751906e+03,-1.16940992e+05,-3.56293420e+04
-1.60000000e-02,1.88000000e-01,-1.93576671e+03,-1.18745911e+05,-2.87329850e+04
-1.20000000e-02,1.88000000e-01,-1.45755177e+03,-1.20165587e+05,-2.16848101e+04
-8.00000000e-03,1.88000000e-01,-9.74442009e+02,-1.21188218e+05,-1.45212882e+04
-4.00000000e-03,1.88000000e-01,-4.88046028e+02,-1.21805251e+05,-7.28015475e+03
0.00000000e+00,1.88000000e-01,0.00000000e+00,-1.22011507e+05,-0.00000000e+00
4.00000000e-03,1.88000000e-01,4.88046028e+02,-1.21805251e+05,7.28015475e+03
8.00000000e-03,1.88000000e-01,9.74442009e+02,-1.21188218e+05,1.45212882e+04
1.20000000e-02,1.88000000e-01,1.45755177e+03,-1.20165587e+05,2.16848101e+04
1.60000000e-02,1.88000000e-01,1.93576671e+03,-1.18745911e+05,2.87329850e+04
2.00000000e-02,1.88000000e-01,2.40751906e+03,-1.16940992e+05,3.56293420e+04
2.40000000e-02,1.88000000e-01,2.87129464e+03,-1.14765715e+05,4.23390640e+04
2.80000000e-02,1.88000000e-01,3.32564478e+03,-1.12237844e+05,4.88293489e+04
3.20000000e-02,1.88000000e-01,3.76919739e+03,-1.09377769e+05,5.50697387e+04
3.60000000e-02,1.88000000e-01,4.20066693e+03,-1.06208228e+05,6.10324097e+04
4.00000000e-02,1.88000000e-01,4.61886322e+03,-1.02754000e+05,6.66924200e+04
4.40000000e-02,1.88000000e-01,5.02269893e+03,-9.90415685e+04,7.20279107e+04
4.80000000e-02,1.88000000e-01,5.41119577e+03,-9.50987763e+04,7.70202577e+04
5.20000000e-02,1.88000000e-01,5.78348914e+03,-9.09544660e+04,8.16541730e+04
5.60000000e-02,1.88000000e-01,6.13883149e+03,-8.66381189e+04,8.59177549e+04
6.00000000e-02,1.88000000e-01,6.47659409e+03,-8.21794973e+04,8.98024874e+04
6.40000000e-02,1.88000000e-01,6.79626747e+03,-7.76082961e+04,9.33031902e+04
6.80000000e-02,1.88000000e-01,7.09746046e+03,-7.29538114e+04,9.64179234e+04
7.20000000e-02,1.88000000e-01,7.37989796e+03,-6.82446300e+04,9.91478491e+04
7.60000000e-02,1.88000000e-01,7.64341750e+03,-6.35083455e+04,1.01497055e+05
8.00000000e-02,1.88000000e-01,7.88796473e+03,-5.87713045e+04,1.03472347e+05
8.40000000e-02,1.88000000e-01,8.11358794e+03,-5.40583866e+04,1.05083011e+05
8.80000000e-02,1.88000000e-01,8.32043182e+03,-4.93928198e+04,1.06340559e+05
9.20000000e-02,1.88000000e-01,8.50873050e+03,-4.47960323e+04,1.07258454e+05
9.60000000e-02,1.88000000e-01,8.67880008e+03,-4.02875418e+04,1.07851834e+05
1.00000000e-01,1.88000000e-01,8.83103083e+03,-3.58848806e+04,1.08137229e+05
1.04000000e-01,1.88000000e-01,8.96587912e+03,-3.16035553e+04,1.08132278e+05
1.08000000e-01,1.88000000e-01,9.08385927e+03,-2.74570397e+04,1.07855458e+05
1.12000000e-01,1.88000000e-01,9.18553544e+03,-2.34567967e+04,1.07325824e+05
1.16000000e-01,1.88000000e-01,9.27151365e+03,-1.96123271e+04,1.06562767e+05
1.20000000e-01,1.88000000e-01,9.34243406e+03,-1.59312418e+04,1.05585782e+05
1.24000000e-01,1.88000000e-01,9.39896358e+03,-1.24193528e+04,1.04414265e+05
1.28000000e-01,1.88000000e-01,9.44178888e+03,-9.08078018e+03,1.03067333e+05
1.32000000e-01,1.88000000e-01,9.47160982e+03,-5.91807148e+03,1.01563656e+05
1.36000000e-01,1.88000000e-01,9.48913345e+03,-2.93232907e+03,9.99213266e+04
1.40000000e-01,1.88000000e-01,9.49506846e+03,-1.23343297e+02,9.81577396e+04
1.44000000e-01,1.88000000e-01,9.49012020e+03,2.51027207e+03,9.62895022e+04
1.48000000e-01,1.88000000e-01,9.47498628e+03,4.97094459e+03,9.43323605e+04
1.52000000e-01,1.88000000e-01,9.45035264e+03,7.26201033e+03,9.23011468e+04
1.56000000e-01,1.88000000e-01,9.41689020e+03,9.38758535e+03,9.02097442e+04
1.60000000e-01,1.88000000e-01,9.37525196e+03,1.13524430e+04,8.80710671e+04
1.64000000e-01,1.88000000e-01,9.32607065e+03,1.31618984e+04,8.58970562e+04
1.68000000e-01,1.88000000e-01,9.26995677e+03,1.48217006e+04,8.36986850e+04
1.72000000e-01,1.88000000e-01,9.20749705e+03,1.63379335e+04,8.14859768e+04
1.76000000e-01,1.88000000e-01,9.13925330e+03,1.77169253e+04,7.92680314e+04
1.80000000e-01,1.88000000e-01,9.06576165e+03,1.89651669e+04,7.70530569e+04
1.84000000e-01,1.88000000e-01,8.98753197e+03,2.00892397e+04,7.48484091e+04
1.88000000e-01,1.88000000e-01,8.90504773e+03,2.10957509e+04,7.26606336e+04
1.92000000e-01,1.88000000e-01,8.81876596e+03,2.19912784e+04,7.04955114e+04
1.96000000e-01,1.88000000e-01,8.72911750e+03,2.27823221e+04,6.83581063e+04
2.00000000e-01,1.88000000e-01,8.63650738e+03,nan,nan
-2.00000000e-01,1.92000000e-01,-8.37560455e+03,nan,nan
-1.96000000e-01,1.92000000e-01,-8.46007293e+03,2.07325826e+04,-6.61875889e+04
-1.92000000e-01,1.92000000e-01,-8.54146521e+03,1.99151361e+04,-6.81824383e+04
-1.88000000e-01,1.92000000e-01,-8.61939402e+03,1.89979449e+04,-7.01983556e+04
-1.84000000e-01,1.92000000e-01,-8.69344877e+03,1.79751741e+04,-7.22303045e+04
-1.80000000e-01,1.92000000e-01,-8.76319541e+03,1.68409550e+04,-7.42725895e+04
-1.76000000e-01,1.92000000e-01,-8.82817641e+03,1.55894314e+04,-7.63188169e+04
-1.72000000e-01,1.92000000e-01,-8.88791086e+03,1.42148124e+04,-7.83618572e+04
-1.68000000e-01,1.92000000e-01,-8.94189491e+03,1.27114335e+04,-8.03938114e+04
-1.64000000e-01,1.92000000e-01,-8.98960233e+03,1.10738236e+04,-8.24059816e+04
-1.60000000e-01,1.92000000e-01,-9.03048550e+03,9.29678071e+03,-8.43888465e+04
-1.56000000e-01,1.92000000e-01,-9.06397658e+03,7.37545436e+03,-8.63320447e+04
-1.52000000e-01,1.92000000e-01,-9.08948913e+03,5.30543579e+03,-8.82243651e+04
-1.48000000e-01,1.92000000e-01,-9.10642006e+03,3.08285466e+03,-9.00537484e+04
-1.44000000e-01,1.92000000e-01,-9.11415197e+03,7.04482157e+02,-9.18072982e+04
-1.40000000e-01,1.92000000e-01,-9.11205592e+03,-1.83216057e+03,-9.34713064e+04
-1.36000000e-01,1.92000000e-01,-9.09949468e+03,-4.52868972e+03,-9.50312918e+04
-1.32000000e-01,1.92000000e-01,-9.07582640e+03,-7.38574339e+03,-9.64720549e+04
-1.28000000e-01,1.92000000e-01,-9.04040874e+03,-1.04028650e+04,-9.77777491e+04
-1.24000000e-01,1.92000000e-01,-8.99260348e+03,-1.35783875e+04,-9.89319711e+04
-1.20000000e-01,1.92000000e-01,-8.93178164e+03,-1.69093212e+04,-9.99178687e+04
-1.16000000e-01,1.92000000e-01,-8.85732891e+03,-2.03912469e+04,-1.00718269e+05
-1.12000000e-01,1.92000000e-01,-8.76865166e+03,-2.40182180e+04,-1.01315825e+05
-1.08000000e-01,1.92000000e-01,-8.66518317e+03,-2.77826736e+04,-1.01693184e+05
-1.04000000e-01,1.92000000e-01,-8.54639027e+03,-3.16753670e+04,-1.01833170e+05
-1.00000000e-01,1.92000000e-01,-8.41178023e+03,-3.56853106e+04,-1.01718988e+05
-9.60000000e-02,1.92000000e-01,-8.26090779e+03,-3.97997428e+04,-1.01334435e+05
-9.20000000e-02,1.92000000e-01,-8.09338229e+03,-4.40041176e+04,-1.00664137e+05
-8.80000000e-02,1.92000000e-01,-7.90887485e+03,-4.82821203e+04,-9.96937787e+04
-8.40000000e-02,1.92000000e-01,-7.70712533e+03,-5.26157116e+04,-9.84103502e+04
-8.00000000e-02,1.92000000e-01,-7.48794915e+03,-5.69852020e+04,-9.68023908e+04
-7.60000000e-02,1.92000000e-01,-7.25124371e+03,-6.13693563e+04,-9.48602282e+04
-7.20000000e-02,1.92000000e-01,-6.99699430e+03,-6.57455304e+04,-9.25762110e+04
-6.80000000e-02,1.92000000e-01,-6.72527947e+03,-7.00898391e+04,-8.99449258e+04
-6.40000000e-02,1.92000000e-01,-6.43627559e+03,-7.43773531e+04,-8.69633970e+04
-6.00000000e-02,1.92000000e-01,-6.13026065e+03,-7.85823252e+04,-8.36312616e+04
-5.60000000e-02,1.92000000e-01,-5.80761699e+03,-8.26784413e+04,-7.99509153e+04
-5.20000000e-02,1.92000000e-01,-5.46883312e+03,-8.66390929e+04,-7.59276266e+04
-4.80000000e-02,1.92000000e-01,-5.11450425e+03,-9.04376686e+04,-7.15696125e+04
-4.40000000e-02,1.92000000e-01,-4.74533177e+03,-9.40478573e+04,-6.68880758e+04
-4.00000000e-02,1.92000000e-01,-4.36212139e+03,-9.74439605e+04,-6.18971994e+04
-3.60000000e-02,1.92000000e-01,-3.96578008e+03,-1.00601206e+05,-5.66140975e+04
-3.20000000e-02,1.92000000e-01,-3.55731174e+03,-1.03496062e+05,-5.10587227e+04
-2.80000000e-02,1.92000000e-01,-3.13781159e+03,-1.06106532e+05,-4.52537291e+04
-2.40000000e-02,1.92000000e-01,-2.70845948e+03,-1.08412454e+05,-3.92242945e+04
-2.00000000e-02,1.92000000e-01,-2.27051196e+03,-1.10395756e+05,-3.29979009e+04
-1.60000000e-02,1.92000000e-01,-1.82529343e+03,-1.12040711e+05,-2.66040803e+04
-1.20000000e-02,1.92000000e-01,-1.37418628e+03,-1.13334141e+05,-2.00741257e+04
-8.00000000e-03,1.92000000e-01,-9.18620302e+02,-1.14265604e+05,-1.34407748e+04
-4.00000000e-03,1.92000000e-01,-4.60061441e+02,-1.14827538e+05,-6.73786998e+03
0.00000000e+00,1.92000000e-01,0.00000000e+00,-1.15015360e+05,-0.00000000e+00
4.00000000e-03,1.92000000e-01,4.60061441e+02,-1.14827538e+05,6.73786998e+03
8.00000000e-03,1.92000000e-01,9.18620302e+02,-1.14265604e+05,1.34407748e+04
1.20000000e-02,1.92000000e-01,1.37418628e+03,-1.13334141e+05,2.00741257e+04
1.60000000e-02,1.92000000e-01,1.82529343e+03,-1.12040711e+05,2.66040803e+04
2.00000000e-02,1.92000000e-01,2.27051196e+03,-1.10395756e+05,3.29979009e+04
2.40000000e-02,1.92000000e-01,2.70845948e+03,-1.08412454e+05,3.92242945e+04
2.80000000e-02,1.92000000e-01,3.13781159e+03,-1.06106532e+05,4.52537291e+04
3.20000000e-02,1.92000000e-01,3.55731174e+03,-1.03496062e+05,5.10587227e+04
3.60000000e-02,1.92000000e-01,3.96578008e+03,-1.00601206e+05,5.66140975e+04
4.00000000e-02,1.92000000e-01,4.36212139e+03,-9.74439605e+04,6.18971994e+04
4.40000000e-02,1.92000000e-01,4.74533177e+03,-9.40478573e+04,6.68880758e+04
4.80000000e-02,1.92000000e-01,5.11450425e+03,-9.04376686e+04,7.15696125e+04
5.20000000e-02,1.92000000e-01,5.46883312e+03,-8.66390929e+04,7.59276266e+04
5.60000000e-02,1.92000000e-01,5.80761699e+03,-8.26784413e+04,7.99509153e+04
6.00000000e-02,1.92000000e-01,6.13026065e+03,-7.85823252e+04,8.36312616e+04
6.40000000e-02,1.92000000e-01,6.43627559e+03,-7.43773531e+04,8.69633970e+04
6.80000000e-02,1.92000000e-01,6.72527947e+03,-7.00898391e+04,8.99449258e+04
7.20000000e-02,1.92000000e-01,6.99699430e+03,-6.57455304e+04,9.25762110e+04
7.60000000e-02,1.92000000e-01,7.25124371e+03,-6.13693563e+04,9.48602282e+04
8.00000000e-02,1.92000000e-01,7.48794915e+03,-5.69852020e+04,9.68023908e+04
8.40000000e-02,1.92000000e-01,7.70712533e+03,-5.26157116e+04,9.84103502e+04
8.80000000e-02,1.92000000e-01,7.90887485e+03,-4.82821203e+04,9.96937787e+04
9.20000000e-02,1.92000000e-01,8.09338229e+03,-4.40041176e+04,1.00664137e+05
9.60000000e-02,1.92000000e-01,8.26090779e+03,-3.97997428e+04,1.01334435e+05
1.00000000e-01,1.92000000e-01,8.41178023e+03,-3.56853106e+04,1.01718988e+05
1.04000000e-01,1.92000000e-01,8.54639027e+03,-3.16753670e+04,1.01833170e+05
1.08000000e-01,1.92000000e-01,8.66518317e+03,-2.77826736e+04,1.01693184e+05
1.12000000e-01,1.92000000e-01,8.76865166e+03,-2.40182180e+04,1.01315825e+05
1.16000000e-01,1.92000000e-01,8.85732891e+03,-2.03912469e+04,1.00718269e+05
1.20000000e-01,1.92000000e-01,8.93178164e+03,-1.69093212e+04,9.99178687e+04
1.24000000e-01,1.92000000e-01,8.99260348e+03,-1.35783875e+04,9.89319711e+04
1.28000000e-01,1.92000000e-01,9.04040874e+03,-1.04028650e+04,9.77777491e+04
1.32000000e-01,1.92000000e-01,9.07582640e+03,-7.38574339e+03,9.64720549e+04
1.36000000e-01,1.92000000e-01,9.09949468e+03,-4.52868972e+03,9.50312918e+04
1.40000000e-01,1.92000000e-01,9.11205592e+03,-1.83216057e+03,9.34713064e+04
1.44000000e-01,1.92000000e-01,9.11415197e+03,7.04482157e+02,9.18072982e+04
1.48000000e-01,1.92000000e-01,9.10642006e+03,3.08285466e+03,9.00537484e+04
1.52000000e-01,1.92000000e-01,9.08948913e+03,5.30543579e+03,8.82243651e+04
1.56000000e-01,1.92000000e-01,9.06397658e+03,7.37545436e+03,8.63320447e+04
1.60000000e-01,1.92000000e-01,9.03048550e+03,9.29678071e+03,8.43888465e+04
1.64000000e-01,1.92000000e-01,8.98960233e+03,1.10738236e+04,8.24059816e+04
1.68000000e-01,1.92000000e-01,8.94189491e+03,1.27114335e+04,8.03938114e+04
1.72000000e-01,1.92000000e-01,8.88791086e+03,1.42148124e+04,7.83618572e+04
1.76000000e-01,1.92000000e-01,8.82817641e+03,1.55894314e+04,7.63188169e+04
1.80000000e-01,1.92000000e-01,8.76319541e+03,1.68409550e+04,7.42725895e+04
1.84000000e-01,1.92000000e-01,8.69344877e+03,1.79751741e+04,7.22303045e+04
1.88000000e-01,1.92000000e-01,8.61939402e+03,1.89979449e+04,7.01983556e+04
1.92000000e-01,1.92000000e-01,8.54146521e+03,1.99151361e+04,6.81824383e+04
1.96000000e-01,1.92000000e-01,8.46007293e+03,2.07325826e+04,6.61875889e+04
2.00000000e-01,1.92000000e-01,8.37560455e+03,nan,nan
-2.00000000e-01,1.96000000e-01,-8.12276158e+03,nan,nan
-1.96000000e-01,1.96000000e-01,-8.19961679e+03,1.88181090e+04,-6.40649887e+04
-1.92000000e-01,1.96000000e-01,-8.27330645e+03,1.79805116e+04,-6.59254484e+04
-1.88000000e-01,1.96000000e-01,-8.34346088e+03,1.70478848e+04,-6.78010850e+04
-1.84000000e-01,1.96000000e-01,-8.40968953e+03,1.60150058e+04,-6.96869276e+04
-1.80000000e-01,1.96000000e-01,-8.47158093e+03,1.48766545e+04,-7.15774015e+04
-1.76000000e-01,1.96000000e-01,-8.52870277e+03,1.36276576e+04,-7.34662956e+04
-1.72000000e-01,1.96000000e-01,-8.58060219e+03,1.22629390e+04,-7.53467327e+04
-1.68000000e-01,1.96000000e-01,-8.62680628e+03,1.07775762e+04,-7.72111429e+04
-1.64000000e-01,1.96000000e-01,-8.66682280e+03,9.16686329e+03,-7.90512417e+04
-1.60000000e-01,1.96000000e-01,-8.70014119e+03,7.42637993e+03,-8.08580130e+04
-1.56000000e-01,1.96000000e-01,-8.72623384e+03,5.55206675e+03,-8.26216994e+04
-1.52000000e-01,1.96000000e-01,-8.74455772e+03,3.54030664e+03,-8.43317993e+04
-1.48000000e-01,1.96000000e-01,-8.75455629e+03,1.38801153e+03,-8.59770736e+04
-1.44000000e-01,1.96000000e-01,-8.75566181e+03,-9.07285966e+02,-8.75455631e+04
-1.40000000e-01,1.96000000e-01,-8.74729801e+03,-3.34733693e+03,-8.90246161e+04
-1.36000000e-01,1.96000000e-01,-8.72888312e+03,-5.93307752e+03,-9.04009302e+04
-1.32000000e-01,1.96000000e-01,-8.69983339e+03,-8.66452880e+03,-9.16606069e+04
-1.28000000e-01,1.96000000e-01,-8.65956689e+03,-1.15406965e+04,-9.27892218e+04
-1.24000000e-01,1.96000000e-01,-8.60750781e+03,-1.45594723e+04,-9.37719097e+04
-1.20000000e-01,1.96000000e-01,-8.54309111e+03,-1.77175395e+04,-9.45934669e+04
-1.16000000e-01,1.96000000e-01,-8.46576750e+03,-2.10102835e+04,-9.52384689e+04
-1.12000000e-01,1.96000000e-01,-8.37500884e+03,-2.44317121e+04,-9.56914053e+04
-1.08000000e-01,1.96000000e-01,-8.27031380e+03,-2.79743851e+04,-9.59368306e+04
-1.04000000e-01,1.96000000e-01,-8.15121376e+03,-3.16293589e+04,-9.59595297e+04
-1.00000000e-01,1.96000000e-01,-8.01727893e+03,-3.53861455e+04,-9.57446973e+04
-9.60000000e-02,1.96000000e-01,-7.86812460e+03,-3.92326913e+04,-9.52781292e+04
-9.20000000e-02,1.96000000e-01,-7.70341740e+03,-4.31553755e+04,-9.45464229e+04
-8.80000000e-02,1.96000000e-01,-7.52288159e+03,-4.71390328e+04,-9.35371854e+04
-8.40000000e-02,1.96000000e-01,-7.32630514e+03,-5.11669987e+04,-9.22392435e+04
-8.00000000e-02,1.96000000e-01,-7.11354560e+03,-5.52211825e+04,-9.06428548e+04
-7.60000000e-02,1.96000000e-01,-6.88453568e+03,-5.92821656e+04,-8.87399137e+04
-7.20000000e-02,1.96000000e-01,-6.63928828e+03,-6.33293275e+04,-8.65241500e+04
-6.80000000e-02,1.96000000e-01,-6.37790106e+03,-6.73409974e+04,-8.39913135e+04
-6.40000000e-02,1.96000000e-01,-6.10056030e+03,-7.12946319e+04,-8.11393425e+04
-6.00000000e-02,1.96000000e-01,-5.80754400e+03,-7.51670156e+04,-7.79685106e+04
-5.60000000e-02,1.96000000e-01,-5.49922417e+03,-7.89344840e+04,-7.44815485e+04
-5.20000000e-02,1.96000000e-01,-5.17606813e+03,-8.25731631e+04,-7.06837367e+04
-4.80000000e-02,1.96000000e-01,-4.83863887e+03,-8.60592254e+04,-6.65829663e+04
-4.40000000e-02,1.96000000e-01,-4.48759433e+03,-8.93691554e+04,-6.21897655e+04
-4.00000000e-02,1.96000000e-01,-4.12368562e+03,-9.24800217e+04,-5.75172895e+04
-3.60000000e-02,1.96000000e-01,-3.74775415e+03,-9.53697514e+04,-5.25812734e+04
-3.20000000e-02,1.96000000e-01,-3.36072761e+03,-9.80174002e+04,-4.73999462e+04
-2.80000000e-02,1.96000000e-01,-2.96361495e+03,-1.00403416e+05,-4.19939089e+04
-2.40000000e-02,1.96000000e-01,-2.55750029e+03,-1.02509887e+05,-3.63859750e+04
-2.00000000e-02,1.96000000e-01,-2.14353585e+03,-1.04320778e+05,-3.06009776e+04
-1.60000000e-02,1.96000000e-01,-1.72293407e+03,-1.05822136e+05,-2.46655446e+04
-1.20000000e-02,1.96000000e-01,-1.29695877e+03,-1.07002282e+05,-1.86078453e+04
-8.00000000e-03,1.96000000e-01,-8.66915810e+02,-1.07851962e+05,-1.24573130e+04
-4.00000000e-03,1.96000000e-01,-4.34143069e+02,-1.08364476e+05,-6.24434715e+03
0.00000000e+00,1.96000000e-01,0.00000000e+00,-1.08535767e+05,-0.00000000e+00
4.00000000e-03,1.96000000e-01,4.34143069e+02,-1.08364476e+05,6.24434715e+03
8.00000000e-03,1.96000000e-01,8.66915810e+02,-1.07851962e+05,1.24573130e+04
1.20000000e-02,1.96000000e-01,1.29695877e+03,-1.07002282e+05,1.86078453e+04
1.60000000e-02,1.96000000e-01,1.72293407e+03,-1.05822136e+05,2.46655446e+04
2.00000000e-02,1.96000000e-01,2.14353585e+03,-1.04320778e+05,3.06009776e+04
2.40000000e-02,1.96000000e-01,2.55750029e+03,-1.02509887e+05,3.63859750e+04
2.80000000e-02,1.96000000e-01,2.96361495e+03,-1.00403416e+05,4.19939089e+04
3.20000000e-02,1.96000000e-01,3.36072761e+03,-9.80174002e+04,4.73999462e+04
3.60000000e-02,1.96000000e-01,3.74775415e+03,-9.53697514e+04,5.25812734e+04
4.00000000e-02,1.96000000e-01,4.12368562e+03,-9.24800217e+04,5.75172895e+04
4.40000000e-02,1.96000000e-01,4.48759433e+03,-8.93691554e+04,6.21897655e+04
4.80000000e-02,1.96000000e-01,4.83863887e+03,-8.60592254e+04,6.65829663e+04
5.20000000e-02,1.96000000e-01,5.17606813e+03,-8.25731631e+04,7.06837367e+04
5.60000000e-02,1.96000000e-01,5.49922417e+03,-7.89344840e+04,7.44815485e+04
6.00000000e-02,1.96000000e-01,5.80754400e+03,-7.51670156e+04,7.79685106e+04
6.40000000e-02,1.96000000e-01,6.10056030e+03,-7.12946319e+04,8.11393425e+04
6.80000000e-02,1.96000000e-01,6.37790106e+03,-6.73409974e+04,8.39913135e+04
7.20000000e-02,1.96000000e-01,6.63928828e+03,-6.33293275e+04,8.65241500e+04
7.60000000e-02,1.96000000e-01,6.88453568e+03,-5.92821656e+04,8.87399137e+04
8.00000000e-02,1.96000000e-01,7.11354560e+03,-5.52211825e+04,9.06428548e+04
8.40000000e-02,1.96000000e-01,7.32630514e+03,-5.11669987e+04,9.22392435e+04
8.80000000e-02,1.96000000e-01,7.52288159e+03,-4.71390328e+04,9.35371854e+04
9.20000000e-02,1.96000000e-01,7.70341740e+03,-4.31553755e+04,9.45464229e+04
9.60000000e-02,1.96000000e-01,7.86812460e+03,-3.92326913e+04,9.52781292e+04
1.00000000e-01,1.96000000e-01,8.01727893e+03,-3.53861455e+04,9.57446973e+04
1.04000000e-01,1.96000000e-01,8.15121376e+03,-3.16293589e+04,9.59595297e+04
1.08000000e-01,1.96000000e-01,8.27031380e+03,-2.79743851e+04,9.59368306e+04
1.12000000e-01,1.96000000e-01,8.37500884e+03,-2.44317121e+04,9.56914053e+04
1.16000000e-01,1.96000000e-01,8.46576750e+03,-2.10102835e+04,9.52384689e+04
1.20000000e-01,1.96000000e-01,8.54309111e+03,-1.77175395e+04,9.45934669e+04
1.24000000e-01,1.96000000e-01,8.60750781e+03,-1.45594723e+04,9.37719097e+04
1.28000000e-01,1.96000000e-01,8.65956689e+03,-1.15406965e+04,9.27892218e+04
1.32000000e-01,1.96000000e-01,8.69983339e+03,-8.66452880e+03,9.16606069e+04
1.36000000e-01,1.96000000e-01,8.72888312e+03,-5.93307752e+03,9.04009302e+04
1.40000000e-01,1.96000000e-01,8.74729801e+03,-3.34733693e+03,8.90246161e+04
1.44000000e-01,1.96000000e-01,8.75566181e+03,-9.07285966e+02,8.75455631e+04
1.48000000e-01,1.96000000e-01,8.75455629e+03,1.38801153e+03,8.59770736e+04
1.52000000e-01,1.96000000e-01,8.74455772e+03,3.54030664e+03,8.43317993e+04
1.56000000e-01,1.96000000e-01,8.72623384e+03,5.55206675e+03,8.26216994e+04
1.60000000e-01,1.96000000e-01,8.70014119e+03,7.42637993e+03,8.08580130e+04
1.64000000e-01,1.96000000e-01,8.66682280e+03,9.16686329e+03,7.90512417e+04
1.68000000e-01,1.96000000e-01,8.62680628e+03,1.07775762e+04,7.72111429e+04
1.72000000e-01,1.96000000e-01,8.58060219e+03,1.22629390e+04,7.53467327e+04
1.76000000e-01,1.96000000e-01,8.52870277e+03,1.36276576e+04,7.34662956e+04
1.80000000e-01,1.96000000e-01,8.47158093e+03,1.48766545e+04,7.15774015e+04
1.84000000e-01,1.96000000e-01,8.40968953e+03,1.60150058e+04,6.96869276e+04
1.88000000e-01,1.96000000e-01,8.34346088e+03,1.70478848e+04,6.78010850e+04
1.92000000e-01,1.96000000e-01,8.27330645e+03,1.79805116e+04,6.59254484e+04
1.96000000e-01,1.96000000e-01,8.19961679e+03,1.88181090e+04,6.40649887e+04
2.00000000e-01,1.96000000e-01,8.12276158e+03,nan,nan
-2.00000000e-01,2.00000000e-01,-7.87781169e+03,nan,nan
-1.96000000e-01,2.00000000e-01,-7.94755302e+03,nan,nan
-1.92000000e-01,2.00000000e-01,-8.01406162e+03,nan,nan
-1.88000000e-01,2.00000000e-01,-8.07698534e+03,nan,nan
-1.84000000e-01,2.00000000e-01,-8.13595335e+03,nan,nan
-1.80000000e-01,2.00000000e-01,-8.19057620e+03,nan,nan
-1.76000000e-01,2.00000000e-01,-8.24044604e+03,nan,nan
-1.72000000e-01,2.00000000e-01,-8.28513700e+03,nan,nan
-1.68000000e-01,2.00000000e-01,-8.32420576e+03,nan,nan
-1.64000000e-01,2.00000000e-01,-8.35719240e+03,nan,nan
-1.60000000e-01,2.00000000e-01,-8.38362139e+03,nan,nan
-1.56000000e-01,2.00000000e-01,-8.40300298e+03,nan,nan
-1.52000000e-01,2.00000000e-01,-8.41483474e+03,nan,nan
-1.48000000e-01,2.00000000e-01,-8.41860347e+03,nan,nan
-1.44000000e-01,2.00000000e-01,-8.41378746e+03,nan,nan
-1.40000000e-01,2.00000000e-01,-8.39985899e+03,nan,nan
-1.36000000e-01,2.00000000e-01,-8.37628724e+03,nan,nan
-1.32000000e-01,2.00000000e-01,-8.34254155e+03,nan,nan
-1.28000000e-01,2.00000000e-01,-8.29809496e+03,nan,nan
-1.24000000e-01,2.00000000e-01,-8.24242820e+03,nan,nan
-1.20000000e-01,2.00000000e-01,-8.17503390e+03,nan,nan
-1.16000000e-01,2.00000000e-01,-8.09542116e+03,nan,nan
-1.12000000e-01,2.00000000e-01,-8.00312042e+03,nan,nan
-1.08000000e-01,2.00000000e-01,-7.89768852e+03,nan,nan
-1.04000000e-01,2.00000000e-01,-7.77871404e+03,nan,nan
-1.00000000e-01,2.00000000e-01,-7.64582266e+03,nan,nan
-9.60000000e-02,2.00000000e-01,-7.49868276e+03,nan,nan
-9.20000000e-02,2.00000000e-01,-7.33701091e+03,nan,nan
-8.80000000e-02,2.00000000e-01,-7.16057736e+03,nan,nan
-8.40000000e-02,2.00000000e-01,-6.96921138e+03,nan,nan
-8.00000000e-02,2.00000000e-01,-6.76280632e+03,nan,nan
-7.60000000e-02,2.00000000e-01,-6.54132440e+03,nan,nan
-7.20000000e-02,2.00000000e-01,-6.30480110e+03,nan,nan
-6.80000000e-02,2.00000000e-01,-6.05334896e+03,nan,nan
-6.40000000e-02,2.00000000e-01,-5.78716085e+03,nan,nan
-6.00000000e-02,2.00000000e-01,-5.50651256e+03,nan,nan
-5.60000000e-02,2.00000000e-01,-5.21176460e+03,nan,nan
-5.20000000e-02,2.00000000e-01,-4.90336322e+03,nan,nan
-4.80000000e-02,2.00000000e-01,-4.58184052e+03,nan,nan
-4.40000000e-02,2.00000000e-01,-4.24781364e+03,nan,nan
-4.00000000e-02,2.00000000e-01,-3.90198307e+03,nan,nan
-3.60000000e-02,2.00000000e-01,-3.54512990e+03,nan,nan
-3.20000000e-02,2.00000000e-01,-3.17811217e+03,nan,nan
-2.80000000e-02,2.00000000e-01,-2.80186032e+03,nan,nan
-2.40000000e-02,2.00000000e-01,-2.41737168e+03,nan,nan
-2.00000000e-02,2.00000000e-01,-2.02570414e+03,nan,nan
-1.60000000e-02,2.00000000e-01,-1.62796907e+03,nan,nan
-1.20000000e-02,2.00000000e-01,-1.22532351e+03,nan,nan
-8.00000000e-03,2.00000000e-01,-8.18961799e+02,nan,nan
-4.00000000e-03,2.00000000e-01,-4.10106664e+02,nan,nan
0.00000000e+00,2.00000000e-01,0.00000000e+00,nan,nan
4.00000000e-03,2.00000000e-01,4.10106664e+02,nan,nan
8.00000000e-03,2.00000000e-01,8.18961799e+02,nan,nan
1.20000000e-02,2.00000000e-01,1.22532351e+03,nan,nan
1.60000000e-02,2.00000000e-01,1.62796907e+03,nan,nan
2.00000000e-02,2.00000000e-01,2.02570414e+03,nan,nan
2.40000000e-02,2.00000000e-01,2.41737168e+03,nan,nan
2.80000000e-02,2.00000000e-01,2.80186032e+03,nan,nan
3.20000000e-02,2.00000000e-01,3.17811217e+03,nan,nan
3.60000000e-02,2.00000000e-01,3.54512990e+03,nan,nan
4.00000000e-02,2.00000000e-01,3.90198307e+03,nan,nan
4.40000000e-02,2.00000000e-01,4.24781364e+03,nan,nan
4.80000000e-02,2.00000000e-01,4.58184052e+03,nan,nan
5.20000000e-02,2.00000000e-01,4.90336322e+03,nan,nan
5.60000000e-02,2.00000000e-01,5.21176460e+03,nan,nan
6.00000000e-02,2.00000000e-01,5.50651256e+03,nan,nan
6.40000000e-02,2.00000000e-01,5.78716085e+03,nan,nan
6.80000000e-02,2.00000000e-01,6.05334896e+03,nan,nan
7.20000000e-02,2.00000000e-01,6.30480110e+03,nan,nan
7.60000000e-02,2.00000000e-01,6.54132440e+03,nan,nan
8.00000000e-02,2.00000000e-01,6.76280632e+03,nan,nan
8.40000000e-02,2.00000000e-01,6.96921138e+03,nan,nan
8.80000000e-02,2.00000000e-01,7.16057736e+03,nan,nan
9.20000000e-02,2.00000000e-01,7.33701091e+03,nan,nan
9.60000000e-02,2.00000000e-01,7.49868276e+03,nan,nan
1.00000000e-01,2.00000000e-01,7.64582266e+03,nan,nan
1.04000000e-01,2.00000000e-01,7.77871404e+03,nan,nan
1.08000000e-01,2.00000000e-01,7.89768852e+03,nan,nan
1.12000000e-01,2.00000000e-01,8.00312042e+03,nan,nan
1.16000000e-01,2.00000000e-01,8.09542116e+03,nan,nan
1.20000000e-01,2.00000000e-01,8.17503390e+03,nan,nan
1.24000000e-01,2.00000000e-01,8.24242820e+03,nan,nan
1.28000000e-01,2.00000000e-01,8.29809496e+03,nan,nan
1.32000000e-01,2.00000000e-01,8.34254155e+03,nan,nan
1.36000000e-01,2.00000000e-01,8.37628724e+03,nan,nan
1.40000000e-01,2.00000000e-01,8.39985899e+03,nan,nan
1.44000000e-01,2.00000000e-01,8.41378746e+03,nan,nan
1.48000000e-01,2.00000000e-01,8.41860347e+03,nan,nan
1.52000000e-01,2.00000000e-01,8.41483474e+03,nan,nan
1.56000000e-01,2.00000000e-01,8.40300298e+03,nan,nan
1.60000000e-01,2.00000000e-01,8.38362139e+03,nan,nan
1.64000000e-01,2.00000000e-01,8.35719240e+03,nan,nan
1.68000000e-01,2.00000000e-01,8.32420576e+03,nan,nan
1.72000000e-01,2.00000000e-01,8.28513700e+03,nan,nan
1.76000000e-01,2.00000000e-01,8.24044604e+03,nan,nan
1.80000000e-01,2.00000000e-01,8.19057620e+03,nan,nan
1.84000000e-01,2.00000000e-01,8.13595335e+03,nan,nan
1.88000000e-01,2.00000000e-01,8.07698534e+03,nan,nan
1.92000000e-01,2.00000000e-01,8.01406162e+03,nan,nan
1.96000000e-01,2.00000000e-01,7.94755302e+03,nan,nan
2.00000000e-01,2.00000000e-01,7.87781169e+03,nan,nan
